0	index-route-0	skip	5417.70	token lambda delta
1	kappa-socket-1	warn	953.91	worker route sigma beta route
2	zeta-sigma-2	fail	9642.08	token render alpha
3	alpha-gamma-3	skip	2837.92	zeta queue token token
4	alpha-token-4	fail	374.85	zeta index gamma beta
5	render-sigma-5	skip	7665.39	delta sigma
6	parser-gamma-6	fail	5724.40	socket parser sigma route
7	epsilon-queue-7	warn	8651.83	kappa gamma render delta delta
8	token-kappa-8	ok	2969.04	token sigma alpha token
9	parser-worker-9	fail	4039.02	omega sigma zeta
10	omega-cache-10	warn	3170.07	render epsilon route
11	kappa-index-11	ok	6692.59	epsilon alpha
12	queue-parser-12	warn	5496.82	socket cache index kappa omega
13	socket-route-13	warn	4801.46	socket index delta socket
14	render-parser-14	ok	9535.28	lambda token delta socket queue
15	beta-kappa-15	fail	1258.62	parser index omega alpha cache
16	delta-theta-16	warn	7464.01	epsilon omega queue epsilon
17	beta-sigma-17	ok	9551.83	omega lambda zeta
18	beta-theta-18	skip	1021.05	socket render
19	socket-zeta-19	fail	4775.38	delta queue kappa
20	sigma-token-20	warn	9885.53	cache worker
21	route-token-21	warn	264.69	token sigma alpha sigma stream
22	sigma-queue-22	fail	2584.00	token zeta
23	route-zeta-23	fail	9844.16	parser omega worker queue
24	stream-alpha-24	skip	5830.91	beta zeta
25	worker-parser-25	skip	1714.97	token cache worker
26	worker-socket-26	warn	1235.82	render omega epsilon sigma delta
27	cache-socket-27	fail	3181.87	cache sigma route
28	gamma-lambda-28	warn	388.87	sigma lambda theta index render
29	beta-epsilon-29	ok	7105.83	omega index sigma worker token
30	zeta-beta-30	ok	1701.74	token sigma
31	queue-epsilon-31	warn	1812.82	parser token socket theta socket
32	kappa-stream-32	warn	4653.57	stream token token gamma
33	epsilon-sigma-33	fail	7195.59	gamma render route theta
34	epsilon-queue-34	skip	8159.51	theta sigma
35	beta-route-35	fail	3363.31	gamma alpha
36	kappa-cache-36	ok	6096.80	epsilon alpha worker
37	queue-render-37	warn	3921.06	alpha route index
38	epsilon-kappa-38	warn	8721.93	alpha alpha index zeta alpha
39	route-theta-39	skip	1302.86	gamma theta
40	route-route-40	skip	6874.56	sigma cache gamma
41	zeta-zeta-41	warn	4981.38	parser sigma token theta
42	worker-route-42	warn	8814.09	beta kappa
43	stream-epsilon-43	fail	8096.09	sigma beta
44	kappa-cache-44	ok	437.51	omega epsilon queue socket token
45	cache-lambda-45	fail	5006.45	beta parser render parser
46	route-render-46	warn	9251.01	token render render
47	omega-omega-47	ok	3114.60	theta route theta parser queue
48	render-lambda-48	skip	1577.41	gamma alpha lambda
49	delta-beta-49	fail	9568.83	worker queue sigma
50	token-token-50	ok	7470.24	lambda alpha route
51	gamma-parser-51	skip	2436.82	omega kappa lambda omega cache
52	parser-worker-52	ok	1801.00	cache cache lambda theta epsilon
53	alpha-epsilon-53	skip	9594.86	stream render kappa render epsilon
54	theta-omega-54	skip	2077.21	zeta cache
55	beta-token-55	skip	5072.67	zeta zeta
56	render-epsilon-56	ok	4839.94	token omega
57	kappa-parser-57	fail	1783.04	render alpha token
58	token-beta-58	skip	2136.87	cache cache stream
59	route-alpha-59	skip	6422.67	parser delta
60	theta-route-60	warn	3924.27	worker kappa alpha
61	kappa-route-61	warn	4266.48	route gamma theta token worker
62	omega-beta-62	ok	6315.17	kappa gamma kappa route kappa
63	alpha-queue-63	fail	7993.13	token token worker theta theta
64	delta-omega-64	fail	8705.11	render kappa queue
65	queue-theta-65	warn	247.09	gamma route gamma
66	kappa-socket-66	skip	6745.29	socket token zeta render delta
67	socket-cache-67	ok	9048.66	parser beta render worker cache
68	route-delta-68	fail	7969.08	cache stream
69	omega-lambda-69	skip	8752.20	epsilon omega lambda socket render
70	gamma-socket-70	warn	7962.04	index delta index socket beta
71	sigma-zeta-71	skip	2687.05	kappa queue queue lambda
72	sigma-parser-72	ok	346.43	sigma epsilon
73	socket-token-73	skip	3352.61	route token lambda epsilon
74	stream-beta-74	skip	1410.79	zeta token
75	beta-queue-75	ok	1360.53	index alpha queue kappa delta
76	alpha-delta-76	ok	1029.34	epsilon token
77	theta-theta-77	skip	187.02	sigma beta lambda
78	lambda-epsilon-78	warn	8124.29	parser delta lambda
79	stream-cache-79	fail	6416.34	parser omega lambda
80	zeta-beta-80	warn	7865.69	beta stream stream
81	token-render-81	fail	8663.58	queue lambda stream
82	socket-beta-82	ok	1864.83	alpha omega socket delta
83	kappa-kappa-83	ok	9010.16	delta gamma epsilon beta
84	cache-epsilon-84	ok	8448.28	epsilon token queue theta
85	epsilon-kappa-85	skip	9767.67	parser index worker
86	token-stream-86	skip	3715.29	alpha epsilon
87	worker-sigma-87	fail	5305.79	beta render
88	stream-epsilon-88	warn	8894.69	token zeta
89	lambda-beta-89	warn	9912.80	render socket delta route index
90	kappa-worker-90	warn	6698.94	socket omega zeta render parser
91	lambda-theta-91	warn	3275.58	alpha cache
92	socket-worker-92	ok	6564.14	alpha worker stream gamma
93	gamma-kappa-93	ok	8598.37	stream route queue route parser
94	omega-parser-94	warn	2432.15	queue worker stream delta parser
95	token-beta-95	ok	5692.83	lambda zeta stream kappa
96	zeta-stream-96	skip	4940.92	alpha sigma stream
97	beta-theta-97	fail	7254.76	stream stream zeta zeta zeta
98	cache-theta-98	ok	3575.13	render route
99	epsilon-epsilon-99	fail	8875.78	beta render kappa delta
100	socket-index-100	ok	7686.83	kappa queue queue alpha lambda
101	worker-route-101	skip	6660.82	kappa route lambda worker
102	lambda-socket-102	skip	5412.15	render queue
103	queue-queue-103	warn	9309.80	epsilon gamma
104	theta-parser-104	ok	2255.41	sigma queue parser beta
105	worker-delta-105	fail	1010.68	delta worker
106	lambda-theta-106	skip	524.35	gamma delta
107	delta-render-107	skip	1666.34	socket token worker
108	render-queue-108	warn	4708.55	kappa lambda theta kappa cache
109	worker-queue-109	ok	3970.41	gamma omega
110	queue-sigma-110	fail	7093.57	epsilon kappa epsilon stream socket
111	omega-zeta-111	skip	7128.00	stream worker
112	route-lambda-112	fail	3696.93	omega epsilon
113	cache-sigma-113	fail	4000.87	delta cache parser socket delta
114	kappa-render-114	skip	1748.59	omega epsilon
115	lambda-cache-115	skip	5124.67	beta parser delta gamma theta
116	worker-stream-116	fail	6898.89	parser zeta route stream
117	delta-token-117	fail	4766.62	omega worker alpha omega
118	alpha-cache-118	ok	5756.63	stream delta
119	lambda-sigma-119	skip	7164.65	theta render
120	index-stream-120	fail	8155.13	theta cache cache zeta kappa
121	zeta-stream-121	warn	4672.24	route socket
122	parser-lambda-122	skip	8743.46	beta zeta socket
123	beta-gamma-123	warn	1009.84	kappa stream
124	zeta-alpha-124	skip	1115.81	sigma worker worker
125	kappa-beta-125	skip	3057.41	delta token
126	gamma-stream-126	warn	6971.38	zeta lambda beta
127	delta-epsilon-127	fail	23.36	sigma delta worker
128	render-epsilon-128	skip	3044.01	route theta sigma omega route
129	epsilon-socket-129	ok	7678.64	route route kappa
130	parser-render-130	skip	6390.01	render beta
131	gamma-theta-131	warn	8292.29	delta socket sigma queue
132	gamma-stream-132	ok	3660.84	token delta delta zeta
133	worker-delta-133	warn	5155.46	omega worker
134	gamma-queue-134	skip	6042.32	parser index lambda epsilon
135	kappa-index-135	skip	5785.31	omega theta socket gamma
136	token-worker-136	fail	9969.81	delta theta queue worker
137	index-beta-137	warn	4619.06	gamma lambda lambda
138	lambda-token-138	skip	4833.38	socket route lambda
139	stream-delta-139	skip	6875.23	stream index index
140	queue-cache-140	warn	8832.38	epsilon kappa queue token
141	queue-cache-141	fail	439.80	parser delta kappa worker
142	kappa-route-142	warn	8804.04	socket epsilon kappa
143	sigma-lambda-143	fail	6755.22	delta epsilon
144	socket-socket-144	fail	7231.67	worker socket gamma
145	index-zeta-145	ok	8353.92	queue cache kappa zeta alpha
146	omega-gamma-146	ok	7088.51	worker zeta epsilon
147	render-zeta-147	skip	3737.56	route delta epsilon parser
148	queue-stream-148	skip	1536.15	theta stream omega
149	render-render-149	fail	2767.57	worker omega
150	stream-omega-150	skip	4677.15	epsilon sigma socket stream parser
151	gamma-token-151	fail	315.37	gamma cache route
152	lambda-zeta-152	skip	2391.80	delta socket beta
153	theta-queue-153	fail	6975.42	theta worker render
154	omega-parser-154	fail	3252.47	cache route queue
155	theta-token-155	skip	2942.30	omega lambda alpha cache parser
156	delta-epsilon-156	ok	616.02	zeta delta cache token
157	cache-token-157	warn	1278.10	token socket socket beta
158	lambda-delta-158	warn	3411.34	queue theta socket
159	token-epsilon-159	skip	1379.27	gamma kappa parser beta kappa
160	theta-kappa-160	warn	4591.77	epsilon token cache
161	socket-socket-161	fail	9980.13	stream cache worker
162	cache-cache-162	warn	8112.20	stream zeta
163	sigma-parser-163	ok	5707.83	index socket route alpha
164	epsilon-delta-164	skip	1655.58	route parser
165	epsilon-gamma-165	skip	7704.78	route token omega zeta omega
166	index-zeta-166	fail	5848.53	kappa lambda delta beta sigma
167	token-gamma-167	ok	8099.95	index index worker zeta
168	route-token-168	fail	9775.86	alpha render socket
169	epsilon-render-169	fail	9505.56	render kappa
170	queue-omega-170	skip	700.07	kappa render sigma
171	cache-kappa-171	skip	8994.36	gamma cache queue alpha gamma
172	delta-sigma-172	skip	1951.23	route gamma delta
173	epsilon-kappa-173	skip	6871.46	parser epsilon stream delta
174	cache-theta-174	ok	3249.78	index sigma epsilon
175	delta-beta-175	fail	4008.70	queue queue
176	zeta-cache-176	fail	472.16	token omega omega lambda
177	render-stream-177	ok	9529.40	theta beta cache
178	lambda-theta-178	warn	3321.54	stream theta zeta beta
179	alpha-token-179	fail	6278.75	epsilon alpha delta omega theta
180	token-index-180	warn	9847.82	render beta
181	queue-parser-181	ok	468.51	delta queue queue zeta
182	queue-delta-182	ok	3105.88	parser index
183	worker-zeta-183	skip	3331.32	route stream route
184	index-index-184	skip	3783.40	render beta queue
185	lambda-index-185	fail	2600.96	cache theta
186	stream-zeta-186	fail	7280.62	alpha sigma queue token
187	kappa-cache-187	skip	7613.80	kappa theta worker
188	index-sigma-188	ok	2333.52	lambda queue delta stream parser
189	gamma-socket-189	fail	8705.88	gamma sigma index
190	beta-theta-190	ok	9143.37	sigma queue lambda queue token
191	render-socket-191	warn	5534.83	theta kappa
192	route-parser-192	fail	3484.19	route kappa theta token
193	zeta-worker-193	fail	7708.00	route lambda index gamma stream
194	queue-worker-194	warn	2657.82	theta stream gamma
195	lambda-delta-195	fail	7720.92	stream epsilon
196	queue-kappa-196	ok	8650.86	theta stream token delta gamma
197	beta-worker-197	skip	7674.98	token kappa parser route
198	parser-socket-198	ok	3580.74	socket render parser
199	worker-render-199	ok	5010.77	omega kappa
200	epsilon-zeta-200	skip	1199.26	kappa lambda kappa stream gamma
201	cache-cache-201	warn	9593.03	socket stream
202	epsilon-queue-202	ok	3784.62	stream alpha render index
203	theta-cache-203	fail	8344.08	token epsilon stream sigma index
204	lambda-kappa-204	skip	3006.44	index token stream delta
205	index-route-205	fail	6865.82	alpha socket
206	sigma-beta-206	warn	5584.88	cache cache
207	gamma-lambda-207	skip	243.96	token token
208	socket-alpha-208	skip	8014.73	render worker render
209	route-zeta-209	warn	1456.86	socket lambda socket socket
210	index-queue-210	skip	1950.02	theta epsilon token sigma stream
211	delta-gamma-211	warn	2424.09	render token alpha worker theta
212	gamma-zeta-212	fail	3569.36	lambda token lambda parser delta
213	kappa-epsilon-213	ok	958.56	kappa sigma route
214	omega-index-214	ok	8755.98	lambda zeta stream
215	render-cache-215	ok	8901.20	sigma token stream render
216	delta-queue-216	skip	2588.06	delta socket theta
217	lambda-delta-217	skip	6984.69	omega stream cache token
218	parser-parser-218	skip	2505.62	lambda gamma cache
219	render-lambda-219	ok	8011.11	worker alpha token kappa
220	sigma-sigma-220	warn	3379.16	sigma beta epsilon index
221	socket-alpha-221	skip	4368.79	epsilon sigma cache lambda
222	theta-theta-222	warn	6425.63	route socket stream epsilon
223	alpha-alpha-223	ok	6330.31	omega kappa
224	stream-omega-224	skip	6576.18	route gamma theta cache
225	omega-alpha-225	ok	8258.17	cache render token route parser
226	stream-sigma-226	ok	9982.98	sigma cache
227	epsilon-token-227	warn	993.13	cache beta token stream omega
228	omega-beta-228	ok	3863.89	omega socket route zeta render
229	lambda-route-229	skip	1405.65	epsilon delta parser
230	render-epsilon-230	ok	3142.01	queue beta theta token
231	parser-gamma-231	fail	599.68	index stream delta cache
232	gamma-gamma-232	ok	4259.44	render lambda worker render
233	queue-beta-233	skip	1776.93	alpha render route zeta epsilon
234	theta-parser-234	warn	826.60	cache socket queue lambda socket
235	parser-lambda-235	warn	2142.26	kappa gamma
236	beta-beta-236	skip	7028.02	delta kappa
237	parser-omega-237	skip	5598.50	delta theta kappa queue delta
238	theta-sigma-238	fail	2426.82	omega omega alpha omega token
239	route-index-239	skip	6634.38	parser alpha
240	delta-lambda-240	fail	6896.45	epsilon socket
241	worker-zeta-241	warn	1911.87	parser theta
242	lambda-zeta-242	fail	1693.26	token render render
243	lambda-epsilon-243	skip	8588.59	socket socket beta zeta lambda
244	kappa-kappa-244	skip	5331.78	token stream epsilon kappa theta
245	token-cache-245	fail	780.27	route stream
246	epsilon-theta-246	fail	1000.56	render render
247	delta-lambda-247	warn	9573.72	token token zeta
248	stream-kappa-248	warn	2949.62	stream zeta zeta
249	omega-worker-249	ok	5441.48	alpha route worker cache index
250	token-delta-250	fail	1658.25	stream worker
251	parser-epsilon-251	warn	3083.22	sigma lambda theta
252	route-zeta-252	skip	4930.31	delta gamma route
253	theta-epsilon-253	fail	1235.21	theta socket index
254	gamma-worker-254	fail	5389.34	kappa route
255	lambda-epsilon-255	warn	481.03	route render
256	delta-alpha-256	ok	5706.62	theta token
257	sigma-sigma-257	ok	6680.06	index kappa socket
258	index-route-258	skip	1865.98	socket omega epsilon render socket
259	sigma-epsilon-259	warn	7205.63	worker route parser gamma
260	index-render-260	skip	238.59	beta worker worker gamma delta
261	gamma-zeta-261	fail	971.86	omega sigma epsilon alpha omega
262	route-socket-262	skip	9700.29	kappa epsilon epsilon stream
263	stream-index-263	warn	5613.95	render beta worker
264	zeta-kappa-264	ok	8381.93	socket sigma queue worker delta
265	parser-stream-265	fail	4237.83	gamma epsilon
266	gamma-gamma-266	warn	4793.71	theta cache omega parser queue
267	zeta-socket-267	warn	5821.68	index alpha route
268	queue-zeta-268	warn	6428.82	parser theta sigma socket queue
269	worker-socket-269	skip	8846.73	alpha theta cache gamma token
270	cache-cache-270	warn	1478.18	omega sigma worker zeta route
271	delta-cache-271	fail	1536.94	cache theta
272	index-render-272	ok	5020.14	beta parser beta cache omega
273	parser-sigma-273	skip	6046.71	theta socket
274	cache-epsilon-274	skip	5043.09	sigma index cache gamma beta
275	beta-sigma-275	warn	7813.79	token zeta parser render theta
276	cache-sigma-276	warn	4360.02	cache worker index
277	stream-delta-277	warn	4649.88	gamma token
278	route-kappa-278	warn	9961.28	epsilon zeta worker epsilon
279	queue-zeta-279	fail	4693.47	sigma route stream parser
280	gamma-route-280	warn	2970.20	index delta sigma beta
281	gamma-queue-281	skip	1043.45	alpha kappa
282	lambda-render-282	ok	3209.49	queue cache omega index kappa
283	delta-cache-283	warn	6428.07	theta stream index parser socket
284	index-cache-284	ok	7891.34	index stream
285	index-token-285	skip	6168.15	kappa alpha omega
286	stream-worker-286	warn	6886.32	omega gamma
287	worker-sigma-287	fail	2844.34	kappa beta
288	route-epsilon-288	fail	6483.53	delta render index
289	cache-worker-289	warn	62.85	theta index stream
290	cache-worker-290	warn	9320.15	cache sigma
291	worker-parser-291	ok	9807.30	socket theta
292	queue-beta-292	warn	9384.28	beta cache delta
293	omega-render-293	skip	3148.95	token omega kappa route
294	parser-zeta-294	fail	5043.91	zeta beta
295	sigma-socket-295	fail	2974.48	token render queue
296	stream-epsilon-296	warn	2413.72	lambda socket lambda beta
297	token-token-297	ok	1439.25	alpha lambda zeta theta delta
298	parser-render-298	fail	7478.34	queue gamma
299	route-index-299	warn	2866.92	queue kappa delta
300	stream-parser-300	skip	2407.03	render delta cache queue
301	kappa-epsilon-301	fail	3939.96	kappa beta
302	epsilon-zeta-302	warn	4314.55	socket omega
303	alpha-zeta-303	skip	6256.71	delta epsilon
304	beta-token-304	skip	6047.56	epsilon beta stream
305	theta-delta-305	warn	2807.42	delta cache index
306	sigma-render-306	warn	8114.23	index render kappa
307	alpha-kappa-307	warn	7752.38	socket route kappa route alpha
308	epsilon-cache-308	ok	7879.71	sigma delta
309	theta-omega-309	skip	582.68	theta queue alpha beta
310	beta-zeta-310	fail	4880.16	theta gamma omega delta
311	render-route-311	warn	5393.24	socket epsilon zeta
312	delta-index-312	fail	7756.07	zeta cache
313	socket-route-313	warn	7858.19	parser kappa zeta queue
314	queue-index-314	ok	8498.69	index token kappa queue render
315	cache-epsilon-315	fail	3327.83	delta parser route
316	render-stream-316	ok	8164.51	sigma route stream beta
317	stream-parser-317	fail	854.79	render stream lambda
318	route-stream-318	fail	9168.04	cache epsilon cache
319	socket-epsilon-319	skip	5927.58	socket parser epsilon
320	zeta-queue-320	fail	472.26	epsilon index socket
321	delta-sigma-321	skip	9699.22	epsilon delta
322	beta-zeta-322	fail	4558.71	beta alpha
323	theta-lambda-323	warn	9629.43	sigma parser epsilon index
324	socket-omega-324	ok	4230.87	theta omega
325	delta-parser-325	fail	6191.77	socket sigma epsilon
326	parser-sigma-326	fail	550.39	gamma lambda gamma token kappa
327	socket-epsilon-327	ok	3451.12	zeta socket sigma sigma alpha
328	cache-zeta-328	skip	1818.06	beta queue stream socket
329	index-index-329	fail	1638.99	alpha alpha
330	cache-theta-330	ok	8907.02	epsilon beta
331	index-queue-331	skip	3490.66	zeta omega
332	socket-zeta-332	ok	3894.40	theta render worker zeta beta
333	omega-worker-333	fail	2543.67	worker stream worker render
334	beta-token-334	warn	6410.86	alpha kappa stream stream token
335	token-render-335	fail	7284.62	socket delta worker omega
336	epsilon-stream-336	ok	1526.82	route render kappa
337	gamma-alpha-337	warn	2352.47	epsilon zeta beta
338	theta-gamma-338	warn	4137.75	route token worker socket
339	token-epsilon-339	fail	19.52	route token socket delta
340	zeta-lambda-340	skip	8440.98	parser delta
341	alpha-theta-341	skip	1123.29	queue omega delta zeta zeta
342	epsilon-sigma-342	skip	4895.59	queue sigma
343	worker-beta-343	warn	1376.19	lambda zeta omega lambda
344	beta-render-344	warn	2056.09	worker socket token cache parser
345	kappa-kappa-345	fail	594.42	omega sigma kappa
346	sigma-delta-346	fail	6812.91	sigma parser stream
347	render-epsilon-347	ok	6763.18	kappa route
348	omega-render-348	fail	9400.73	socket index
349	sigma-render-349	warn	1038.04	theta stream zeta cache gamma
350	zeta-epsilon-350	skip	4961.94	epsilon cache parser
351	delta-kappa-351	warn	8559.94	sigma socket worker zeta alpha
352	theta-index-352	fail	4216.14	index alpha render kappa
353	parser-omega-353	fail	3923.90	stream alpha
354	zeta-index-354	ok	5033.21	stream index index render worker
355	queue-index-355	skip	6687.33	lambda index zeta route
356	theta-beta-356	ok	676.60	stream index cache alpha index
357	socket-zeta-357	warn	4056.08	route token render beta
358	queue-render-358	warn	6598.39	stream zeta alpha parser cache
359	gamma-sigma-359	skip	2095.86	lambda worker stream gamma parser
360	cache-parser-360	fail	2090.53	socket stream index
361	queue-index-361	warn	6805.21	sigma alpha token zeta socket
362	socket-lambda-362	fail	4954.31	token worker
363	index-epsilon-363	ok	4199.39	theta alpha delta delta delta
364	sigma-delta-364	ok	3575.45	omega sigma epsilon
365	cache-kappa-365	ok	659.61	queue index kappa worker
366	sigma-lambda-366	skip	6238.45	render zeta zeta
367	theta-token-367	warn	6661.64	sigma socket omega cache
368	delta-delta-368	warn	9412.33	delta stream socket parser
369	theta-zeta-369	ok	8597.47	delta omega zeta cache cache
370	token-lambda-370	skip	4875.23	lambda socket index route lambda
371	zeta-zeta-371	ok	3195.99	lambda token sigma
372	socket-zeta-372	ok	885.28	index parser
373	index-sigma-373	ok	8794.79	queue parser omega
374	zeta-epsilon-374	warn	3798.80	token worker
375	gamma-queue-375	warn	9251.72	route gamma route cache
376	kappa-kappa-376	warn	2765.44	epsilon lambda
377	delta-token-377	fail	5117.63	parser delta sigma cache index
378	omega-kappa-378	fail	9333.91	index gamma parser socket
379	beta-sigma-379	warn	8581.28	kappa sigma
380	delta-stream-380	fail	7477.85	render stream gamma render
381	index-lambda-381	skip	1170.25	sigma worker zeta gamma
382	theta-kappa-382	fail	4937.94	kappa delta stream epsilon stream
383	epsilon-gamma-383	ok	5792.37	queue beta
384	theta-worker-384	ok	9036.41	beta queue
385	alpha-token-385	fail	4920.74	render cache
386	alpha-queue-386	warn	9567.72	gamma omega epsilon
387	render-theta-387	fail	1317.97	beta delta
388	render-parser-388	warn	5525.09	beta worker
389	cache-parser-389	warn	215.86	sigma stream gamma route
390	sigma-route-390	ok	8395.53	alpha omega sigma kappa
391	lambda-stream-391	ok	7132.57	socket worker queue queue cache
392	theta-socket-392	skip	5163.69	parser beta cache stream stream
393	route-queue-393	skip	6074.73	gamma kappa
394	socket-sigma-394	warn	4463.55	queue zeta route worker
395	socket-route-395	skip	2990.25	route stream cache
396	omega-queue-396	fail	9546.48	delta render
397	beta-parser-397	ok	470.17	cache omega zeta cache omega
398	omega-omega-398	skip	680.85	kappa worker gamma route
399	theta-gamma-399	warn	563.35	sigma gamma token
400	epsilon-epsilon-400	warn	1259.87	worker beta
401	zeta-index-401	skip	9947.57	kappa cache omega render delta
402	worker-theta-402	fail	8812.92	zeta lambda render cache delta
403	parser-alpha-403	ok	3033.89	alpha epsilon
404	parser-index-404	fail	8505.76	kappa lambda
405	worker-beta-405	fail	7509.88	sigma render lambda route
406	lambda-omega-406	fail	7594.50	index cache theta gamma epsilon
407	theta-worker-407	ok	1371.44	worker kappa
408	gamma-queue-408	warn	2836.31	route sigma
409	omega-epsilon-409	warn	2112.72	alpha route theta
410	delta-kappa-410	fail	3744.59	theta omega
411	index-beta-411	skip	4856.20	cache omega index beta parser
412	lambda-cache-412	ok	5991.12	zeta queue route socket
413	lambda-alpha-413	warn	1924.02	kappa route stream route route
414	zeta-epsilon-414	fail	5471.89	alpha parser lambda route
415	gamma-route-415	fail	1619.50	lambda worker
416	sigma-alpha-416	fail	5335.06	lambda omega
417	epsilon-cache-417	ok	9279.26	epsilon lambda beta
418	worker-gamma-418	fail	2517.35	beta token delta
419	beta-kappa-419	fail	9267.10	beta delta
420	zeta-worker-420	skip	3666.46	parser delta queue
421	delta-worker-421	ok	1566.04	queue delta zeta
422	gamma-index-422	skip	3771.84	sigma beta sigma zeta lambda
423	worker-parser-423	warn	2953.65	route alpha delta render index
424	render-kappa-424	fail	2772.86	render omega lambda socket route
425	socket-queue-425	fail	6405.46	epsilon render route epsilon
426	worker-omega-426	ok	2843.46	alpha lambda delta socket
427	route-epsilon-427	ok	5157.32	zeta theta beta parser
428	sigma-theta-428	fail	8997.25	lambda queue stream lambda delta
429	worker-route-429	fail	4113.03	gamma render sigma delta
430	route-route-430	warn	8410.85	socket alpha
431	socket-queue-431	ok	8724.42	zeta sigma gamma parser route
432	lambda-delta-432	fail	525.74	kappa delta
433	epsilon-socket-433	warn	90.20	sigma epsilon theta theta worker
434	alpha-kappa-434	skip	1043.38	alpha beta lambda lambda parser
435	zeta-beta-435	skip	6303.78	cache gamma
436	cache-kappa-436	fail	2006.39	render parser kappa
437	socket-lambda-437	warn	289.79	token queue cache stream
438	beta-queue-438	fail	6453.61	queue gamma parser
439	zeta-index-439	skip	5908.57	worker stream route
440	cache-cache-440	warn	6060.32	worker theta gamma delta
441	queue-render-441	warn	6717.73	queue delta token
442	token-index-442	warn	5968.33	omega beta
443	kappa-socket-443	skip	952.04	gamma cache cache
444	delta-render-444	fail	1139.95	socket route sigma lambda alpha
445	kappa-sigma-445	skip	9689.85	stream cache index
446	token-worker-446	ok	9164.47	alpha stream sigma
447	cache-socket-447	ok	2380.62	queue stream socket index
448	delta-lambda-448	warn	6104.38	token lambda delta parser
449	lambda-queue-449	warn	2524.89	render queue
450	kappa-omega-450	fail	3697.03	lambda worker zeta beta
451	omega-token-451	ok	2345.72	stream sigma gamma omega
452	sigma-lambda-452	warn	1520.08	theta cache theta theta omega
453	kappa-alpha-453	fail	8783.33	worker queue delta cache beta
454	delta-alpha-454	ok	6944.03	render worker
455	stream-sigma-455	fail	9650.20	token kappa
456	queue-stream-456	ok	4020.23	kappa zeta stream
457	epsilon-theta-457	warn	4995.69	index zeta theta
458	stream-parser-458	warn	9906.40	cache alpha zeta kappa parser
459	parser-beta-459	ok	3886.39	socket theta
460	route-parser-460	ok	8543.33	route theta kappa kappa delta
461	epsilon-zeta-461	ok	7642.63	queue omega
462	sigma-zeta-462	ok	9022.77	render route worker index stream
463	omega-zeta-463	ok	1651.82	token route token gamma token
464	epsilon-omega-464	fail	7601.42	stream alpha socket zeta gamma
465	theta-beta-465	ok	261.96	delta sigma beta
466	render-beta-466	skip	4452.48	kappa stream index kappa cache
467	lambda-zeta-467	skip	767.53	gamma sigma delta sigma
468	worker-kappa-468	ok	8777.06	index sigma index stream worker
469	stream-render-469	fail	5556.26	alpha route route omega omega
470	theta-parser-470	fail	3074.96	worker zeta
471	lambda-parser-471	fail	396.38	alpha kappa
472	token-kappa-472	warn	4607.68	epsilon stream render
473	delta-route-473	skip	2337.81	route parser
474	delta-render-474	skip	4438.89	index epsilon lambda stream
475	stream-lambda-475	skip	5745.12	queue gamma
476	gamma-cache-476	warn	4969.05	sigma parser
477	zeta-omega-477	warn	1853.93	gamma stream
478	render-epsilon-478	warn	4600.13	omega alpha cache
479	parser-worker-479	ok	6831.42	render delta kappa sigma
480	epsilon-cache-480	ok	1003.45	socket beta socket
481	route-token-481	warn	6661.88	zeta lambda stream
482	lambda-beta-482	ok	3996.71	cache queue
483	theta-gamma-483	fail	7146.92	zeta theta
484	sigma-epsilon-484	warn	4674.46	alpha epsilon
485	delta-parser-485	fail	1212.34	socket queue worker parser
486	parser-sigma-486	warn	5151.46	delta kappa
487	render-render-487	warn	2783.48	beta gamma queue worker
488	lambda-delta-488	fail	1249.79	parser zeta parser route socket
489	parser-omega-489	ok	8578.64	zeta kappa cache
490	cache-theta-490	warn	2059.10	beta alpha zeta kappa
491	parser-parser-491	warn	6710.42	worker cache
492	route-route-492	fail	2538.74	index zeta
493	omega-lambda-493	ok	968.92	lambda zeta omega token
494	gamma-kappa-494	ok	2762.67	worker cache alpha token
495	gamma-theta-495	warn	235.56	stream sigma cache
496	queue-omega-496	ok	2567.67	route delta socket
497	parser-worker-497	skip	5439.93	gamma gamma
498	sigma-cache-498	fail	9030.12	socket render beta
499	beta-epsilon-499	fail	3165.29	parser socket queue worker
500	theta-cache-500	fail	1194.95	worker render omega
501	delta-worker-501	warn	2812.96	kappa lambda
502	parser-socket-502	warn	3256.14	render sigma alpha delta
503	queue-zeta-503	ok	8381.92	gamma index worker socket zeta
504	alpha-alpha-504	fail	1522.47	beta socket omega alpha beta
505	stream-render-505	ok	8430.25	theta stream beta
506	sigma-epsilon-506	ok	5882.52	sigma worker delta worker token
507	omega-theta-507	warn	5803.03	socket alpha alpha zeta alpha
508	socket-render-508	skip	7807.17	queue alpha
509	omega-render-509	skip	8875.02	delta kappa omega worker
510	worker-beta-510	warn	4008.98	render index omega zeta zeta
511	beta-stream-511	skip	3542.83	beta socket worker
512	alpha-render-512	ok	5720.47	render zeta zeta
513	token-stream-513	ok	3074.13	beta token epsilon route gamma
514	parser-index-514	ok	5916.99	zeta worker gamma gamma epsilon
515	socket-theta-515	fail	1584.17	queue render render zeta
516	route-token-516	ok	7176.51	sigma socket queue omega
517	cache-theta-517	skip	2887.92	token kappa
518	lambda-theta-518	ok	6831.09	sigma theta epsilon route alpha
519	sigma-parser-519	fail	5591.84	kappa parser alpha worker
520	worker-index-520	skip	8527.47	render parser zeta omega
521	route-beta-521	fail	599.52	route kappa delta beta route
522	zeta-worker-522	ok	7539.73	epsilon omega zeta zeta parser
523	omega-render-523	warn	4092.63	epsilon render
524	token-beta-524	fail	5049.17	route sigma beta kappa alpha
525	theta-alpha-525	fail	8077.00	epsilon zeta
526	index-parser-526	warn	6514.86	token token
527	theta-worker-527	fail	6307.05	delta parser kappa
528	beta-lambda-528	skip	2101.55	worker kappa
529	kappa-delta-529	ok	7074.50	omega beta index epsilon
530	lambda-cache-530	fail	8010.65	gamma gamma epsilon
531	token-token-531	skip	6579.58	cache gamma
532	delta-route-532	warn	1999.53	theta zeta
533	index-parser-533	skip	6743.35	delta render route worker
534	worker-route-534	skip	5225.49	route kappa gamma render gamma
535	token-delta-535	warn	3097.46	alpha gamma cache render
536	worker-gamma-536	warn	3825.75	gamma render cache parser cache
537	delta-zeta-537	ok	8156.98	parser beta alpha worker
538	alpha-cache-538	warn	5030.51	delta sigma index lambda token
539	beta-theta-539	fail	4401.38	epsilon lambda
540	render-omega-540	warn	1192.13	gamma alpha
541	sigma-beta-541	skip	7722.09	gamma queue epsilon route
542	zeta-route-542	ok	9769.72	queue socket
543	beta-beta-543	ok	3930.73	alpha sigma index index
544	queue-parser-544	fail	8966.41	lambda alpha index cache
545	parser-theta-545	fail	3475.64	lambda render omega beta
546	token-omega-546	skip	9658.25	sigma lambda beta
547	lambda-queue-547	fail	3098.24	render socket epsilon stream zeta
548	epsilon-lambda-548	ok	7222.82	delta socket index
549	queue-delta-549	skip	792.08	cache index gamma render
550	alpha-render-550	fail	52.29	worker queue beta parser stream
551	stream-sigma-551	warn	5220.24	route index parser token
552	theta-render-552	warn	1382.20	kappa gamma queue queue
553	route-omega-553	warn	9860.58	cache queue stream
554	socket-zeta-554	ok	146.03	queue socket theta
555	epsilon-worker-555	warn	9650.00	parser socket cache gamma
556	token-route-556	skip	969.89	render theta queue lambda
557	socket-epsilon-557	ok	6264.82	parser lambda
558	index-beta-558	skip	6734.53	worker worker
559	queue-epsilon-559	ok	7768.94	sigma theta index
560	alpha-gamma-560	skip	5483.11	route render cache
561	index-omega-561	warn	5477.46	index cache
562	queue-worker-562	warn	7067.03	token zeta parser token delta
563	alpha-route-563	warn	9003.14	parser epsilon worker render render
564	omega-queue-564	warn	3146.66	alpha beta
565	alpha-alpha-565	skip	4391.75	delta parser delta delta kappa
566	queue-beta-566	warn	775.46	theta queue cache alpha epsilon
567	token-lambda-567	warn	962.77	queue cache lambda
568	render-socket-568	warn	5224.86	token socket epsilon
569	kappa-beta-569	fail	1081.94	socket index worker beta
570	worker-socket-570	warn	5623.65	token index socket
571	index-index-571	skip	4802.95	theta sigma render render
572	kappa-zeta-572	skip	9780.44	worker kappa cache index
573	beta-delta-573	fail	9920.61	worker gamma index
574	socket-zeta-574	ok	5269.40	parser render
575	epsilon-theta-575	skip	5445.75	omega queue token omega queue
576	theta-gamma-576	fail	1841.46	zeta render
577	sigma-epsilon-577	fail	9949.30	worker queue epsilon
578	alpha-beta-578	skip	4683.79	gamma index zeta sigma omega
579	omega-delta-579	warn	166.95	render zeta
580	epsilon-omega-580	ok	4427.88	epsilon index alpha
581	epsilon-queue-581	skip	6122.96	omega route kappa omega
582	token-render-582	warn	7442.16	stream zeta stream beta socket
583	beta-render-583	ok	9254.45	theta sigma token render
584	zeta-cache-584	fail	8256.95	epsilon delta delta socket delta
585	epsilon-sigma-585	fail	6883.94	index theta route
586	beta-parser-586	warn	5461.70	token alpha
587	lambda-route-587	warn	245.30	lambda beta cache beta
588	sigma-delta-588	ok	7088.98	queue route lambda alpha
589	route-delta-589	warn	119.00	token worker cache queue worker
590	gamma-alpha-590	fail	5964.52	zeta omega
591	epsilon-gamma-591	skip	2896.54	lambda omega render queue route
592	socket-lambda-592	skip	3444.20	cache cache
593	lambda-worker-593	skip	7120.35	sigma epsilon alpha omega epsilon
594	sigma-sigma-594	skip	8935.82	lambda parser alpha
595	route-render-595	warn	8195.89	lambda theta
596	render-kappa-596	fail	8901.30	alpha kappa
597	route-socket-597	warn	8052.50	gamma gamma index index epsilon
598	queue-gamma-598	fail	5801.90	delta render lambda gamma render
599	render-socket-599	warn	3074.80	theta route zeta delta kappa
600	lambda-theta-600	ok	8014.85	theta socket cache render
601	omega-epsilon-601	skip	2399.23	socket render
602	cache-kappa-602	warn	6707.71	sigma stream parser omega zeta
603	queue-parser-603	ok	3328.64	kappa epsilon worker sigma parser
604	sigma-delta-604	warn	8421.98	gamma index parser
605	stream-delta-605	ok	6357.74	beta parser cache delta route
606	kappa-omega-606	fail	9168.81	worker render cache
607	kappa-epsilon-607	skip	9394.70	theta lambda route kappa
608	worker-omega-608	warn	2035.13	route theta
609	route-sigma-609	warn	4905.98	delta socket worker
610	lambda-gamma-610	ok	2393.31	queue render index epsilon
611	delta-epsilon-611	skip	4958.06	index omega stream
612	cache-kappa-612	ok	7214.17	socket route
613	kappa-queue-613	ok	9921.70	omega epsilon
614	cache-kappa-614	fail	5143.47	socket theta
615	gamma-render-615	warn	5576.14	queue queue
616	delta-socket-616	skip	1775.66	kappa delta token stream route
617	zeta-sigma-617	warn	8833.60	sigma route socket
618	gamma-lambda-618	fail	6793.02	cache parser lambda theta theta
619	alpha-worker-619	warn	5840.12	zeta delta
620	queue-render-620	fail	4245.43	zeta sigma alpha beta route
621	gamma-sigma-621	fail	9936.72	delta parser index token queue
622	zeta-theta-622	warn	2392.49	zeta render zeta
623	beta-delta-623	fail	746.32	beta theta gamma epsilon
624	zeta-stream-624	ok	3026.14	socket queue alpha epsilon alpha
625	lambda-theta-625	fail	9294.29	epsilon beta omega worker
626	queue-token-626	warn	2566.72	kappa route
627	socket-lambda-627	fail	5932.09	token token sigma
628	worker-cache-628	fail	36.08	delta kappa epsilon render parser
629	zeta-sigma-629	skip	4922.69	stream zeta gamma
630	queue-token-630	fail	8591.02	omega delta sigma worker lambda
631	zeta-route-631	fail	317.81	cache theta
632	lambda-theta-632	skip	680.49	delta index socket worker lambda
633	epsilon-kappa-633	warn	18.19	stream worker cache omega gamma
634	alpha-beta-634	ok	4951.86	socket zeta
635	stream-route-635	fail	8208.97	sigma alpha lambda
636	sigma-theta-636	fail	5779.69	parser gamma cache stream
637	stream-lambda-637	skip	8484.69	theta omega kappa kappa token
638	parser-queue-638	warn	9834.58	alpha sigma
639	omega-alpha-639	skip	3292.58	omega alpha epsilon stream
640	lambda-alpha-640	fail	2788.88	lambda beta
641	render-delta-641	ok	1365.96	route delta gamma gamma
642	beta-queue-642	skip	7372.88	zeta alpha alpha queue
643	zeta-delta-643	ok	3148.16	render queue queue stream socket
644	stream-stream-644	ok	4673.71	cache alpha token
645	lambda-queue-645	ok	9292.48	delta worker beta queue
646	cache-zeta-646	warn	510.71	kappa cache alpha token
647	lambda-sigma-647	ok	6632.97	theta parser beta sigma queue
648	stream-kappa-648	skip	5191.97	parser sigma route stream stream
649	index-render-649	ok	4690.24	kappa omega lambda
650	beta-delta-650	skip	1860.48	route lambda beta token theta
651	cache-epsilon-651	fail	5067.29	epsilon queue alpha sigma socket
652	index-gamma-652	fail	4000.19	beta alpha omega
653	epsilon-worker-653	fail	1016.10	token kappa worker delta
654	queue-alpha-654	ok	3627.41	index alpha kappa
655	zeta-render-655	fail	8223.30	index epsilon stream
656	zeta-render-656	skip	9089.77	gamma worker
657	delta-gamma-657	warn	8583.83	delta parser delta token index
658	alpha-render-658	skip	4723.84	zeta sigma lambda sigma
659	cache-zeta-659	skip	9945.09	theta alpha epsilon index
660	zeta-gamma-660	warn	5372.02	render sigma theta
661	route-gamma-661	warn	6918.87	route beta
662	sigma-gamma-662	warn	8398.35	sigma sigma
663	epsilon-lambda-663	warn	1912.54	queue theta gamma delta parser
664	render-cache-664	warn	6563.64	gamma zeta
665	gamma-index-665	skip	4322.80	token omega render
666	alpha-theta-666	fail	1214.27	theta worker queue sigma socket
667	socket-zeta-667	ok	3926.99	omega queue
668	render-index-668	ok	1711.69	zeta render cache
669	lambda-zeta-669	warn	9279.52	theta cache alpha zeta omega
670	delta-gamma-670	ok	4901.19	worker token route
671	alpha-beta-671	warn	4154.25	cache lambda route
672	parser-cache-672	ok	975.70	index theta
673	gamma-route-673	skip	7418.68	socket delta stream queue
674	lambda-alpha-674	fail	5043.24	parser socket
675	beta-parser-675	ok	3311.67	socket worker route lambda token
676	kappa-kappa-676	warn	6129.92	lambda parser epsilon epsilon
677	zeta-theta-677	ok	9574.79	alpha index route
678	cache-alpha-678	skip	7396.14	queue render gamma parser
679	delta-beta-679	fail	47.61	parser render
680	cache-stream-680	fail	3095.27	route stream omega
681	worker-cache-681	skip	7001.42	index sigma
682	gamma-alpha-682	warn	7322.19	omega cache render omega
683	theta-lambda-683	warn	4854.04	stream cache stream stream
684	socket-worker-684	warn	2446.93	parser stream
685	parser-queue-685	fail	4256.53	sigma lambda
686	cache-lambda-686	fail	3904.52	zeta epsilon delta cache
687	token-lambda-687	skip	9455.77	sigma omega cache token
688	zeta-socket-688	warn	4933.47	omega epsilon token zeta
689	route-delta-689	skip	9310.72	token cache stream render
690	lambda-render-690	fail	5673.08	sigma alpha
691	gamma-delta-691	fail	1014.03	kappa stream queue worker parser
692	socket-zeta-692	skip	8444.12	parser socket worker
693	delta-omega-693	ok	5075.88	socket worker socket
694	lambda-render-694	skip	5870.79	gamma omega socket token epsilon
695	parser-delta-695	warn	8290.41	beta sigma lambda route index
696	sigma-lambda-696	skip	1895.24	zeta theta epsilon lambda
697	stream-index-697	skip	9296.64	sigma worker epsilon
698	epsilon-index-698	skip	820.71	beta epsilon route beta epsilon
699	lambda-omega-699	ok	47.05	render worker stream route
700	route-queue-700	fail	2086.44	parser alpha
701	parser-parser-701	skip	2070.89	gamma sigma theta gamma parser
702	socket-token-702	fail	5022.46	index socket theta stream beta
703	alpha-beta-703	warn	2299.82	cache kappa
704	omega-cache-704	warn	4259.19	gamma theta stream gamma queue
705	worker-epsilon-705	warn	1885.37	sigma route render
706	stream-token-706	ok	9869.01	socket queue omega
707	worker-alpha-707	ok	428.59	beta token sigma sigma
708	parser-omega-708	ok	3412.17	gamma parser kappa delta beta
709	cache-socket-709	skip	6104.03	alpha alpha gamma
710	lambda-lambda-710	ok	186.26	queue cache parser beta parser
711	beta-queue-711	warn	2773.60	theta sigma render socket
712	index-alpha-712	skip	7976.49	delta queue delta
713	route-delta-713	ok	5041.10	worker kappa
714	parser-render-714	skip	7297.61	cache cache render alpha
715	route-omega-715	warn	2270.18	queue worker socket
716	omega-index-716	skip	2694.45	queue queue gamma kappa
717	parser-stream-717	fail	2968.11	token route socket route index
718	gamma-alpha-718	fail	6854.03	alpha cache alpha queue sigma
719	cache-index-719	warn	7580.62	lambda lambda
720	gamma-route-720	warn	9455.77	socket queue render
721	socket-epsilon-721	fail	9776.98	beta beta worker sigma
722	delta-render-722	warn	9814.47	socket parser
723	zeta-epsilon-723	fail	6704.54	theta theta epsilon queue render
724	kappa-zeta-724	fail	4071.98	parser token gamma
725	zeta-theta-725	warn	3982.26	socket socket queue queue stream
726	index-cache-726	fail	687.78	beta beta worker parser index
727	render-route-727	fail	8982.22	alpha epsilon theta zeta
728	parser-stream-728	warn	4902.78	stream stream theta parser
729	alpha-beta-729	warn	6528.64	parser delta index token omega
730	route-gamma-730	warn	1148.64	parser render parser epsilon
731	gamma-index-731	warn	5876.60	render route
732	worker-zeta-732	skip	7519.86	beta gamma zeta gamma kappa
733	worker-render-733	fail	8903.36	route route zeta queue parser
734	route-sigma-734	ok	1940.10	sigma queue beta
735	kappa-omega-735	skip	8957.16	epsilon alpha queue lambda zeta
736	zeta-index-736	fail	6552.30	theta sigma sigma epsilon
737	epsilon-delta-737	skip	9144.03	beta sigma
738	lambda-kappa-738	skip	4969.33	omega alpha socket token omega
739	alpha-token-739	ok	5761.88	cache delta worker
740	stream-gamma-740	fail	7847.67	cache alpha delta beta
741	stream-lambda-741	warn	4961.53	route cache
742	lambda-epsilon-742	skip	3161.42	stream worker zeta stream
743	delta-token-743	ok	6807.88	route gamma worker sigma
744	beta-sigma-744	warn	6640.27	route delta route queue render
745	index-index-745	fail	3992.04	cache zeta token
746	beta-worker-746	warn	2000.51	cache epsilon beta parser
747	gamma-delta-747	skip	7123.66	alpha stream delta
748	token-sigma-748	fail	9889.24	worker render sigma
749	sigma-epsilon-749	ok	2593.41	stream alpha omega
750	kappa-sigma-750	ok	7702.48	queue parser
751	sigma-theta-751	warn	8664.64	cache alpha socket theta
752	delta-queue-752	fail	949.93	zeta render
753	kappa-index-753	fail	248.18	lambda epsilon
754	worker-kappa-754	ok	7046.21	lambda token alpha
755	token-socket-755	ok	8349.41	theta theta stream delta
756	epsilon-kappa-756	skip	527.02	queue sigma
757	token-gamma-757	warn	5481.10	zeta kappa parser socket parser
758	token-alpha-758	skip	5940.72	queue worker sigma omega zeta
759	index-stream-759	warn	2439.98	stream cache cache omega delta
760	queue-index-760	ok	5207.92	zeta delta epsilon
761	omega-parser-761	warn	7043.98	epsilon index queue stream
762	alpha-queue-762	warn	5387.58	worker cache queue theta delta
763	socket-omega-763	fail	8028.19	index route parser epsilon render
764	kappa-parser-764	warn	9043.84	epsilon lambda beta
765	omega-delta-765	fail	9184.87	zeta kappa gamma token
766	route-socket-766	warn	250.57	parser omega delta beta stream
767	omega-stream-767	fail	3546.17	parser cache sigma worker
768	gamma-stream-768	skip	7858.16	cache sigma route worker epsilon
769	stream-alpha-769	skip	2449.30	parser token render omega
770	beta-index-770	ok	2210.10	stream epsilon theta
771	gamma-token-771	skip	7367.68	lambda parser theta socket
772	index-cache-772	warn	7121.53	epsilon worker kappa
773	worker-zeta-773	skip	8884.18	route zeta
774	epsilon-queue-774	warn	9945.87	queue parser socket queue zeta
775	lambda-gamma-775	ok	6303.77	sigma delta
776	zeta-lambda-776	fail	980.48	gamma worker gamma worker route
777	delta-gamma-777	fail	9934.31	socket lambda omega
778	beta-zeta-778	warn	295.92	cache queue
779	parser-stream-779	fail	8204.22	index epsilon epsilon render theta
780	gamma-parser-780	ok	2854.64	sigma sigma index
781	cache-beta-781	fail	6156.31	socket sigma socket kappa
782	lambda-worker-782	fail	3529.84	omega sigma delta
783	cache-queue-783	fail	6958.61	lambda lambda
784	stream-route-784	ok	3364.58	sigma epsilon
785	gamma-theta-785	warn	4970.79	gamma worker index
786	cache-route-786	skip	3202.96	gamma cache token index delta
787	delta-omega-787	ok	611.04	stream zeta
788	beta-lambda-788	ok	6990.38	theta lambda delta
789	zeta-index-789	fail	9039.87	delta worker
790	lambda-lambda-790	skip	7357.43	gamma stream
791	cache-alpha-791	ok	9616.83	sigma queue
792	index-cache-792	warn	7010.95	omega stream
793	alpha-route-793	fail	2200.28	kappa stream
794	index-render-794	ok	3899.95	beta token index index index
795	zeta-alpha-795	ok	2282.87	beta socket socket theta queue
796	queue-kappa-796	fail	6985.25	socket delta
797	alpha-theta-797	skip	988.02	route queue gamma
798	zeta-lambda-798	ok	8480.40	parser kappa sigma gamma route
799	token-theta-799	fail	130.94	sigma omega queue alpha render
800	token-render-800	skip	1088.59	token theta route beta alpha
801	sigma-route-801	ok	7385.32	cache omega index queue alpha
802	worker-beta-802	fail	1066.19	delta queue kappa gamma gamma
803	render-token-803	warn	1500.93	zeta alpha theta token
804	cache-index-804	ok	8228.58	kappa cache worker token
805	index-alpha-805	fail	2786.62	render beta sigma lambda
806	beta-render-806	skip	4327.06	token omega kappa omega
807	lambda-theta-807	ok	7678.65	sigma epsilon stream theta queue
808	kappa-epsilon-808	warn	6962.83	gamma zeta token stream cache
809	parser-index-809	fail	1854.27	delta stream
810	worker-epsilon-810	ok	5651.79	kappa index epsilon queue zeta
811	kappa-render-811	ok	9258.52	route lambda
812	cache-epsilon-812	skip	5672.02	beta delta gamma
813	cache-theta-813	skip	6026.42	queue sigma
814	theta-alpha-814	ok	6110.17	omega worker cache theta
815	render-parser-815	warn	7025.53	gamma zeta alpha alpha worker
816	parser-theta-816	fail	5755.91	index kappa parser worker
817	route-cache-817	warn	3094.90	stream route route worker
818	sigma-sigma-818	warn	6425.29	cache alpha route zeta token
819	stream-socket-819	skip	7705.71	cache route
820	token-theta-820	skip	3865.04	sigma token zeta
821	theta-route-821	fail	8825.50	stream theta parser token parser
822	cache-lambda-822	skip	7603.75	socket beta parser gamma
823	zeta-zeta-823	fail	2465.16	omega delta worker omega
824	cache-queue-824	fail	7881.76	zeta epsilon socket token delta
825	kappa-theta-825	fail	502.78	kappa worker route lambda parser
826	omega-queue-826	fail	7344.48	delta zeta
827	stream-index-827	ok	6558.53	omega epsilon alpha worker
828	lambda-alpha-828	fail	5539.74	omega parser socket gamma
829	socket-zeta-829	skip	2092.42	stream render
830	kappa-omega-830	warn	1917.15	delta render
831	token-route-831	warn	7231.83	route theta kappa lambda
832	kappa-render-832	fail	5019.96	socket cache omega lambda beta
833	omega-stream-833	fail	1130.62	index token token render
834	worker-epsilon-834	warn	8005.35	socket route parser route theta
835	index-kappa-835	ok	4144.18	socket parser sigma zeta theta
836	gamma-beta-836	ok	350.16	worker index zeta worker parser
837	worker-socket-837	fail	8105.47	omega socket gamma zeta kappa
838	index-beta-838	ok	9140.68	cache sigma
839	sigma-beta-839	fail	8244.74	route parser token
840	queue-alpha-840	fail	4816.20	stream kappa alpha
841	delta-lambda-841	skip	8896.38	omega theta omega token delta
842	delta-beta-842	ok	1924.11	queue zeta worker
843	zeta-parser-843	warn	1675.07	queue lambda
844	cache-worker-844	fail	7100.43	token lambda omega
845	socket-worker-845	fail	2087.76	parser alpha gamma
846	route-lambda-846	warn	97.30	token parser route socket
847	render-kappa-847	warn	5770.01	gamma lambda epsilon cache
848	token-parser-848	warn	4532.43	render kappa queue kappa lambda
849	stream-theta-849	fail	8218.64	parser socket lambda
850	socket-gamma-850	fail	8006.04	cache index
851	index-lambda-851	warn	4366.40	gamma sigma omega epsilon token
852	stream-epsilon-852	warn	8391.29	sigma index
853	parser-epsilon-853	skip	2590.90	theta omega
854	index-omega-854	warn	1652.70	zeta kappa omega
855	omega-omega-855	fail	8807.25	zeta kappa zeta
856	token-token-856	ok	3742.48	beta epsilon index beta
857	render-parser-857	ok	939.47	epsilon index queue gamma route
858	sigma-alpha-858	skip	5722.18	queue socket sigma
859	index-gamma-859	fail	8095.79	queue token parser omega
860	parser-index-860	fail	374.50	stream theta omega alpha omega
861	beta-lambda-861	fail	8538.79	queue delta queue
862	sigma-render-862	ok	3991.61	kappa omega render omega
863	render-omega-863	ok	784.18	worker lambda route
864	index-queue-864	ok	7097.92	parser parser
865	gamma-socket-865	fail	8319.77	parser zeta
866	beta-socket-866	fail	1797.20	index worker
867	kappa-parser-867	warn	1318.96	alpha socket
868	lambda-omega-868	skip	3319.37	theta gamma cache
869	stream-delta-869	skip	5770.64	parser queue render epsilon zeta
870	sigma-index-870	warn	4297.43	worker kappa sigma index
871	epsilon-sigma-871	fail	6548.04	kappa zeta stream
872	queue-socket-872	warn	7773.48	epsilon stream zeta
873	beta-sigma-873	ok	3627.34	omega omega beta
874	theta-cache-874	warn	6003.81	worker delta
875	alpha-render-875	warn	4514.87	epsilon worker
876	sigma-worker-876	fail	8613.80	parser zeta queue zeta
877	delta-beta-877	warn	8702.42	kappa zeta epsilon cache
878	parser-queue-878	warn	6729.13	zeta gamma theta
879	gamma-delta-879	fail	4400.90	theta worker route
880	delta-worker-880	skip	3432.28	lambda kappa gamma
881	theta-render-881	fail	8621.26	alpha lambda render theta omega
882	queue-queue-882	fail	2523.74	epsilon alpha cache
883	socket-sigma-883	warn	5026.19	stream stream sigma zeta
884	delta-kappa-884	skip	3376.79	sigma lambda
885	index-gamma-885	skip	7201.08	route lambda
886	worker-socket-886	fail	2999.29	worker lambda queue
887	parser-delta-887	warn	6354.43	token alpha
888	sigma-stream-888	skip	1328.26	route index route stream
889	delta-queue-889	ok	6098.43	omega worker
890	stream-parser-890	fail	6829.20	beta socket cache
891	omega-index-891	skip	362.18	gamma render cache token omega
892	theta-epsilon-892	ok	2859.50	index parser stream delta lambda
893	queue-sigma-893	skip	416.96	sigma lambda render socket
894	parser-beta-894	skip	3113.37	alpha epsilon theta worker index
895	omega-delta-895	warn	8254.59	socket alpha zeta sigma worker
896	omega-epsilon-896	skip	3229.95	socket parser token
897	kappa-worker-897	ok	2607.50	worker route socket gamma
898	sigma-stream-898	ok	4855.05	queue alpha
899	beta-omega-899	ok	3624.79	stream beta omega
900	zeta-token-900	ok	4658.41	token render
901	stream-alpha-901	warn	123.13	gamma epsilon epsilon render
902	render-cache-902	ok	5767.04	delta theta epsilon
903	queue-alpha-903	fail	1973.34	kappa cache omega
904	beta-stream-904	fail	3980.22	gamma theta
905	cache-render-905	ok	3936.64	omega stream render
906	token-stream-906	warn	8428.13	queue cache epsilon epsilon stream
907	sigma-route-907	warn	9678.38	sigma parser zeta route index
908	kappa-epsilon-908	fail	9552.31	render render
909	epsilon-theta-909	skip	2096.20	route route omega epsilon worker
910	cache-index-910	skip	3800.16	omega zeta
911	sigma-epsilon-911	warn	2897.88	theta worker zeta queue
912	epsilon-sigma-912	skip	3272.64	beta omega
913	beta-token-913	warn	2553.13	zeta render theta stream
914	render-zeta-914	ok	8358.07	beta epsilon route lambda
915	queue-worker-915	ok	7449.93	worker zeta epsilon render token
916	beta-cache-916	skip	3744.09	theta beta kappa route beta
917	parser-sigma-917	fail	4810.01	gamma render queue stream omega
918	index-epsilon-918	warn	5702.68	epsilon theta beta queue zeta
919	lambda-token-919	warn	7250.54	stream render parser zeta
920	omega-parser-920	ok	7132.06	queue worker
921	cache-theta-921	ok	3752.30	route index
922	queue-theta-922	warn	8128.78	index sigma epsilon
923	parser-socket-923	fail	4970.83	parser epsilon queue worker
924	beta-stream-924	ok	2602.82	sigma omega theta
925	kappa-queue-925	warn	6474.54	worker cache parser sigma cache
926	zeta-lambda-926	warn	8680.65	route worker sigma
927	stream-zeta-927	ok	509.40	epsilon socket
928	worker-epsilon-928	fail	9603.66	worker lambda index
929	zeta-zeta-929	skip	9676.83	worker gamma
930	kappa-socket-930	ok	757.62	beta lambda queue
931	zeta-lambda-931	fail	3673.25	omega beta socket socket zeta
932	index-theta-932	ok	5276.68	route token
933	zeta-alpha-933	warn	8088.99	socket parser lambda
934	beta-cache-934	warn	783.56	beta token worker
935	theta-kappa-935	ok	6737.98	queue route queue delta stream
936	kappa-parser-936	warn	469.53	render alpha render
937	cache-kappa-937	skip	5516.69	delta lambda epsilon
938	theta-stream-938	ok	1905.91	route lambda
939	omega-token-939	fail	5732.94	omega epsilon delta
940	delta-alpha-940	fail	8130.27	kappa parser alpha epsilon
941	socket-zeta-941	ok	5914.29	socket theta worker
942	theta-route-942	ok	6787.31	cache alpha
943	gamma-stream-943	ok	8419.00	omega worker index theta
944	beta-lambda-944	skip	4724.99	route alpha zeta
945	kappa-cache-945	ok	4533.15	alpha sigma gamma worker
946	lambda-theta-946	warn	6122.93	token beta kappa
947	lambda-socket-947	skip	688.31	omega cache
948	queue-parser-948	warn	9614.42	socket render gamma delta kappa
949	zeta-alpha-949	warn	1170.86	sigma sigma socket
950	sigma-stream-950	warn	5283.52	kappa route render kappa
951	render-index-951	skip	483.89	kappa alpha kappa sigma stream
952	queue-alpha-952	warn	305.15	token gamma sigma zeta delta
953	kappa-render-953	fail	1212.15	token stream sigma
954	epsilon-route-954	ok	9660.64	queue cache
955	sigma-lambda-955	skip	7291.16	route lambda cache lambda omega
956	token-omega-956	fail	19.19	stream sigma lambda
957	kappa-index-957	fail	1238.95	omega queue queue omega parser
958	theta-stream-958	fail	7663.47	route route alpha token alpha
959	worker-delta-959	fail	5206.40	theta epsilon lambda
960	worker-token-960	fail	3840.20	omega theta kappa omega
961	epsilon-alpha-961	fail	7724.40	render stream
962	zeta-theta-962	warn	7044.24	parser lambda
963	route-lambda-963	fail	7036.50	socket epsilon route worker
964	epsilon-worker-964	fail	724.86	sigma index
965	render-sigma-965	warn	6875.73	beta zeta sigma epsilon
966	index-worker-966	ok	5951.72	kappa cache
967	socket-render-967	fail	8585.99	kappa cache
968	delta-beta-968	skip	3674.47	sigma epsilon beta
969	beta-token-969	skip	6178.40	route stream stream alpha
970	zeta-stream-970	warn	9700.22	theta index theta
971	socket-kappa-971	fail	7979.10	stream epsilon worker omega alpha
972	delta-token-972	ok	1153.23	parser socket
973	beta-omega-973	skip	617.42	worker kappa worker parser
974	omega-zeta-974	warn	1680.66	theta delta stream
975	parser-stream-975	ok	1884.95	stream delta beta
976	render-queue-976	ok	900.77	beta sigma route delta
977	lambda-stream-977	warn	2436.45	queue cache zeta
978	index-alpha-978	fail	5844.04	token omega sigma theta
979	socket-queue-979	fail	5186.03	render render cache
980	gamma-delta-980	ok	2692.50	theta route lambda
981	gamma-epsilon-981	warn	8201.45	theta index render zeta beta
982	token-route-982	fail	3789.98	beta theta queue
983	stream-omega-983	fail	6018.64	index token token beta
984	parser-delta-984	fail	4925.52	worker gamma lambda zeta worker
985	queue-delta-985	warn	4228.35	gamma kappa
986	sigma-parser-986	skip	7663.95	stream sigma
987	beta-lambda-987	skip	6428.75	stream queue omega omega alpha
988	kappa-worker-988	ok	2883.07	parser socket index stream socket
989	omega-delta-989	skip	511.23	sigma route gamma cache route
990	theta-omega-990	warn	103.93	beta token lambda zeta epsilon
991	token-index-991	skip	9967.48	lambda lambda route stream
992	delta-delta-992	ok	9236.15	worker worker epsilon gamma
993	worker-worker-993	fail	8189.97	route theta zeta
994	epsilon-parser-994	skip	3734.97	alpha stream kappa alpha
995	render-zeta-995	ok	2460.89	alpha token gamma stream zeta
996	worker-queue-996	ok	2871.34	sigma theta zeta gamma
997	omega-theta-0	fail	1202.03	render omega sigma index
998	worker-route-1	skip	3356.32	route queue queue omega
999	omega-index-2	warn	2077.30	token route token token
1000	socket-alpha-3	skip	9508.19	token theta gamma index
1001	delta-stream-4	skip	6010.39	omega queue beta
1002	alpha-parser-5	skip	7783.33	epsilon epsilon
1003	stream-render-6	fail	179.82	kappa gamma beta stream route
1004	index-kappa-7	ok	5786.67	route sigma lambda render
1005	beta-route-8	warn	7791.32	beta beta
1006	render-socket-9	skip	8653.50	kappa token index alpha render
1007	token-epsilon-10	ok	9789.04	alpha alpha
1008	sigma-route-11	ok	462.48	lambda token
1009	worker-kappa-12	fail	9693.04	stream beta zeta
1010	omega-delta-13	fail	53.85	gamma beta
1011	cache-delta-14	warn	4372.75	epsilon beta
1012	omega-worker-15	warn	6353.74	gamma render omega epsilon token
1013	alpha-stream-16	skip	3357.75	token index epsilon
1014	queue-stream-17	skip	8808.60	socket zeta omega render cache
1015	kappa-sigma-18	fail	5816.85	index omega token
1016	render-epsilon-19	skip	3479.81	index token
1017	sigma-parser-20	skip	7502.21	worker socket epsilon socket
1018	stream-stream-21	fail	5883.02	parser route render beta sigma
1019	stream-index-22	ok	574.59	alpha render lambda lambda
1020	epsilon-cache-23	warn	70.60	stream alpha delta
1021	omega-omega-24	skip	6960.48	queue alpha worker
1022	parser-delta-25	skip	720.82	gamma epsilon kappa kappa
1023	beta-socket-26	warn	3853.43	epsilon socket route
1024	delta-sigma-27	fail	6267.69	theta beta socket index
1025	omega-zeta-28	warn	1191.60	socket socket
1026	render-delta-29	warn	4160.78	zeta alpha
1027	worker-token-30	fail	7621.25	zeta route omega index epsilon
1028	parser-kappa-31	ok	4074.42	epsilon queue gamma
1029	sigma-alpha-32	ok	1041.40	parser gamma cache worker gamma
1030	theta-epsilon-33	warn	8477.03	delta parser theta parser
1031	gamma-token-34	skip	1647.10	gamma gamma cache
1032	queue-epsilon-35	skip	4253.66	socket socket
1033	route-worker-36	fail	2167.40	beta stream queue beta
1034	worker-worker-37	skip	6102.08	omega index alpha
1035	token-delta-38	fail	4698.96	sigma beta alpha socket zeta
1036	socket-socket-39	fail	570.93	theta parser render route
1037	cache-cache-40	ok	2120.12	zeta theta
1038	lambda-zeta-41	ok	6320.22	cache route
1039	gamma-epsilon-42	fail	2248.93	render lambda index worker cache
1040	theta-beta-43	skip	4303.70	worker zeta parser stream
1041	delta-stream-44	warn	6345.31	index alpha delta render
1042	worker-alpha-45	fail	1265.98	sigma sigma kappa route cache
1043	token-index-46	skip	7831.99	beta theta render
1044	zeta-gamma-47	warn	6094.86	delta beta
1045	lambda-stream-48	warn	6104.34	route worker omega
1046	beta-parser-49	ok	1202.98	queue alpha index
1047	delta-delta-50	fail	7809.48	stream cache
1048	gamma-epsilon-51	skip	5661.78	omega socket alpha zeta
1049	sigma-kappa-52	warn	411.41	worker stream zeta socket
1050	epsilon-render-53	warn	5680.01	kappa cache
1051	delta-route-54	ok	6724.81	token token
1052	token-socket-55	fail	2895.44	beta parser
1053	delta-token-56	warn	7162.38	lambda worker queue zeta index
1054	worker-queue-57	ok	870.03	stream token epsilon queue
1055	theta-kappa-58	skip	2688.08	beta route beta alpha
1056	worker-render-59	ok	8558.55	cache gamma socket
1057	kappa-epsilon-60	fail	3156.41	index parser epsilon worker
1058	kappa-kappa-61	warn	2150.54	sigma beta sigma
1059	beta-token-62	ok	5128.53	render stream queue parser index
1060	cache-route-63	skip	2696.68	socket cache gamma queue stream
1061	epsilon-render-64	fail	3835.42	cache cache
1062	parser-lambda-65	skip	323.07	token render route
1063	index-cache-66	fail	9174.41	parser parser parser worker
1064	gamma-beta-67	warn	1591.30	stream gamma index
1065	stream-zeta-68	warn	9255.00	stream zeta
1066	worker-render-69	skip	3487.58	stream zeta
1067	stream-alpha-70	fail	3354.10	token zeta token epsilon
1068	parser-token-71	ok	6545.99	lambda parser epsilon parser queue
1069	zeta-zeta-72	fail	4181.67	sigma queue
1070	worker-theta-73	ok	2646.69	theta epsilon alpha delta
1071	sigma-socket-74	skip	5117.39	omega delta alpha sigma
1072	zeta-sigma-75	ok	2997.90	queue worker gamma sigma queue
1073	lambda-parser-76	warn	3458.80	zeta worker route zeta
1074	parser-beta-77	ok	2784.41	queue route zeta index
1075	render-queue-78	ok	1704.34	kappa lambda
1076	delta-socket-79	fail	7571.00	kappa socket
1077	alpha-stream-80	warn	6664.83	queue stream lambda epsilon cache
1078	queue-render-81	skip	7141.12	epsilon lambda epsilon
1079	socket-delta-82	ok	9246.56	worker queue gamma queue route
1080	worker-zeta-83	skip	4111.50	render theta zeta
1081	index-queue-84	warn	8805.07	token kappa route worker epsilon
1082	delta-socket-85	warn	7953.50	epsilon alpha render alpha
1083	index-gamma-86	warn	557.18	sigma route
1084	queue-delta-87	fail	5455.18	gamma gamma sigma sigma render
1085	kappa-lambda-88	skip	2565.39	lambda alpha zeta sigma route
1086	delta-zeta-89	fail	7352.50	cache render render omega
1087	zeta-worker-90	skip	4215.32	lambda parser index parser beta
1088	omega-index-91	warn	3458.92	socket beta route
1089	delta-lambda-92	skip	1533.89	delta kappa delta socket
1090	cache-alpha-93	ok	8449.02	sigma omega epsilon theta
1091	token-beta-94	warn	918.04	index lambda parser
1092	omega-render-95	ok	1799.92	render theta render worker
1093	cache-queue-96	warn	6827.47	kappa zeta route omega
1094	cache-gamma-97	fail	9347.00	kappa alpha
1095	stream-alpha-98	skip	3428.77	lambda alpha parser
1096	lambda-delta-99	fail	1970.72	route token beta sigma
1097	theta-route-100	warn	1318.86	worker gamma render token gamma
1098	gamma-sigma-101	skip	9220.08	route worker
1099	theta-stream-102	ok	3305.60	stream lambda index alpha queue
1100	kappa-render-103	warn	8437.79	epsilon queue socket socket route
1101	stream-render-104	ok	5600.01	delta gamma
1102	epsilon-worker-105	fail	1854.17	alpha omega
1103	theta-theta-106	ok	9774.90	worker index cache stream epsilon
1104	theta-socket-107	warn	7175.64	epsilon stream
1105	queue-kappa-108	fail	8966.00	omega sigma omega omega render
1106	worker-gamma-109	ok	2556.08	kappa alpha zeta
1107	queue-render-110	warn	2835.29	queue cache lambda epsilon lambda
1108	sigma-delta-111	warn	3327.68	token cache sigma socket
1109	socket-stream-112	fail	7115.96	stream zeta cache token kappa
1110	alpha-parser-113	fail	1650.28	sigma parser socket stream
1111	token-alpha-114	warn	913.11	stream parser cache sigma
1112	cache-delta-115	skip	8632.37	epsilon omega cache
1113	render-index-116	fail	5823.06	kappa socket zeta beta
1114	route-parser-117	fail	4880.99	socket delta beta parser theta
1115	index-route-118	warn	6926.07	queue kappa alpha
1116	token-gamma-119	skip	7827.82	gamma stream
1117	token-stream-120	fail	4686.76	socket worker
1118	cache-epsilon-121	skip	1488.10	epsilon theta theta beta token
1119	index-index-122	warn	5657.99	zeta kappa stream theta
1120	token-cache-123	ok	8286.06	delta token stream
1121	kappa-sigma-124	fail	8046.13	socket epsilon parser parser
1122	alpha-stream-125	warn	2923.84	cache alpha render lambda zeta
1123	token-render-126	warn	8659.36	kappa queue beta
1124	zeta-epsilon-127	fail	4878.93	parser token zeta alpha
1125	parser-beta-128	fail	785.87	sigma sigma lambda
1126	socket-omega-129	skip	3372.66	alpha render cache
1127	beta-epsilon-130	skip	3521.30	epsilon index theta
1128	parser-kappa-131	warn	6637.70	sigma route index route
1129	omega-omega-132	fail	564.95	beta omega worker socket parser
1130	gamma-zeta-133	ok	6450.12	socket kappa delta
1131	parser-cache-134	fail	8144.20	stream cache lambda omega
1132	theta-omega-135	warn	3329.22	epsilon queue omega epsilon
1133	lambda-index-136	fail	1543.49	theta beta kappa
1134	queue-zeta-137	warn	107.87	index lambda
1135	alpha-epsilon-138	warn	2295.65	kappa omega parser parser sigma
1136	lambda-kappa-139	skip	6600.10	gamma stream parser render
1137	route-sigma-140	warn	8672.75	sigma zeta zeta worker
1138	index-gamma-141	ok	9381.07	beta omega zeta
1139	worker-alpha-142	warn	6954.63	route kappa lambda index
1140	render-omega-143	warn	9241.39	epsilon route token
1141	lambda-zeta-144	warn	7896.24	worker socket
1142	kappa-alpha-145	warn	465.44	theta alpha sigma
1143	parser-render-146	ok	9771.86	omega lambda epsilon theta zeta
1144	render-parser-147	warn	8603.47	kappa route beta lambda stream
1145	delta-stream-148	fail	3175.04	cache zeta stream
1146	route-socket-149	skip	5339.17	parser queue
1147	cache-queue-150	skip	6354.52	theta sigma socket delta token
1148	gamma-stream-151	warn	8230.20	gamma theta gamma
1149	kappa-cache-152	fail	1729.35	cache gamma alpha
1150	worker-gamma-153	fail	4062.09	worker parser delta socket
1151	index-parser-154	skip	6743.24	beta delta
1152	gamma-beta-155	ok	5721.04	epsilon route theta gamma
1153	worker-stream-156	fail	3028.35	queue route queue
1154	zeta-cache-157	ok	2548.49	epsilon index socket route cache
1155	delta-kappa-158	skip	1442.67	beta socket alpha queue cache
1156	theta-route-159	fail	4697.86	omega queue theta stream
1157	token-beta-160	ok	718.62	lambda parser
1158	kappa-parser-161	warn	6335.85	omega epsilon stream epsilon sigma
1159	queue-beta-162	warn	3173.91	stream render
1160	cache-worker-163	skip	8998.58	render gamma render kappa
1161	omega-render-164	fail	7412.60	lambda omega queue worker
1162	alpha-zeta-165	ok	892.04	alpha stream parser kappa
1163	lambda-token-166	warn	5036.55	delta index render epsilon
1164	route-beta-167	fail	6259.12	lambda stream cache
1165	worker-zeta-168	skip	3623.42	theta parser alpha parser zeta
1166	epsilon-stream-169	ok	6026.29	kappa epsilon
1167	queue-token-170	fail	3728.18	queue route epsilon
1168	token-kappa-171	warn	3214.87	stream index worker queue cache
1169	delta-worker-172	fail	9595.62	worker socket gamma
1170	gamma-epsilon-173	warn	8591.15	gamma kappa lambda token
1171	socket-index-174	ok	7801.92	epsilon gamma render omega
1172	token-alpha-175	warn	4541.87	gamma parser stream
1173	route-cache-176	fail	853.34	theta lambda zeta queue
1174	epsilon-theta-177	fail	4421.96	socket theta beta
1175	queue-lambda-178	warn	424.25	queue parser lambda socket
1176	delta-render-179	warn	5367.33	sigma beta token
1177	gamma-cache-180	warn	7114.66	sigma worker parser beta
1178	worker-socket-181	ok	729.98	render epsilon cache omega worker
1179	epsilon-kappa-182	warn	3205.01	epsilon route omega socket socket
1180	epsilon-socket-183	fail	3531.89	worker sigma queue
1181	theta-parser-184	fail	5717.31	worker zeta gamma
1182	queue-alpha-185	warn	9769.40	render stream epsilon delta sigma
1183	zeta-beta-186	ok	3800.71	delta socket queue epsilon
1184	render-index-187	fail	6717.88	gamma token
1185	beta-token-188	fail	6863.69	index theta render alpha
1186	delta-cache-189	warn	6068.86	theta delta alpha alpha parser
1187	alpha-stream-190	fail	8384.03	gamma lambda kappa queue worker
1188	delta-alpha-191	fail	5441.81	worker epsilon index
1189	parser-omega-192	skip	5132.75	delta delta
1190	route-delta-193	ok	7392.28	kappa parser lambda kappa
1191	index-theta-194	skip	2191.01	token gamma
1192	sigma-index-195	fail	9652.52	index zeta
1193	epsilon-route-196	skip	837.01	worker delta gamma worker
1194	lambda-epsilon-197	skip	463.15	theta worker stream delta
1195	omega-omega-198	warn	8785.57	token queue gamma beta
1196	lambda-token-199	ok	7054.62	socket index route
1197	worker-kappa-200	fail	8604.51	render beta alpha token
1198	route-cache-201	ok	7725.90	omega worker socket
1199	sigma-lambda-202	skip	5526.07	route stream token index
1200	beta-gamma-203	fail	5118.28	beta token kappa
1201	token-queue-204	ok	4624.34	theta parser index omega sigma
1202	stream-cache-205	skip	2197.14	socket alpha
1203	token-queue-206	fail	7839.04	lambda gamma parser token
1204	cache-theta-207	ok	9922.28	cache gamma
1205	delta-alpha-208	ok	2626.41	epsilon delta
1206	gamma-route-209	ok	8279.97	socket gamma lambda
1207	kappa-epsilon-210	skip	5060.73	zeta route gamma worker
1208	render-token-211	fail	7580.53	gamma socket delta kappa socket
1209	kappa-lambda-212	warn	9846.42	alpha socket render
1210	sigma-render-213	ok	2172.57	token cache socket stream
1211	worker-sigma-214	fail	9475.39	theta worker
1212	delta-route-215	fail	3787.07	zeta epsilon lambda
1213	omega-delta-216	ok	1541.15	index socket gamma
1214	omega-kappa-217	warn	2206.73	beta kappa epsilon sigma theta
1215	epsilon-cache-218	ok	1876.26	queue beta worker queue socket
1216	kappa-kappa-219	ok	8514.14	kappa token beta epsilon epsilon
1217	token-index-220	warn	5828.46	worker parser
1218	delta-parser-221	skip	4351.45	socket epsilon
1219	alpha-alpha-222	skip	7807.39	alpha socket route token
1220	sigma-alpha-223	warn	2402.53	zeta stream epsilon kappa
1221	lambda-route-224	skip	7842.11	zeta index token beta parser
1222	alpha-queue-225	ok	5779.96	gamma token omega
1223	alpha-worker-226	fail	117.41	queue index kappa route
1224	cache-epsilon-227	skip	3069.40	socket index index
1225	lambda-theta-228	ok	9205.60	epsilon delta delta queue theta
1226	epsilon-queue-229	skip	5476.80	parser sigma beta worker
1227	parser-render-230	fail	1127.12	parser worker stream zeta delta
1228	beta-zeta-231	warn	8753.27	route queue index socket stream
1229	route-epsilon-232	ok	7376.40	parser cache
1230	gamma-worker-233	skip	3067.41	lambda render render token omega
1231	token-alpha-234	fail	4790.50	zeta worker
1232	route-index-235	fail	7761.67	epsilon epsilon kappa delta
1233	cache-stream-236	skip	9913.61	parser omega
1234	socket-stream-237	fail	8888.00	epsilon kappa cache delta parser
1235	cache-cache-238	warn	8749.36	sigma omega
1236	cache-kappa-239	skip	9837.91	delta sigma sigma epsilon sigma
1237	epsilon-queue-240	ok	5512.71	beta theta
1238	stream-alpha-241	fail	2089.95	alpha epsilon render gamma delta
1239	delta-gamma-242	ok	7000.51	alpha kappa sigma parser worker
1240	queue-queue-243	fail	3854.13	socket omega
1241	gamma-worker-244	warn	4289.79	omega omega
1242	stream-cache-245	skip	2016.78	index token parser parser
1243	render-index-246	fail	4080.38	gamma render
1244	theta-beta-247	skip	7074.70	index queue theta zeta
1245	token-kappa-248	skip	1011.67	parser theta
1246	index-sigma-249	warn	9707.99	stream route
1247	token-beta-250	ok	6265.01	alpha gamma route worker
1248	route-render-251	ok	5600.16	render token stream beta
1249	stream-index-252	warn	3774.36	token omega stream cache
1250	delta-sigma-253	skip	601.40	render queue alpha beta token
1251	zeta-lambda-254	skip	9111.00	worker delta delta sigma
1252	sigma-index-255	warn	6019.98	parser epsilon gamma parser epsilon
1253	render-theta-256	ok	1510.02	epsilon beta
1254	kappa-omega-257	fail	5592.92	lambda gamma lambda gamma
1255	omega-delta-258	skip	2367.05	queue delta epsilon stream kappa
1256	token-theta-259	fail	7109.21	beta beta stream index
1257	gamma-queue-260	skip	1785.83	gamma sigma token index
1258	render-worker-261	ok	9531.26	theta socket delta
1259	beta-cache-262	fail	1562.09	stream delta cache
1260	epsilon-queue-263	warn	8668.53	delta omega parser gamma gamma
1261	render-lambda-264	skip	6414.42	sigma lambda render theta zeta
1262	kappa-worker-265	skip	4141.70	epsilon zeta parser stream
1263	theta-alpha-266	ok	3795.38	omega token theta omega
1264	delta-theta-267	warn	9570.55	render queue theta token
1265	render-alpha-268	warn	5166.93	render socket stream zeta worker
1266	sigma-omega-269	fail	9886.31	worker stream token zeta
1267	zeta-lambda-270	fail	8436.14	lambda delta zeta
1268	index-route-271	warn	1368.11	beta worker worker
1269	sigma-socket-272	ok	5.00	alpha index epsilon zeta alpha
1270	route-cache-273	warn	744.23	kappa token sigma alpha
1271	zeta-beta-274	warn	9158.52	beta lambda socket index
1272	delta-render-275	warn	9633.01	parser stream index sigma
1273	epsilon-token-276	ok	2941.42	index epsilon stream kappa token
1274	epsilon-alpha-277	warn	1170.45	parser omega worker delta token
1275	delta-kappa-278	warn	5984.43	alpha beta omega
1276	stream-epsilon-279	fail	676.05	stream stream index delta epsilon
1277	worker-parser-280	fail	6182.51	parser alpha sigma delta epsilon
1278	theta-worker-281	warn	3277.86	socket epsilon epsilon
1279	beta-stream-282	skip	799.77	sigma zeta
1280	zeta-stream-283	ok	314.38	token zeta lambda
1281	cache-beta-284	skip	1885.85	render worker alpha zeta render
1282	route-queue-285	warn	9106.88	epsilon zeta socket stream
1283	cache-beta-286	warn	7144.10	omega alpha lambda render index
1284	token-worker-287	skip	5965.82	socket gamma theta queue
1285	cache-zeta-288	skip	3019.77	gamma index token socket worker
1286	worker-lambda-289	ok	8677.85	render zeta gamma token
1287	render-beta-290	skip	736.09	worker parser delta route sigma
1288	stream-sigma-291	ok	8239.49	worker cache
1289	zeta-queue-292	ok	1246.31	epsilon render gamma lambda beta
1290	stream-theta-293	ok	143.66	beta socket epsilon gamma theta
1291	omega-kappa-294	warn	7267.06	beta delta cache socket gamma
1292	sigma-token-295	fail	1849.92	parser theta queue gamma
1293	zeta-route-296	warn	2273.11	kappa alpha alpha
1294	render-token-297	warn	1639.79	token beta route
1295	socket-gamma-298	ok	542.80	token worker lambda socket epsilon
1296	theta-index-299	skip	6463.07	omega socket gamma parser
1297	cache-queue-300	warn	685.02	lambda queue
1298	gamma-render-301	fail	7163.77	sigma omega epsilon
1299	alpha-route-302	ok	8633.16	zeta alpha
1300	zeta-lambda-303	warn	1180.58	alpha queue route beta sigma
1301	theta-delta-304	skip	3926.06	socket sigma beta token
1302	queue-render-305	skip	9865.98	beta worker gamma
1303	parser-theta-306	warn	5864.08	zeta parser queue queue
1304	worker-alpha-307	warn	6160.20	epsilon delta token epsilon socket
1305	beta-kappa-308	ok	3548.72	delta gamma
1306	sigma-epsilon-309	skip	2343.47	parser index lambda
1307	cache-token-310	ok	4248.73	queue gamma socket
1308	gamma-theta-311	ok	7808.75	route alpha queue
1309	socket-index-312	fail	9207.15	kappa theta
1310	beta-socket-313	skip	7169.43	omega theta render lambda
1311	queue-queue-314	skip	9847.30	index stream kappa omega
1312	omega-lambda-315	skip	1270.52	zeta epsilon route route theta
1313	queue-beta-316	skip	4131.36	kappa zeta
1314	alpha-index-317	ok	9.51	beta theta socket epsilon theta
1315	parser-beta-318	fail	8548.53	delta render
1316	cache-route-319	skip	4061.12	route beta stream lambda
1317	queue-lambda-320	skip	4098.23	render sigma
1318	epsilon-cache-321	warn	4391.96	alpha token
1319	worker-route-322	fail	3131.83	alpha epsilon cache render
1320	omega-token-323	ok	7584.31	theta stream
1321	delta-stream-324	fail	8846.08	delta lambda
1322	token-beta-325	warn	9282.67	theta render omega token lambda
1323	stream-worker-326	warn	9865.87	delta cache
1324	cache-zeta-327	warn	4266.87	alpha index delta
1325	sigma-route-328	skip	3599.95	zeta cache sigma omega lambda
1326	route-gamma-329	skip	4587.32	beta gamma
1327	queue-theta-330	skip	1573.30	render epsilon
1328	alpha-worker-331	warn	6923.82	zeta zeta index alpha
1329	gamma-render-332	skip	8025.54	route zeta kappa
1330	token-kappa-333	skip	878.67	route epsilon beta cache stream
1331	parser-zeta-334	ok	2382.68	gamma token
1332	render-stream-335	fail	4618.99	delta render kappa
1333	socket-zeta-336	warn	7007.81	alpha omega kappa
1334	render-omega-337	skip	7413.48	alpha omega route delta
1335	stream-zeta-338	ok	7886.66	render route socket queue omega
1336	stream-beta-339	ok	280.77	stream beta alpha
1337	kappa-beta-340	skip	3381.95	alpha route
1338	zeta-theta-341	skip	2930.02	worker queue queue beta
1339	alpha-alpha-342	warn	253.81	route socket
1340	beta-alpha-343	ok	4265.87	zeta worker
1341	index-render-344	ok	7831.26	render render kappa lambda queue
1342	kappa-stream-345	warn	4969.26	render render
1343	socket-stream-346	warn	6829.75	theta stream omega alpha
1344	alpha-cache-347	fail	1811.71	epsilon stream theta
1345	zeta-sigma-348	ok	3577.09	cache token
1346	delta-cache-349	warn	4208.15	zeta omega beta render index
1347	queue-socket-350	skip	4373.10	zeta omega socket worker
1348	index-kappa-351	skip	5714.81	route alpha lambda render
1349	parser-alpha-352	fail	6788.88	gamma route
1350	worker-epsilon-353	fail	1165.29	lambda beta
1351	epsilon-epsilon-354	ok	9531.54	beta render delta theta
1352	theta-gamma-355	skip	5471.38	token parser index stream
1353	delta-beta-356	warn	9516.61	gamma token lambda parser
1354	route-worker-357	ok	109.03	alpha queue stream beta
1355	zeta-zeta-358	skip	5505.83	beta zeta omega beta epsilon
1356	worker-kappa-359	warn	5320.44	kappa stream
1357	gamma-parser-360	warn	1958.53	omega stream sigma gamma
1358	sigma-gamma-361	skip	5296.56	theta socket
1359	delta-worker-362	warn	4571.17	gamma epsilon
1360	render-cache-363	warn	5668.23	render worker
1361	omega-worker-364	warn	9115.29	zeta beta delta cache
1362	socket-route-365	ok	2232.11	index index
1363	socket-worker-366	ok	6473.17	socket worker
1364	token-alpha-367	ok	4915.85	route epsilon delta socket
1365	delta-epsilon-368	warn	6268.22	render cache
1366	epsilon-worker-369	fail	5637.40	route queue parser omega omega
1367	zeta-index-370	ok	6380.62	kappa cache cache render
1368	stream-index-371	skip	9371.55	kappa queue
1369	sigma-sigma-372	ok	3844.23	parser socket queue
1370	render-omega-373	ok	2927.75	theta cache
1371	socket-parser-374	warn	9877.19	worker socket alpha
1372	worker-theta-375	ok	4415.27	lambda index
1373	queue-stream-376	warn	3292.00	omega index route cache
1374	socket-gamma-377	ok	8365.60	lambda theta delta epsilon gamma
1375	theta-token-378	skip	4417.39	route zeta worker omega render
1376	render-sigma-379	fail	5898.28	socket theta
1377	lambda-parser-380	skip	5285.56	route kappa omega
1378	index-render-381	warn	7543.18	theta stream omega token epsilon
1379	cache-index-382	ok	4106.11	socket cache alpha render
1380	zeta-route-383	ok	4291.69	queue route kappa index worker
1381	cache-token-384	fail	2820.55	beta lambda delta index
1382	stream-socket-385	ok	9682.43	route omega theta index
1383	omega-parser-386	fail	9477.68	render gamma
1384	render-index-387	fail	8138.73	cache route gamma worker
1385	omega-queue-388	skip	72.45	render socket render gamma alpha
1386	index-epsilon-389	skip	4473.02	theta token
1387	worker-delta-390	fail	8808.61	worker render cache lambda zeta
1388	route-epsilon-391	fail	1475.81	omega index
1389	index-token-392	ok	3695.73	parser omega
1390	stream-omega-393	warn	5748.46	route queue zeta
1391	sigma-beta-394	fail	4030.02	route alpha cache
1392	sigma-epsilon-395	skip	5637.99	cache token token
1393	kappa-lambda-396	skip	6366.32	worker stream index
1394	epsilon-token-397	ok	1544.85	alpha kappa kappa
1395	worker-lambda-398	ok	2707.12	socket lambda cache cache
1396	worker-zeta-399	skip	9439.96	sigma index parser index cache
1397	lambda-worker-400	fail	1071.07	omega kappa omega alpha queue
1398	stream-delta-401	skip	7961.88	index lambda stream
1399	token-socket-402	warn	5877.61	gamma render beta
1400	cache-cache-403	ok	4167.91	sigma queue
1401	lambda-alpha-404	fail	1229.30	worker kappa epsilon delta cache
1402	queue-epsilon-405	warn	3866.86	theta alpha epsilon epsilon theta
1403	sigma-epsilon-406	fail	1560.94	index epsilon zeta
1404	epsilon-token-407	skip	411.36	beta epsilon sigma
1405	gamma-omega-408	fail	8391.77	omega delta epsilon zeta
1406	epsilon-worker-409	ok	4060.91	omega gamma
1407	gamma-route-410	warn	9836.02	beta omega render worker
1408	index-sigma-411	warn	5858.16	kappa worker route queue parser
1409	beta-gamma-412	skip	1936.71	delta gamma alpha
1410	sigma-parser-413	warn	8572.27	render stream beta worker
1411	worker-lambda-414	skip	7674.64	stream beta worker queue index
1412	cache-route-415	ok	5896.48	worker cache
1413	worker-delta-416	ok	3827.37	render render gamma parser
1414	index-socket-417	warn	2686.43	index zeta beta
1415	sigma-socket-418	ok	5452.77	index kappa parser route
1416	theta-socket-419	ok	1368.88	queue index epsilon
1417	sigma-delta-420	warn	7610.04	cache theta delta
1418	theta-delta-421	skip	2942.70	alpha sigma token delta
1419	theta-beta-422	skip	8918.86	queue route
1420	token-alpha-423	skip	589.62	route render delta
1421	token-token-424	warn	4690.47	parser render stream stream route
1422	zeta-render-425	skip	8786.98	parser route
1423	alpha-lambda-426	warn	2603.45	cache render
1424	omega-worker-427	skip	4388.42	omega cache alpha zeta
1425	socket-token-428	ok	6433.40	beta sigma parser
1426	alpha-parser-429	skip	5783.21	index zeta sigma
1427	token-lambda-430	warn	7346.12	queue beta kappa
1428	lambda-kappa-431	fail	7899.42	delta index kappa route socket
1429	gamma-token-432	skip	3094.24	render render epsilon gamma kappa
1430	worker-index-433	skip	1409.90	epsilon delta render route
1431	gamma-queue-434	skip	339.27	kappa render
1432	beta-index-435	skip	9328.29	zeta omega parser
1433	omega-route-436	warn	1564.64	queue socket omega
1434	lambda-gamma-437	ok	4689.51	zeta token
1435	index-zeta-438	ok	6960.22	index epsilon kappa zeta beta
1436	lambda-cache-439	ok	7921.48	token token epsilon
1437	sigma-theta-440	skip	4852.40	parser epsilon
1438	cache-socket-441	fail	2456.85	zeta omega stream sigma worker
1439	sigma-socket-442	skip	7081.07	socket index worker
1440	cache-token-443	warn	4851.89	worker route theta socket epsilon
1441	sigma-alpha-444	warn	9246.06	stream parser socket route index
1442	omega-token-445	skip	8203.15	worker render render render beta
1443	queue-worker-446	fail	819.31	theta gamma epsilon alpha
1444	parser-beta-447	fail	799.46	parser zeta render
1445	cache-beta-448	fail	4633.76	worker sigma lambda gamma
1446	kappa-kappa-449	ok	7758.79	theta cache
1447	zeta-alpha-450	fail	826.66	stream socket queue
1448	parser-kappa-451	skip	3316.27	zeta delta render route
1449	sigma-socket-452	ok	3858.34	beta kappa socket route cache
1450	token-theta-453	warn	4198.90	sigma kappa socket
1451	lambda-omega-454	skip	8827.83	delta parser
1452	sigma-delta-455	fail	8425.90	kappa beta omega epsilon
1453	alpha-lambda-456	skip	2833.70	epsilon epsilon
1454	parser-cache-457	fail	1998.59	socket epsilon
1455	zeta-sigma-458	ok	7548.19	stream index lambda route
1456	zeta-route-459	fail	3371.11	cache stream zeta token zeta
1457	alpha-alpha-460	warn	8712.22	token theta kappa
1458	token-zeta-461	ok	3169.16	theta cache
1459	omega-cache-462	fail	7309.57	kappa beta socket
1460	route-beta-463	warn	5861.05	beta lambda
1461	alpha-parser-464	fail	2929.32	parser omega delta
1462	omega-alpha-465	skip	1513.75	stream index theta alpha zeta
1463	epsilon-worker-466	fail	9990.25	worker cache theta alpha
1464	gamma-stream-467	skip	270.99	alpha parser alpha socket lambda
1465	worker-stream-468	ok	4888.63	index render lambda sigma
1466	socket-epsilon-469	fail	5041.99	epsilon render
1467	gamma-route-470	warn	5904.54	route beta
1468	cache-route-471	skip	6510.37	alpha route
1469	gamma-route-472	skip	4415.97	epsilon token zeta
1470	epsilon-worker-473	fail	6696.70	worker index render cache route
1471	gamma-sigma-474	skip	8806.60	queue beta queue sigma
1472	alpha-parser-475	ok	7699.78	alpha cache queue delta omega
1473	token-route-476	skip	5292.91	token cache index index
1474	parser-cache-477	fail	2426.63	delta gamma beta render
1475	lambda-parser-478	fail	5256.17	theta gamma socket omega render
1476	omega-epsilon-479	skip	5551.29	beta index stream
1477	omega-stream-480	warn	8524.78	socket beta
1478	render-delta-481	skip	253.47	stream beta beta route
1479	epsilon-omega-482	ok	2153.19	worker kappa
1480	index-queue-483	warn	9419.95	delta token lambda stream theta
1481	omega-index-484	skip	5136.43	cache cache socket
1482	stream-kappa-485	fail	577.36	omega omega sigma worker
1483	cache-lambda-486	warn	6880.47	parser route beta omega theta
1484	lambda-index-487	ok	2866.11	theta route
1485	lambda-lambda-488	skip	7685.12	worker delta theta socket token
1486	cache-lambda-489	warn	2887.96	render kappa epsilon
1487	omega-route-490	warn	7117.96	token zeta route stream stream
1488	route-zeta-491	skip	141.40	token stream lambda epsilon
1489	lambda-queue-492	skip	859.11	socket beta
1490	kappa-lambda-493	fail	4964.79	render token lambda
1491	theta-parser-494	skip	7602.44	render kappa lambda
1492	kappa-socket-495	fail	6686.60	render zeta queue epsilon beta
1493	theta-theta-496	skip	4891.00	index queue gamma
1494	theta-parser-497	skip	2317.20	alpha beta
1495	socket-zeta-498	fail	1827.42	gamma omega socket delta
1496	beta-index-499	ok	5733.13	lambda queue stream theta
1497	stream-zeta-500	skip	8111.82	kappa sigma kappa kappa
1498	alpha-socket-501	warn	6842.03	render epsilon
1499	theta-beta-502	fail	2815.08	index lambda beta gamma
1500	cache-stream-503	ok	1545.63	lambda token index gamma
1501	sigma-token-504	warn	8944.26	parser cache worker
1502	delta-route-505	skip	770.69	sigma socket index parser cache
1503	route-index-506	fail	5837.60	delta parser
1504	index-parser-507	fail	4822.85	zeta epsilon
1505	zeta-token-508	skip	2049.27	omega route
1506	worker-parser-509	fail	7970.73	worker gamma omega token queue
1507	index-theta-510	ok	7254.64	cache theta alpha
1508	worker-render-511	warn	2700.12	route gamma cache socket
1509	kappa-stream-512	warn	2967.84	route zeta socket
1510	queue-epsilon-513	warn	9458.34	zeta socket
1511	epsilon-token-514	fail	8339.64	alpha kappa zeta lambda cache
1512	kappa-parser-515	fail	2666.57	delta zeta delta socket token
1513	alpha-lambda-516	fail	1008.12	beta kappa
1514	route-index-517	skip	5737.38	socket beta queue epsilon
1515	stream-token-518	ok	9078.92	kappa omega
1516	token-index-519	warn	8341.03	parser sigma delta omega delta
1517	stream-alpha-520	fail	2063.38	stream worker lambda
1518	parser-render-521	skip	8633.21	render lambda
1519	token-render-522	warn	4689.31	token zeta route sigma route
1520	lambda-gamma-523	skip	3033.94	omega render gamma beta parser
1521	beta-beta-524	ok	3531.96	route theta route alpha gamma
1522	epsilon-cache-525	skip	5062.76	worker delta
1523	token-zeta-526	skip	4057.83	cache queue epsilon theta
1524	cache-queue-527	ok	5752.90	epsilon epsilon worker
1525	alpha-socket-528	warn	5569.24	gamma gamma
1526	index-alpha-529	ok	8400.31	gamma parser
1527	queue-alpha-530	fail	5856.39	kappa zeta
1528	zeta-delta-531	skip	7819.42	kappa kappa route token
1529	epsilon-delta-532	skip	9523.90	lambda gamma stream epsilon
1530	beta-queue-533	skip	2231.76	queue cache socket epsilon socket
1531	kappa-parser-534	fail	7418.07	theta stream route
1532	lambda-route-535	fail	8175.96	route sigma stream
1533	alpha-delta-536	skip	8148.01	theta kappa cache
1534	token-token-537	warn	8434.62	sigma cache worker epsilon
1535	worker-beta-538	ok	7200.79	worker sigma
1536	kappa-index-539	fail	1512.50	parser epsilon alpha
1537	gamma-kappa-540	ok	8452.87	theta beta render sigma
1538	beta-lambda-541	warn	9463.34	index kappa theta cache
1539	omega-cache-542	skip	2524.15	lambda sigma epsilon parser alpha
1540	token-stream-543	warn	1790.89	render parser queue
1541	cache-theta-544	warn	6815.03	index gamma
1542	token-sigma-545	fail	5158.35	sigma epsilon token stream
1543	cache-parser-546	ok	7547.50	omega omega
1544	beta-zeta-547	skip	1141.76	socket beta
1545	queue-zeta-548	fail	8850.49	gamma theta route
1546	sigma-epsilon-549	warn	9857.71	zeta stream lambda worker
1547	epsilon-sigma-550	warn	4104.79	lambda delta render sigma token
1548	alpha-sigma-551	fail	7467.30	zeta sigma theta stream cache
1549	parser-beta-552	ok	6343.53	epsilon parser delta
1550	omega-omega-553	warn	9281.57	beta sigma stream kappa index
1551	delta-lambda-554	fail	4591.22	stream kappa omega beta
1552	worker-socket-555	skip	5064.10	render zeta gamma kappa render
1553	omega-lambda-556	warn	9467.41	alpha kappa kappa index alpha
1554	beta-theta-557	skip	5038.59	beta cache
1555	delta-delta-558	fail	9920.83	stream beta
1556	token-worker-559	fail	535.25	index stream lambda render lambda
1557	worker-sigma-560	skip	2675.01	beta omega render
1558	route-cache-561	skip	5744.69	token token queue
1559	beta-queue-562	skip	7650.57	lambda zeta stream cache kappa
1560	index-delta-563	fail	2140.34	route token
1561	queue-socket-564	warn	1156.53	lambda socket zeta
1562	route-alpha-565	ok	5930.38	zeta index worker worker delta
1563	route-worker-566	ok	5143.92	index socket render
1564	worker-lambda-567	warn	6119.85	gamma token zeta sigma
1565	render-cache-568	fail	4870.66	epsilon socket omega
1566	beta-parser-569	warn	1880.26	kappa theta render token zeta
1567	socket-alpha-570	ok	2082.62	beta gamma lambda
1568	parser-kappa-571	fail	480.20	render render queue delta render
1569	omega-sigma-572	fail	9668.78	sigma epsilon kappa
1570	socket-render-573	skip	1507.05	omega sigma cache
1571	sigma-index-574	fail	6715.73	parser route alpha
1572	cache-zeta-575	fail	5457.33	alpha kappa kappa epsilon socket
1573	beta-token-576	warn	8581.66	delta theta kappa socket
1574	route-token-577	ok	7760.32	theta worker omega
1575	cache-cache-578	ok	9646.37	worker render parser stream token
1576	kappa-kappa-579	warn	4624.00	sigma cache epsilon
1577	omega-render-580	warn	9209.13	stream alpha zeta route
1578	socket-stream-581	skip	7307.79	lambda route socket stream
1579	worker-index-582	warn	6490.11	zeta queue gamma
1580	omega-beta-583	skip	417.74	omega lambda beta token
1581	cache-lambda-584	ok	1624.95	delta omega worker
1582	worker-parser-585	ok	5081.46	alpha worker
1583	token-gamma-586	warn	621.68	alpha token theta epsilon
1584	theta-epsilon-587	ok	2330.55	omega cache socket worker
1585	index-parser-588	skip	9257.79	omega socket
1586	sigma-alpha-589	skip	9049.44	cache queue queue
1587	theta-zeta-590	ok	6072.78	parser epsilon
1588	alpha-render-591	ok	9777.08	token parser kappa worker
1589	lambda-zeta-592	warn	2813.23	kappa alpha epsilon
1590	queue-epsilon-593	warn	1994.25	stream cache token
1591	omega-beta-594	fail	6276.98	worker alpha worker beta
1592	lambda-token-595	skip	916.69	omega kappa beta render
1593	alpha-token-596	warn	8205.07	queue worker render
1594	theta-kappa-597	skip	3052.95	beta worker cache theta
1595	render-kappa-598	ok	3493.41	delta index sigma route omega
1596	zeta-token-599	skip	9624.87	queue theta delta
1597	beta-worker-600	ok	2288.24	render gamma gamma queue worker
1598	parser-delta-601	ok	170.54	beta beta gamma delta
1599	token-socket-602	warn	6487.15	lambda kappa alpha
1600	worker-route-603	ok	4882.45	route alpha omega
1601	gamma-parser-604	ok	4498.22	worker lambda socket gamma omega
1602	sigma-kappa-605	fail	2539.79	delta token theta theta socket
1603	beta-parser-606	skip	3394.65	queue theta
1604	index-stream-607	skip	5571.39	delta parser worker
1605	gamma-token-608	ok	7657.88	route socket delta lambda
1606	route-epsilon-609	warn	7629.13	cache omega
1607	omega-route-610	skip	9481.48	sigma render
1608	theta-alpha-611	skip	6942.17	zeta zeta
1609	zeta-token-612	ok	7284.20	alpha lambda delta
1610	parser-zeta-613	ok	8338.20	kappa parser stream index
1611	index-theta-614	warn	5936.56	gamma kappa socket
1612	theta-theta-615	warn	3590.35	stream token socket theta beta
1613	theta-lambda-616	warn	4462.38	kappa delta render
1614	alpha-route-617	skip	3326.03	parser delta alpha kappa
1615	theta-route-618	warn	8939.99	delta theta
1616	epsilon-theta-619	fail	1018.99	stream beta parser
1617	sigma-theta-620	ok	1665.78	token gamma stream index
1618	stream-zeta-621	skip	8993.82	omega zeta cache
1619	beta-lambda-622	ok	1523.62	omega worker epsilon kappa socket
1620	cache-stream-623	warn	3142.66	alpha sigma parser
1621	index-worker-624	warn	8730.69	zeta lambda gamma sigma
1622	kappa-index-625	warn	8065.16	route beta
1623	omega-route-626	warn	5454.48	omega queue sigma alpha
1624	queue-alpha-627	ok	418.36	worker route queue kappa epsilon
1625	beta-token-628	fail	5272.51	delta queue
1626	gamma-lambda-629	ok	4941.15	route token render delta
1627	token-omega-630	fail	502.63	beta token token worker
1628	token-socket-631	ok	657.15	parser render route gamma epsilon
1629	queue-theta-632	skip	7246.79	parser queue index epsilon
1630	alpha-queue-633	ok	7414.23	alpha token zeta zeta beta
1631	token-index-634	warn	9033.44	omega zeta index token
1632	token-stream-635	skip	808.84	parser beta
1633	index-index-636	fail	3944.18	token cache gamma
1634	lambda-theta-637	warn	7214.51	worker theta socket
1635	epsilon-queue-638	fail	1224.46	gamma sigma index epsilon
1636	parser-epsilon-639	skip	2614.15	index beta
1637	token-alpha-640	fail	4498.48	queue sigma alpha beta theta
1638	index-epsilon-641	fail	2764.74	beta index queue token
1639	sigma-index-642	skip	4358.02	parser delta socket parser
1640	gamma-lambda-643	warn	3672.71	cache route cache
1641	zeta-route-644	fail	7471.36	index token
1642	alpha-index-645	fail	8671.18	alpha parser token lambda lambda
1643	zeta-render-646	ok	2563.11	worker cache zeta socket
1644	omega-parser-647	warn	2463.98	kappa alpha
1645	stream-sigma-648	fail	3870.89	delta kappa socket delta worker
1646	queue-epsilon-649	fail	385.51	route kappa
1647	sigma-cache-650	skip	9325.91	lambda stream theta index beta
1648	zeta-omega-651	warn	5238.01	token sigma route parser
1649	lambda-lambda-652	warn	4517.62	route index queue parser
1650	worker-epsilon-653	skip	3235.74	epsilon queue
1651	parser-alpha-654	fail	263.16	render stream kappa gamma
1652	stream-lambda-655	fail	8951.91	beta theta zeta alpha
1653	lambda-theta-656	warn	2253.18	sigma zeta
1654	queue-gamma-657	ok	7568.63	gamma parser zeta index omega
1655	worker-epsilon-658	ok	245.77	delta stream lambda
1656	worker-token-659	ok	7309.37	socket index render stream socket
1657	zeta-parser-660	skip	3036.93	worker gamma cache stream
1658	cache-token-661	fail	7677.79	index cache theta gamma index
1659	cache-stream-662	skip	8260.16	worker epsilon theta
1660	worker-queue-663	skip	6578.37	omega lambda
1661	theta-gamma-664	warn	4553.77	render beta
1662	route-gamma-665	warn	2203.63	index render epsilon index
1663	index-socket-666	ok	5213.44	render index delta lambda
1664	index-delta-667	skip	1038.42	render index kappa worker
1665	sigma-zeta-668	fail	8702.84	route sigma queue theta epsilon
1666	omega-alpha-669	skip	162.32	lambda kappa alpha index
1667	zeta-parser-670	skip	215.33	beta worker beta zeta zeta
1668	zeta-index-671	fail	8276.42	omega theta delta cache epsilon
1669	sigma-render-672	fail	997.66	omega index stream zeta cache
1670	epsilon-beta-673	skip	1956.73	render queue
1671	render-stream-674	skip	562.72	render token
1672	delta-index-675	warn	415.79	queue zeta stream sigma
1673	alpha-beta-676	warn	1422.26	alpha delta alpha alpha
1674	lambda-token-677	ok	6388.15	route delta
1675	sigma-delta-678	fail	8527.28	token index token
1676	alpha-queue-679	ok	3643.54	lambda alpha epsilon socket
1677	cache-render-680	skip	7050.79	omega render gamma kappa sigma
1678	alpha-stream-681	warn	4467.00	alpha route token kappa
1679	worker-sigma-682	skip	2387.64	epsilon zeta token
1680	cache-zeta-683	skip	8550.91	render socket alpha epsilon zeta
1681	token-omega-684	warn	2903.29	beta beta
1682	delta-index-685	skip	7120.10	render delta worker worker
1683	stream-beta-686	warn	3255.19	cache parser cache index beta
1684	queue-render-687	fail	1529.98	delta route theta
1685	index-index-688	skip	1681.73	render sigma route
1686	token-theta-689	warn	1093.16	sigma stream
1687	gamma-index-690	skip	7310.53	gamma index kappa
1688	gamma-sigma-691	skip	6211.64	cache sigma gamma theta gamma
1689	token-alpha-692	fail	726.71	epsilon kappa cache alpha
1690	socket-sigma-693	fail	1191.47	render alpha sigma render parser
1691	queue-epsilon-694	skip	126.92	beta socket kappa
1692	route-epsilon-695	fail	2661.04	delta route gamma omega omega
1693	stream-queue-696	ok	8047.36	zeta worker kappa sigma zeta
1694	theta-kappa-697	fail	3121.50	parser queue
1695	kappa-index-698	warn	7585.13	sigma token token cache render
1696	cache-index-699	skip	3469.77	render sigma alpha
1697	zeta-stream-700	skip	5211.03	epsilon worker
1698	parser-route-701	ok	4339.06	kappa alpha kappa token token
1699	token-index-702	warn	1324.27	kappa gamma sigma index worker
1700	kappa-index-703	fail	7855.36	omega parser
1701	parser-render-704	skip	9032.33	queue route cache
1702	stream-stream-705	warn	3068.02	alpha index epsilon
1703	omega-alpha-706	ok	8474.54	sigma zeta alpha gamma gamma
1704	token-stream-707	ok	245.28	kappa render route kappa
1705	cache-token-708	ok	5510.01	cache stream lambda omega
1706	index-zeta-709	skip	9905.69	delta token stream
1707	beta-beta-710	ok	9215.89	index route kappa gamma kappa
1708	omega-stream-711	ok	8623.57	queue cache
1709	socket-worker-712	fail	866.89	theta omega sigma
1710	omega-theta-713	ok	3971.72	parser zeta
1711	render-stream-714	fail	4956.61	lambda lambda route
1712	beta-stream-715	ok	5805.62	theta kappa
1713	queue-token-716	warn	3983.39	parser socket worker alpha
1714	index-delta-717	ok	2159.32	delta stream
1715	render-omega-718	skip	2928.97	zeta gamma
1716	beta-sigma-719	skip	3386.06	render stream route epsilon stream
1717	parser-alpha-720	fail	2364.21	kappa epsilon route cache gamma
1718	sigma-queue-721	fail	4132.20	delta gamma
1719	lambda-zeta-722	fail	9734.14	alpha index omega index alpha
1720	kappa-alpha-723	fail	8204.76	lambda socket worker theta
1721	parser-sigma-724	warn	8050.95	render route queue
1722	worker-sigma-725	fail	7986.32	render gamma route
1723	theta-delta-726	ok	5003.89	alpha index omega
1724	socket-epsilon-727	fail	1950.38	stream kappa kappa
1725	gamma-worker-728	ok	1317.79	epsilon queue
1726	alpha-alpha-729	warn	8766.68	token token token worker cache
1727	render-beta-730	fail	2469.21	epsilon alpha sigma zeta stream
1728	theta-parser-731	skip	3870.97	alpha socket render delta
1729	sigma-render-732	warn	4427.45	kappa cache token delta
1730	kappa-worker-733	skip	2694.95	cache alpha route gamma theta
1731	queue-stream-734	ok	9477.57	stream omega socket theta delta
1732	beta-gamma-735	ok	6534.40	sigma route socket parser sigma
1733	index-delta-736	fail	2726.94	parser alpha lambda token
1734	omega-socket-737	ok	1607.38	beta cache sigma token render
1735	theta-stream-738	ok	1319.83	sigma beta epsilon route delta
1736	route-render-739	ok	4023.97	sigma cache token route
1737	index-queue-740	fail	3746.03	omega socket theta stream stream
1738	gamma-route-741	fail	6554.97	sigma epsilon render zeta worker
1739	alpha-queue-742	skip	6252.36	token omega
1740	route-kappa-743	fail	2221.01	epsilon queue parser
1741	route-cache-744	skip	9996.02	zeta stream index token queue
1742	sigma-delta-745	fail	6504.94	kappa alpha beta token
1743	stream-route-746	ok	7190.17	render parser
1744	render-zeta-747	skip	8689.71	zeta socket beta
1745	zeta-socket-748	ok	32.06	kappa token sigma epsilon worker
1746	lambda-sigma-749	ok	477.45	theta route lambda token
1747	cache-sigma-750	fail	1630.89	route theta kappa
1748	delta-cache-751	fail	3896.89	beta gamma
1749	worker-delta-752	skip	5962.18	render gamma
1750	theta-omega-753	ok	1873.74	token index epsilon
1751	token-index-754	ok	4856.27	render token render worker theta
1752	epsilon-delta-755	skip	6917.07	sigma alpha epsilon render
1753	token-zeta-756	ok	8324.41	socket route epsilon queue kappa
1754	alpha-route-757	skip	9911.94	cache theta delta worker socket
1755	route-theta-758	fail	9458.01	lambda theta
1756	stream-lambda-759	ok	3537.29	socket zeta worker
1757	route-kappa-760	skip	7779.67	index kappa theta route sigma
1758	stream-queue-761	skip	4054.99	epsilon token stream lambda
1759	queue-alpha-762	skip	1166.18	epsilon worker
1760	render-index-763	fail	2252.63	epsilon token
1761	gamma-route-764	warn	1388.73	queue cache gamma worker
1762	zeta-theta-765	fail	6550.06	worker token kappa cache
1763	stream-socket-766	ok	392.30	token sigma delta cache
1764	sigma-delta-767	ok	2703.56	route render
1765	gamma-route-768	ok	8040.99	zeta epsilon beta socket socket
1766	omega-lambda-769	fail	4728.42	gamma worker socket render
1767	stream-omega-770	ok	5648.89	omega omega
1768	index-worker-771	fail	2353.33	queue stream epsilon render kappa
1769	index-delta-772	skip	2425.84	alpha zeta parser
1770	sigma-sigma-773	warn	7894.36	alpha beta
1771	lambda-index-774	fail	1272.07	queue render index
1772	route-queue-775	warn	2629.83	omega worker omega
1773	parser-parser-776	skip	8388.08	socket omega kappa alpha
1774	cache-theta-777	fail	5320.64	kappa gamma theta worker theta
1775	token-gamma-778	ok	9948.16	delta beta theta
1776	index-zeta-779	fail	9956.29	alpha lambda kappa theta token
1777	route-zeta-780	warn	6928.50	beta epsilon kappa
1778	epsilon-sigma-781	fail	748.09	route token stream route token
1779	omega-token-782	skip	3176.88	kappa delta parser worker
1780	stream-sigma-783	ok	4994.43	theta cache zeta index
1781	gamma-gamma-784	skip	7881.66	theta kappa worker
1782	lambda-worker-785	warn	8092.44	token render gamma index stream
1783	queue-zeta-786	warn	6041.60	socket render gamma theta omega
1784	cache-sigma-787	warn	475.14	queue theta epsilon omega
1785	delta-alpha-788	fail	1057.49	alpha kappa delta omega kappa
1786	kappa-parser-789	skip	1771.24	lambda render beta alpha
1787	epsilon-worker-790	fail	1651.07	gamma parser delta cache
1788	cache-beta-791	warn	8505.53	worker socket route index epsilon
1789	lambda-gamma-792	ok	4337.65	zeta delta sigma theta gamma
1790	token-delta-793	skip	4507.24	worker lambda stream gamma alpha
1791	sigma-stream-794	warn	8208.33	index stream kappa epsilon
1792	sigma-route-795	ok	1280.56	beta worker sigma sigma
1793	lambda-cache-796	fail	3670.83	theta index lambda socket lambda
1794	gamma-stream-797	fail	6625.25	lambda epsilon zeta token theta
1795	kappa-epsilon-798	warn	2931.04	index sigma
1796	theta-sigma-799	skip	8182.34	epsilon lambda beta parser zeta
1797	gamma-stream-800	ok	8524.20	gamma worker delta delta queue
1798	beta-delta-801	warn	6993.54	omega socket theta socket
1799	cache-sigma-802	ok	2434.74	delta render
1800	parser-socket-803	ok	6002.34	cache token index delta
1801	delta-kappa-804	fail	8756.80	alpha gamma gamma index
1802	queue-route-805	fail	4265.98	alpha worker gamma token
1803	worker-sigma-806	fail	9229.82	gamma lambda queue cache
1804	gamma-omega-807	ok	3228.20	gamma socket beta index render
1805	token-kappa-808	ok	6882.90	route socket beta
1806	parser-theta-809	warn	2043.65	queue route beta socket
1807	lambda-queue-810	warn	6695.22	zeta cache
1808	route-queue-811	fail	1206.30	lambda epsilon lambda
1809	queue-route-812	ok	2447.89	delta render queue stream alpha
1810	omega-beta-813	skip	5400.70	omega sigma queue
1811	route-lambda-814	warn	539.63	worker render worker
1812	lambda-render-815	ok	3913.62	beta lambda epsilon kappa lambda
1813	route-alpha-816	skip	9737.09	delta render
1814	socket-stream-817	skip	5923.16	lambda render sigma route epsilon
1815	token-index-818	skip	5302.61	cache omega stream kappa
1816	theta-socket-819	fail	5673.60	sigma sigma theta omega
1817	theta-parser-820	warn	8040.26	socket parser
1818	beta-queue-821	ok	3974.39	epsilon stream index
1819	epsilon-socket-822	warn	6790.94	worker epsilon index
1820	gamma-render-823	warn	3219.35	kappa zeta
1821	stream-alpha-824	warn	9185.86	zeta token cache
1822	lambda-queue-825	warn	1112.42	parser parser beta
1823	delta-beta-826	warn	2899.37	omega alpha omega
1824	index-route-827	ok	7430.53	sigma route
1825	delta-queue-828	warn	3909.65	omega beta cache cache cache
1826	sigma-kappa-829	warn	3841.49	zeta token route epsilon cache
1827	delta-token-830	skip	6584.60	gamma omega queue cache
1828	omega-delta-831	warn	3593.28	delta beta theta
1829	route-sigma-832	skip	2733.21	queue stream theta
1830	index-alpha-833	skip	6683.73	gamma epsilon render index
1831	index-parser-834	warn	6342.09	sigma kappa
1832	beta-lambda-835	ok	8701.28	kappa kappa
1833	queue-omega-836	fail	8276.96	cache sigma queue
1834	sigma-zeta-837	skip	7543.84	socket socket gamma socket
1835	render-epsilon-838	warn	3334.41	stream parser delta
1836	token-kappa-839	skip	9762.71	cache worker epsilon beta
1837	epsilon-lambda-840	skip	4020.52	zeta epsilon stream omega
1838	stream-beta-841	skip	8120.12	delta gamma cache epsilon
1839	gamma-queue-842	ok	8784.46	kappa stream worker theta
1840	socket-sigma-843	warn	6124.50	queue theta
1841	token-lambda-844	fail	6643.61	kappa alpha index
1842	gamma-theta-845	warn	6056.92	worker zeta cache worker
1843	socket-socket-846	ok	1670.20	parser theta worker socket alpha
1844	render-index-847	ok	7861.38	omega index stream index
1845	theta-parser-848	fail	5334.65	cache beta
1846	render-zeta-849	fail	9477.82	parser kappa
1847	token-index-850	ok	7986.91	sigma gamma
1848	worker-gamma-851	skip	1573.01	parser theta
1849	socket-sigma-852	fail	5761.69	route cache theta route stream
1850	epsilon-alpha-853	warn	6509.44	parser epsilon cache
1851	index-worker-854	ok	3992.25	cache alpha
1852	worker-stream-855	skip	6557.01	zeta queue zeta
1853	gamma-omega-856	fail	6490.16	queue token index index lambda
1854	cache-sigma-857	warn	2089.35	delta stream parser render
1855	omega-route-858	ok	9509.33	epsilon beta
1856	cache-alpha-859	fail	8679.39	socket lambda alpha zeta zeta
1857	sigma-queue-860	skip	8673.40	epsilon lambda stream
1858	render-omega-861	ok	7155.21	beta omega
1859	socket-lambda-862	skip	2905.25	render render
1860	index-render-863	skip	1887.86	lambda stream render zeta
1861	worker-token-864	warn	8126.27	stream epsilon route alpha
1862	token-render-865	fail	4249.03	beta epsilon worker
1863	render-route-866	skip	1684.71	parser omega queue sigma kappa
1864	socket-render-867	skip	2931.31	lambda worker gamma epsilon socket
1865	delta-epsilon-868	ok	6502.55	delta index alpha route epsilon
1866	worker-render-869	skip	4205.01	zeta gamma queue
1867	route-worker-870	fail	6144.98	queue omega stream
1868	alpha-queue-871	warn	5.65	lambda beta route lambda
1869	epsilon-zeta-872	skip	4820.57	index zeta sigma socket
1870	queue-zeta-873	warn	8664.62	parser beta gamma
1871	cache-epsilon-874	ok	8185.80	route socket
1872	omega-delta-875	ok	3109.13	kappa parser delta
1873	delta-theta-876	skip	8383.29	zeta render cache kappa token
1874	sigma-worker-877	warn	4947.74	render kappa queue
1875	alpha-sigma-878	fail	7115.91	render queue parser delta
1876	stream-delta-879	fail	5777.25	cache socket
1877	lambda-alpha-880	skip	3602.66	stream cache
1878	index-omega-881	ok	5105.86	theta stream stream index
1879	index-queue-882	fail	3453.27	gamma zeta gamma
1880	cache-beta-883	skip	6230.01	sigma gamma gamma omega delta
1881	epsilon-delta-884	skip	5698.86	alpha stream theta
1882	cache-worker-885	warn	4491.30	cache worker
1883	theta-zeta-886	warn	5887.42	token delta sigma
1884	gamma-kappa-887	warn	7094.62	cache queue
1885	epsilon-socket-888	ok	752.39	worker lambda lambda
1886	stream-gamma-889	ok	323.51	queue delta lambda
1887	stream-alpha-890	fail	7337.90	epsilon stream kappa delta route
1888	render-stream-891	warn	4489.62	render theta delta
1889	index-lambda-892	warn	9247.09	omega alpha epsilon theta
1890	kappa-route-893	skip	6403.39	kappa omega token
1891	parser-theta-894	fail	6141.63	socket token
1892	stream-zeta-895	skip	5718.87	render token
1893	lambda-render-896	fail	4543.16	route sigma cache delta
1894	beta-token-897	warn	9068.64	cache theta token route gamma
1895	alpha-epsilon-898	ok	5899.09	omega parser kappa
1896	alpha-token-899	fail	3121.42	alpha lambda lambda
1897	lambda-index-900	warn	8782.19	zeta parser kappa stream socket
1898	render-epsilon-901	warn	2283.93	index alpha zeta stream
1899	socket-stream-902	skip	6201.18	sigma omega
1900	route-worker-903	ok	3640.79	sigma theta
1901	render-gamma-904	ok	8508.75	socket gamma
1902	sigma-kappa-905	fail	7389.82	stream queue cache token
1903	alpha-cache-906	skip	6456.19	kappa index
1904	delta-worker-907	warn	9669.66	render delta stream queue
1905	queue-kappa-908	fail	5575.74	token beta index lambda
1906	kappa-theta-909	fail	3789.23	theta worker
1907	token-lambda-910	ok	5918.43	cache route delta alpha
1908	gamma-stream-911	ok	6783.28	worker index stream omega token
1909	cache-omega-912	fail	8110.60	parser sigma socket epsilon zeta
1910	lambda-zeta-913	skip	6999.41	omega parser theta
1911	token-alpha-914	ok	3945.73	kappa lambda render
1912	lambda-omega-915	skip	1487.07	parser sigma lambda
1913	parser-queue-916	fail	4588.78	sigma cache
1914	delta-index-917	ok	6093.95	epsilon theta alpha kappa
1915	stream-token-918	skip	5038.79	sigma theta route parser sigma
1916	parser-index-919	fail	3822.28	token render
1917	cache-lambda-920	skip	2738.66	socket omega beta
1918	parser-kappa-921	fail	631.99	index cache index
1919	beta-cache-922	ok	4416.06	sigma token zeta token alpha
1920	cache-worker-923	ok	6523.25	omega socket epsilon gamma delta
1921	alpha-render-924	ok	9691.07	alpha index
1922	zeta-gamma-925	fail	4884.49	zeta alpha
1923	epsilon-socket-926	ok	8495.30	gamma socket alpha beta sigma
1924	cache-socket-927	skip	1067.11	worker gamma parser parser alpha
1925	theta-zeta-928	skip	9663.71	lambda zeta route socket
1926	epsilon-zeta-929	fail	8795.80	route token omega
1927	socket-worker-930	fail	1497.77	worker beta
1928	stream-omega-931	warn	8681.87	lambda parser index beta epsilon
1929	lambda-token-932	ok	9664.96	omega token
1930	render-index-933	ok	8119.98	alpha omega worker parser render
1931	zeta-index-934	ok	8093.56	gamma worker token
1932	cache-route-935	fail	7680.18	alpha queue delta render
1933	index-worker-936	warn	168.54	zeta cache stream delta zeta
1934	lambda-delta-937	skip	329.52	zeta render delta cache lambda
1935	cache-lambda-938	warn	6694.77	worker parser lambda index delta
1936	zeta-route-939	ok	1449.74	parser lambda sigma zeta parser
1937	gamma-epsilon-940	fail	8199.90	alpha stream
1938	omega-index-941	skip	1859.08	sigma gamma route index route
1939	queue-route-942	fail	8324.66	epsilon alpha theta worker
1940	stream-stream-943	ok	1790.24	zeta token theta index
1941	sigma-theta-944	fail	3480.65	epsilon stream
1942	index-token-945	skip	6445.24	route stream
1943	zeta-zeta-946	skip	8437.58	lambda render token zeta
1944	render-sigma-947	fail	5599.29	lambda lambda
1945	alpha-cache-948	ok	5474.74	route lambda zeta
1946	omega-theta-949	fail	3121.56	stream cache worker token
1947	gamma-queue-950	ok	7658.97	token sigma
1948	stream-route-951	ok	1891.05	delta theta gamma
1949	beta-stream-952	fail	571.35	cache kappa
1950	beta-omega-953	fail	4762.71	route token
1951	route-kappa-954	ok	4122.25	gamma beta omega lambda cache
1952	sigma-index-955	warn	1845.00	kappa route
1953	token-socket-956	skip	7823.23	lambda route sigma route alpha
1954	delta-socket-957	skip	8270.49	kappa cache
1955	kappa-theta-958	ok	5667.78	kappa omega
1956	beta-kappa-959	warn	9720.12	omega epsilon omega socket token
1957	theta-epsilon-960	skip	6642.18	theta kappa index omega
1958	parser-lambda-961	warn	1084.73	beta gamma stream beta index
1959	render-route-962	skip	2124.28	theta parser stream queue theta
1960	stream-cache-963	skip	4962.80	beta sigma socket delta socket
1961	route-alpha-964	ok	9135.50	omega zeta
1962	delta-epsilon-965	fail	2584.34	zeta parser omega queue stream
1963	route-stream-966	warn	862.56	parser render alpha beta
1964	zeta-cache-967	ok	3912.48	epsilon theta delta kappa
1965	sigma-lambda-968	skip	1620.32	omega socket index worker delta
1966	stream-socket-969	fail	4238.79	queue route token
1967	gamma-epsilon-970	skip	9468.49	socket lambda
1968	worker-queue-971	ok	473.20	index queue gamma
1969	omega-render-972	skip	7961.00	alpha delta epsilon sigma
1970	sigma-parser-973	skip	6194.29	beta beta queue route
1971	render-delta-974	fail	3465.20	route render kappa
1972	render-lambda-975	warn	301.04	token theta
1973	worker-render-976	skip	7110.92	gamma zeta queue
1974	index-theta-977	fail	2621.94	kappa queue beta
1975	lambda-beta-978	skip	1016.72	lambda alpha sigma
1976	kappa-route-979	fail	9797.11	kappa token
1977	beta-sigma-980	warn	9428.90	token sigma socket
1978	queue-index-981	ok	7174.65	zeta epsilon lambda
1979	token-delta-982	fail	8357.75	sigma parser sigma queue epsilon
1980	theta-delta-983	warn	2702.77	alpha cache index
1981	worker-queue-984	ok	18.34	lambda socket epsilon worker gamma
1982	stream-kappa-985	fail	7904.36	render lambda
1983	sigma-alpha-986	warn	4720.82	route zeta
1984	sigma-worker-987	skip	8216.16	kappa gamma route
1985	omega-route-988	fail	516.00	stream token sigma
1986	omega-epsilon-989	fail	7460.64	alpha kappa queue socket queue
1987	route-theta-990	ok	4341.00	index queue
1988	omega-epsilon-991	warn	1068.47	worker token token parser epsilon
1989	stream-parser-992	ok	3689.35	route socket alpha lambda index
1990	index-index-993	ok	5331.67	worker route lambda
1991	beta-render-994	fail	2002.64	omega worker beta lambda
1992	theta-queue-995	warn	4013.90	delta omega epsilon index token
1993	theta-cache-996	ok	3295.85	epsilon index worker socket
1994	sigma-zeta-0	warn	9090.49	cache gamma queue
1995	render-omega-1	ok	6450.86	cache socket
1996	epsilon-render-2	fail	8728.59	token delta
1997	queue-kappa-3	warn	1144.57	theta stream gamma
1998	stream-stream-4	warn	9698.48	lambda sigma beta
1999	queue-stream-5	fail	4297.09	kappa render parser
2000	socket-worker-6	skip	9015.50	alpha gamma omega socket
2001	epsilon-delta-7	fail	3219.75	epsilon socket
2002	stream-kappa-8	ok	7187.85	gamma parser socket route queue
2003	parser-stream-9	skip	3071.75	omega omega omega epsilon theta
2004	index-kappa-10	skip	4065.57	stream token
2005	epsilon-epsilon-11	warn	5155.50	cache zeta index
2006	sigma-worker-12	skip	8744.57	epsilon token
2007	sigma-cache-13	skip	24.04	alpha parser route
2008	gamma-gamma-14	fail	7521.31	worker render gamma route
2009	index-lambda-15	ok	3473.32	omega parser
2010	gamma-epsilon-16	fail	9529.13	render queue
2011	render-zeta-17	ok	8669.42	render delta
2012	route-cache-18	ok	2553.91	gamma parser worker
2013	index-gamma-19	ok	404.11	token render
2014	delta-queue-20	ok	9013.22	omega gamma
2015	beta-sigma-21	fail	4292.15	socket index lambda sigma epsilon
2016	token-lambda-22	skip	5237.26	token kappa kappa
2017	beta-alpha-23	skip	6759.99	theta omega
2018	stream-token-24	ok	6758.80	stream token route render
2019	token-token-25	skip	8135.82	alpha theta epsilon gamma
2020	route-stream-26	skip	62.95	socket lambda
2021	token-stream-27	skip	2881.94	queue token
2022	worker-lambda-28	fail	931.79	epsilon token
2023	queue-route-29	skip	859.14	render epsilon render
2024	omega-stream-30	ok	5401.12	queue sigma route
2025	lambda-epsilon-31	skip	1186.98	beta route epsilon
2026	worker-cache-32	ok	4021.80	cache zeta theta alpha worker
2027	alpha-render-33	fail	4974.32	zeta cache
2028	kappa-queue-34	fail	4275.83	omega token render
2029	render-worker-35	skip	8803.18	queue index route omega theta
2030	theta-index-36	warn	8526.11	alpha epsilon
2031	lambda-theta-37	skip	6379.84	cache zeta lambda kappa
2032	delta-cache-38	skip	420.62	socket epsilon queue alpha sigma
2033	token-delta-39	skip	6688.93	zeta cache epsilon socket delta
2034	sigma-zeta-40	fail	4421.37	theta omega parser token queue
2035	cache-token-41	skip	3587.46	alpha parser cache delta
2036	zeta-stream-42	ok	4895.85	parser route parser socket
2037	zeta-worker-43	warn	6406.65	alpha omega queue parser
2038	token-cache-44	fail	3581.84	lambda beta queue cache zeta
2039	omega-cache-45	fail	6138.75	render alpha theta
2040	beta-omega-46	ok	5636.52	cache socket parser worker
2041	kappa-lambda-47	warn	2849.12	theta alpha lambda kappa route
2042	render-stream-48	skip	5571.05	render queue gamma
2043	delta-lambda-49	ok	8321.12	beta token zeta index delta
2044	sigma-queue-50	ok	1877.79	parser token alpha
2045	kappa-cache-51	warn	4512.86	gamma beta route cache sigma
2046	theta-gamma-52	fail	9309.69	token sigma socket cache theta
2047	worker-cache-53	warn	6703.92	index parser worker kappa
2048	cache-sigma-54	skip	5968.79	socket parser cache stream stream
2049	queue-lambda-55	warn	6207.82	beta index
2050	epsilon-cache-56	fail	4156.67	worker sigma route stream
2051	lambda-beta-57	ok	1535.63	cache beta omega worker index
2052	token-gamma-58	ok	8842.08	zeta route parser socket
2053	token-parser-59	fail	5920.53	sigma cache cache epsilon
2054	gamma-sigma-60	skip	2629.06	zeta omega omega
2055	cache-render-61	ok	6693.49	stream worker index omega
2056	sigma-kappa-62	fail	3240.11	theta gamma
2057	gamma-epsilon-63	warn	4089.28	parser index
2058	alpha-stream-64	ok	8556.61	beta sigma
2059	stream-render-65	warn	6859.63	lambda zeta
2060	worker-epsilon-66	skip	5661.14	omega theta route gamma
2061	route-beta-67	warn	6912.96	delta lambda theta socket epsilon
2062	kappa-queue-68	skip	3620.00	render parser beta
2063	socket-token-69	ok	3245.84	zeta alpha render sigma
2064	epsilon-stream-70	warn	1950.73	alpha zeta parser token gamma
2065	theta-beta-71	warn	9028.18	beta delta lambda zeta worker
2066	omega-beta-72	ok	8834.76	beta theta route gamma delta
2067	route-socket-73	ok	7359.49	index omega
2068	theta-render-74	ok	8247.30	render zeta
2069	route-token-75	fail	8574.15	delta zeta beta
2070	kappa-theta-76	skip	9761.14	token theta delta
2071	stream-theta-77	warn	9870.76	gamma index omega stream token
2072	zeta-theta-78	warn	5516.26	beta parser token
2073	sigma-cache-79	skip	4490.93	sigma render
2074	index-token-80	fail	8515.21	lambda socket render theta
2075	omega-beta-81	warn	6837.02	route route worker beta render
2076	lambda-gamma-82	warn	7355.04	route worker stream cache
2077	lambda-omega-83	fail	9358.93	beta gamma theta zeta
2078	cache-epsilon-84	fail	6816.42	theta omega theta parser omega
2079	omega-lambda-85	skip	4944.44	kappa gamma index
2080	token-token-86	fail	8381.15	worker delta
2081	stream-parser-87	warn	6622.27	route omega gamma lambda
2082	worker-sigma-88	fail	8024.04	kappa worker omega cache
2083	socket-stream-89	ok	1675.96	lambda gamma sigma
2084	sigma-alpha-90	ok	5122.27	omega delta
2085	cache-sigma-91	warn	1451.76	kappa alpha
2086	index-lambda-92	fail	96.94	kappa sigma render alpha
2087	index-render-93	fail	3878.60	token epsilon epsilon sigma
2088	zeta-socket-94	fail	2493.99	socket theta lambda route
2089	delta-parser-95	warn	7051.71	index token route socket beta
2090	lambda-parser-96	ok	7870.25	queue epsilon stream parser cache
2091	route-stream-97	ok	9850.30	beta cache queue render lambda
2092	beta-alpha-98	fail	6134.24	worker token socket
2093	kappa-zeta-99	skip	9369.37	gamma delta delta
2094	gamma-alpha-100	fail	613.10	beta lambda alpha
2095	theta-omega-101	ok	7000.16	stream worker kappa alpha
2096	parser-lambda-102	fail	1321.09	kappa queue omega queue
2097	worker-sigma-103	skip	881.30	theta omega cache cache theta
2098	gamma-token-104	skip	2822.90	cache cache gamma omega
2099	worker-queue-105	ok	8095.60	theta render token
2100	cache-kappa-106	fail	4264.03	omega sigma
2101	parser-omega-107	ok	486.14	render worker
2102	omega-zeta-108	fail	1466.57	alpha omega
2103	socket-theta-109	ok	8808.52	lambda sigma cache
2104	sigma-omega-110	fail	4804.02	delta alpha gamma omega omega
2105	zeta-gamma-111	ok	7613.50	delta delta worker route queue
2106	epsilon-stream-112	fail	6676.34	omega kappa socket
2107	token-cache-113	fail	2050.82	omega theta zeta
2108	queue-index-114	ok	4237.42	kappa kappa route gamma
2109	stream-alpha-115	warn	5705.75	beta token
2110	kappa-socket-116	warn	7558.60	omega theta kappa
2111	alpha-omega-117	fail	1736.25	worker delta route
2112	stream-socket-118	skip	4030.27	token kappa queue theta
2113	socket-stream-119	fail	5654.67	parser token gamma
2114	omega-epsilon-120	warn	365.98	omega omega
2115	beta-sigma-121	ok	3634.43	socket stream worker
2116	worker-kappa-122	skip	7740.72	gamma route sigma lambda token
2117	cache-socket-123	warn	5517.13	delta zeta omega epsilon
2118	socket-epsilon-124	fail	4403.96	kappa lambda epsilon
2119	index-beta-125	skip	3881.81	queue omega
2120	kappa-omega-126	fail	211.10	socket parser omega stream
2121	index-sigma-127	skip	2462.03	kappa cache epsilon beta
2122	token-alpha-128	skip	5902.78	token omega socket parser zeta
2123	theta-route-129	skip	3323.63	token cache stream index theta
2124	beta-worker-130	skip	9585.04	zeta kappa kappa kappa
2125	theta-cache-131	skip	8710.39	worker parser index
2126	zeta-epsilon-132	ok	4455.94	epsilon route gamma worker socket
2127	zeta-lambda-133	warn	4870.91	zeta token parser kappa delta
2128	queue-index-134	warn	7195.35	parser zeta worker socket delta
2129	alpha-token-135	fail	6194.60	parser lambda
2130	epsilon-worker-136	fail	4472.09	index lambda
2131	parser-index-137	skip	2330.88	omega beta index
2132	render-index-138	skip	9537.22	epsilon route sigma kappa gamma
2133	beta-gamma-139	fail	1104.87	parser omega
2134	queue-delta-140	warn	2767.33	kappa sigma route
2135	omega-sigma-141	ok	76.72	cache sigma kappa epsilon
2136	epsilon-lambda-142	warn	8714.73	socket gamma parser lambda
2137	epsilon-beta-143	warn	5005.12	sigma sigma socket beta alpha
2138	theta-cache-144	warn	3817.08	zeta lambda cache
2139	stream-socket-145	ok	3880.08	sigma epsilon socket
2140	route-parser-146	fail	3197.87	queue alpha epsilon socket theta
2141	epsilon-parser-147	ok	9232.13	parser alpha
2142	parser-route-148	skip	5351.76	worker beta lambda queue
2143	zeta-beta-149	warn	4492.95	alpha delta zeta theta
2144	stream-delta-150	ok	4951.67	kappa kappa theta
2145	stream-cache-151	fail	6650.72	zeta socket epsilon zeta parser
2146	index-gamma-152	fail	7040.55	stream worker socket beta index
2147	zeta-zeta-153	ok	5159.85	worker worker theta
2148	omega-route-154	ok	3890.13	stream theta gamma
2149	parser-index-155	ok	9198.16	sigma beta token
2150	omega-alpha-156	warn	7781.24	gamma route socket queue sigma
2151	index-socket-157	ok	4613.09	stream worker
2152	alpha-gamma-158	fail	7967.51	cache zeta omega parser
2153	beta-sigma-159	skip	9444.10	zeta stream sigma
2154	socket-queue-160	fail	3366.92	worker zeta route omega lambda
2155	zeta-zeta-161	skip	265.47	lambda beta
2156	route-route-162	skip	5240.23	beta token epsilon
2157	beta-index-163	skip	9118.62	stream lambda sigma
2158	lambda-delta-164	ok	2296.68	index cache lambda
2159	route-index-165	fail	3517.81	lambda parser sigma
2160	zeta-cache-166	ok	3342.15	cache worker worker kappa kappa
2161	delta-index-167	warn	7602.71	delta stream render delta route
2162	cache-zeta-168	ok	2788.34	beta delta socket
2163	zeta-stream-169	skip	4917.76	alpha theta worker
2164	queue-parser-170	skip	607.75	queue alpha delta stream beta
2165	token-lambda-171	fail	7978.80	zeta queue route route
2166	alpha-token-172	ok	5661.10	token socket kappa socket theta
2167	kappa-gamma-173	skip	9462.22	sigma delta index cache
2168	worker-parser-174	warn	2393.65	queue socket
2169	worker-worker-175	fail	5865.73	queue alpha
2170	socket-omega-176	warn	8737.09	stream parser omega
2171	beta-sigma-177	warn	784.37	render kappa
2172	omega-socket-178	skip	414.98	theta epsilon route
2173	render-stream-179	ok	197.71	socket cache alpha
2174	alpha-render-180	fail	2257.04	epsilon index beta zeta
2175	alpha-gamma-181	ok	6906.96	epsilon cache socket queue
2176	zeta-epsilon-182	ok	3635.04	alpha parser kappa render
2177	gamma-delta-183	ok	3939.07	worker theta
2178	worker-parser-184	fail	312.98	sigma route parser epsilon
2179	omega-sigma-185	fail	512.16	theta gamma queue render route
2180	index-cache-186	fail	555.61	token kappa zeta
2181	parser-parser-187	skip	6839.90	delta delta alpha sigma
2182	stream-zeta-188	ok	6970.79	index omega zeta
2183	omega-theta-189	skip	1506.35	alpha beta beta index
2184	theta-theta-190	fail	5330.88	epsilon delta zeta beta omega
2185	parser-gamma-191	ok	5494.03	gamma beta beta kappa
2186	omega-cache-192	fail	6424.25	parser stream
2187	queue-parser-193	ok	6263.02	stream queue gamma route
2188	socket-parser-194	skip	9366.96	delta lambda index
2189	theta-delta-195	warn	3299.62	alpha sigma socket
2190	token-cache-196	warn	2005.25	beta parser render delta render
2191	route-stream-197	fail	4665.73	parser parser delta
2192	queue-gamma-198	skip	4134.34	zeta stream socket token
2193	gamma-kappa-199	fail	7484.42	kappa index
2194	beta-sigma-200	ok	4963.46	socket worker render alpha
2195	alpha-queue-201	fail	4858.37	zeta index gamma beta
2196	zeta-zeta-202	warn	8274.51	alpha cache cache
2197	beta-gamma-203	warn	8097.65	alpha route delta theta
2198	cache-gamma-204	skip	9110.58	cache alpha render
2199	token-sigma-205	fail	1199.60	queue kappa
2200	render-index-206	ok	5823.00	socket lambda gamma
2201	worker-epsilon-207	warn	8928.87	worker stream
2202	beta-sigma-208	fail	916.65	socket index parser route alpha
2203	worker-stream-209	ok	7845.49	theta gamma worker
2204	worker-route-210	ok	1117.84	sigma lambda
2205	cache-sigma-211	warn	3664.19	omega sigma delta
2206	gamma-gamma-212	skip	8069.93	gamma omega render beta delta
2207	socket-beta-213	warn	2542.54	sigma omega gamma cache
2208	queue-token-214	skip	5520.82	cache index cache queue
2209	beta-delta-215	fail	226.79	beta stream stream
2210	theta-epsilon-216	skip	2267.91	omega kappa
2211	delta-route-217	warn	5924.53	token sigma
2212	render-sigma-218	skip	4663.98	omega alpha route lambda socket
2213	theta-kappa-219	fail	6341.65	beta cache queue delta stream
2214	epsilon-omega-220	ok	9817.76	lambda kappa
2215	route-sigma-221	skip	723.56	worker sigma
2216	delta-sigma-222	skip	4476.44	cache index render queue
2217	stream-token-223	skip	2289.12	sigma zeta queue
2218	epsilon-queue-224	ok	975.93	theta token delta
2219	delta-stream-225	skip	9383.56	worker index
2220	beta-cache-226	warn	5138.19	queue beta cache epsilon stream
2221	lambda-sigma-227	warn	3737.58	lambda gamma beta
2222	gamma-render-228	warn	1257.64	token alpha parser kappa beta
2223	alpha-parser-229	warn	932.97	index delta
2224	parser-alpha-230	fail	7030.67	kappa cache
2225	queue-delta-231	fail	6937.29	beta gamma sigma stream route
2226	epsilon-queue-232	fail	2437.92	zeta index render kappa
2227	route-beta-233	fail	4503.21	gamma cache theta
2228	delta-lambda-234	skip	786.49	cache beta
2229	gamma-cache-235	skip	2875.10	route queue epsilon
2230	kappa-stream-236	skip	9855.66	kappa token
2231	lambda-kappa-237	warn	4299.24	parser worker gamma
2232	token-kappa-238	warn	4592.85	worker kappa
2233	route-render-239	fail	6704.55	kappa index omega queue
2234	beta-beta-240	ok	1330.38	alpha lambda
2235	alpha-cache-241	fail	1421.66	beta omega sigma lambda
2236	theta-gamma-242	skip	9846.69	stream render worker
2237	alpha-zeta-243	skip	2185.45	index parser
2238	alpha-cache-244	warn	2892.15	omega delta omega stream index
2239	epsilon-token-245	skip	2176.17	alpha lambda render lambda
2240	zeta-parser-246	skip	3817.29	theta alpha
2241	theta-kappa-247	skip	9830.87	parser zeta
2242	omega-kappa-248	skip	5726.44	kappa route omega epsilon zeta
2243	gamma-alpha-249	skip	4896.75	epsilon epsilon queue route
2244	delta-socket-250	skip	33.50	epsilon gamma token worker stream
2245	cache-token-251	fail	2098.67	cache lambda delta
2246	sigma-render-252	fail	6317.95	lambda gamma lambda cache
2247	index-omega-253	skip	3864.12	beta theta alpha zeta route
2248	token-socket-254	fail	6367.77	zeta beta index alpha
2249	gamma-sigma-255	fail	5819.19	sigma stream route
2250	queue-gamma-256	skip	3589.10	theta kappa delta
2251	gamma-parser-257	warn	9448.47	render theta alpha
2252	epsilon-kappa-258	fail	5643.09	epsilon delta render delta
2253	alpha-delta-259	warn	3701.12	token delta token omega
2254	delta-zeta-260	ok	1202.63	sigma socket
2255	worker-sigma-261	ok	8140.43	epsilon omega index
2256	gamma-queue-262	warn	8626.83	stream token socket worker
2257	lambda-route-263	ok	9549.12	parser index render
2258	epsilon-sigma-264	warn	7284.22	token beta socket alpha
2259	queue-queue-265	warn	6054.05	alpha beta theta lambda
2260	kappa-zeta-266	warn	676.29	epsilon cache
2261	render-sigma-267	skip	8399.01	alpha theta alpha lambda omega
2262	gamma-render-268	ok	8365.24	lambda stream worker index
2263	route-alpha-269	skip	6760.07	beta index stream
2264	lambda-sigma-270	fail	6345.82	theta socket
2265	theta-index-271	skip	7796.53	alpha theta alpha token
2266	kappa-sigma-272	ok	4256.15	kappa render kappa zeta worker
2267	index-beta-273	warn	9539.36	delta delta token queue
2268	queue-kappa-274	fail	550.46	index worker
2269	queue-epsilon-275	ok	5882.69	theta sigma
2270	sigma-socket-276	ok	3227.64	stream beta epsilon delta
2271	omega-cache-277	skip	2132.91	lambda theta beta
2272	stream-sigma-278	skip	8239.90	index worker theta token
2273	route-parser-279	skip	7197.18	sigma theta
2274	epsilon-worker-280	fail	2489.02	index epsilon worker
2275	gamma-token-281	skip	5456.64	lambda queue stream
2276	token-worker-282	warn	266.31	epsilon gamma gamma
2277	gamma-route-283	skip	997.56	lambda gamma
2278	token-route-284	fail	2920.39	omega parser token
2279	kappa-index-285	warn	1907.21	render lambda sigma lambda queue
2280	theta-epsilon-286	skip	4698.81	render cache index kappa
2281	kappa-delta-287	skip	5267.36	render socket stream cache render
2282	sigma-delta-288	skip	7901.27	parser epsilon
2283	sigma-kappa-289	ok	8211.35	stream beta socket theta
2284	render-route-290	warn	897.47	kappa queue theta epsilon epsilon
2285	theta-parser-291	warn	9480.74	queue zeta
2286	zeta-parser-292	skip	3844.61	beta epsilon theta
2287	token-socket-293	fail	6475.39	queue gamma alpha lambda alpha
2288	kappa-queue-294	fail	8129.62	stream beta omega
2289	socket-epsilon-295	skip	210.51	gamma worker token route sigma
2290	delta-socket-296	skip	7250.76	theta token queue index
2291	stream-worker-297	ok	2855.26	epsilon zeta alpha zeta theta
2292	sigma-kappa-298	warn	6552.14	gamma cache kappa token stream
2293	kappa-queue-299	fail	1459.10	socket delta
2294	render-queue-300	skip	8841.57	index theta delta cache
2295	parser-route-301	ok	2222.25	render cache render cache
2296	delta-omega-302	fail	8830.33	token token
2297	lambda-token-303	skip	7235.13	route stream
2298	token-sigma-304	warn	5554.06	sigma zeta cache zeta
2299	omega-alpha-305	ok	2561.39	kappa queue beta theta
2300	socket-lambda-306	warn	859.43	queue beta
2301	theta-parser-307	ok	4752.30	epsilon render cache
2302	epsilon-sigma-308	warn	7856.61	alpha token stream gamma
2303	epsilon-parser-309	warn	980.23	beta render
2304	worker-render-310	ok	4497.83	theta stream
2305	sigma-render-311	warn	8250.36	alpha route
2306	epsilon-parser-312	fail	6100.42	queue render kappa parser cache
2307	zeta-delta-313	fail	9611.11	index gamma
2308	lambda-omega-314	ok	429.60	render lambda index beta queue
2309	token-delta-315	skip	6882.70	beta lambda kappa
2310	parser-index-316	fail	4700.18	route beta worker
2311	beta-beta-317	skip	8895.15	cache socket worker
2312	alpha-token-318	ok	1674.26	delta delta
2313	kappa-token-319	skip	3608.90	cache zeta delta index kappa
2314	theta-parser-320	fail	5224.67	sigma sigma route render worker
2315	worker-epsilon-321	fail	9996.85	cache epsilon
2316	zeta-socket-322	fail	4175.71	index worker index alpha index
2317	socket-parser-323	fail	8745.59	sigma omega stream delta worker
2318	index-socket-324	ok	7183.58	parser parser stream index
2319	cache-render-325	skip	2715.19	lambda lambda route parser epsilon
2320	kappa-sigma-326	ok	2367.18	beta index
2321	route-index-327	ok	4182.13	parser socket
2322	socket-omega-328	fail	4857.17	sigma zeta render stream gamma
2323	stream-theta-329	skip	5994.34	lambda gamma theta
2324	socket-omega-330	warn	6153.64	parser alpha kappa stream lambda
2325	alpha-stream-331	skip	6571.61	sigma zeta route alpha
2326	lambda-socket-332	ok	3361.17	alpha stream sigma theta
2327	stream-epsilon-333	ok	3068.23	stream zeta
2328	alpha-worker-334	skip	7788.62	kappa sigma
2329	socket-queue-335	skip	2139.37	index stream
2330	delta-zeta-336	skip	3183.42	socket lambda token
2331	beta-lambda-337	warn	1572.98	epsilon theta
2332	render-zeta-338	ok	4851.40	epsilon gamma lambda
2333	route-render-339	skip	42.19	lambda zeta theta
2334	beta-lambda-340	fail	8883.11	lambda theta stream stream cache
2335	index-alpha-341	ok	9331.36	epsilon zeta epsilon
2336	epsilon-parser-342	fail	2066.97	gamma sigma epsilon
2337	gamma-socket-343	ok	539.05	queue parser delta index alpha
2338	socket-queue-344	ok	7966.73	index parser
2339	kappa-theta-345	ok	6060.30	index cache render queue worker
2340	queue-kappa-346	skip	6007.09	zeta omega token route kappa
2341	render-delta-347	fail	1939.25	render queue epsilon alpha
2342	sigma-kappa-348	warn	2410.35	socket gamma parser socket render
2343	beta-token-349	warn	6786.41	alpha lambda parser delta cache
2344	beta-socket-350	warn	5321.14	token zeta index
2345	delta-worker-351	skip	8041.60	worker gamma
2346	theta-render-352	warn	1625.33	theta omega render render
2347	lambda-theta-353	skip	2721.29	delta kappa kappa cache lambda
2348	kappa-sigma-354	skip	8117.32	kappa socket render render parser
2349	queue-epsilon-355	ok	1760.97	index lambda
2350	socket-parser-356	warn	3066.52	theta gamma
2351	queue-render-357	skip	2449.10	token gamma
2352	route-parser-358	fail	5988.64	queue route alpha
2353	zeta-epsilon-359	warn	8070.79	sigma theta lambda cache
2354	gamma-queue-360	ok	6176.12	index theta route alpha
2355	route-lambda-361	warn	6217.79	queue omega omega token
2356	route-token-362	skip	5594.08	kappa lambda epsilon worker omega
2357	socket-omega-363	fail	766.59	delta alpha beta
2358	omega-cache-364	skip	4129.66	socket alpha kappa
2359	render-parser-365	skip	1382.38	cache cache parser sigma
2360	beta-theta-366	warn	2117.92	kappa omega worker socket cache
2361	queue-lambda-367	warn	691.53	omega stream parser
2362	beta-parser-368	skip	5057.74	render parser queue zeta
2363	omega-beta-369	warn	126.34	kappa theta worker zeta
2364	theta-worker-370	warn	3764.79	theta worker worker
2365	socket-zeta-371	skip	5612.01	route queue zeta render
2366	worker-stream-372	skip	5190.84	epsilon epsilon
2367	worker-route-373	warn	9776.62	theta theta index token epsilon
2368	theta-theta-374	fail	3757.96	omega token
2369	token-delta-375	skip	1571.01	render zeta queue
2370	route-queue-376	warn	8804.21	omega cache
2371	socket-alpha-377	warn	2696.58	socket queue lambda queue lambda
2372	render-parser-378	warn	3174.66	worker zeta
2373	lambda-index-379	skip	6618.77	alpha queue lambda kappa index
2374	cache-kappa-380	fail	7245.42	index theta delta alpha
2375	theta-sigma-381	warn	5765.65	token delta lambda cache
2376	lambda-route-382	skip	2495.32	lambda epsilon delta lambda
2377	lambda-delta-383	skip	2901.00	gamma lambda lambda zeta parser
2378	route-worker-384	warn	6059.65	token socket
2379	alpha-render-385	warn	3043.08	alpha index
2380	delta-theta-386	fail	5464.79	beta alpha omega
2381	omega-epsilon-387	skip	2495.00	parser delta alpha beta
2382	parser-index-388	warn	3663.47	gamma parser
2383	index-delta-389	skip	2773.99	zeta alpha theta sigma
2384	kappa-omega-390	skip	5324.51	lambda socket render
2385	zeta-kappa-391	fail	7758.75	route render
2386	kappa-socket-392	skip	5536.28	index render
2387	theta-token-393	warn	1340.37	theta cache
2388	render-token-394	warn	2479.25	parser token alpha lambda kappa
2389	parser-sigma-395	warn	2779.08	cache kappa gamma
2390	omega-lambda-396	warn	8615.17	socket kappa socket token
2391	stream-stream-397	skip	6874.89	sigma kappa alpha parser
2392	socket-beta-398	fail	7028.00	route delta worker cache index
2393	route-alpha-399	ok	6864.65	token alpha
2394	route-kappa-400	fail	2516.87	queue token lambda token
2395	theta-queue-401	ok	4075.43	cache token route alpha
2396	parser-delta-402	warn	5760.40	sigma kappa
2397	delta-parser-403	skip	4610.63	render token omega epsilon render
2398	sigma-socket-404	fail	1405.04	cache beta
2399	kappa-index-405	warn	8559.86	parser zeta
2400	token-worker-406	warn	7787.60	worker alpha parser token
2401	worker-beta-407	warn	6910.26	route token alpha gamma
2402	alpha-omega-408	fail	6739.53	route gamma socket cache
2403	token-kappa-409	ok	6651.46	worker render delta
2404	render-zeta-410	ok	9968.20	kappa sigma parser
2405	kappa-zeta-411	ok	7124.21	sigma gamma
2406	beta-socket-412	fail	9241.13	parser sigma theta
2407	epsilon-stream-413	skip	2034.44	socket parser queue sigma kappa
2408	render-socket-414	ok	7074.43	alpha beta alpha
2409	beta-gamma-415	fail	2088.99	cache stream delta
2410	sigma-epsilon-416	warn	8082.84	omega token
2411	token-socket-417	warn	32.18	index socket sigma
2412	index-render-418	ok	9085.36	cache parser
2413	epsilon-theta-419	ok	3192.01	gamma lambda
2414	route-token-420	ok	462.77	index route stream
2415	epsilon-queue-421	fail	8964.83	omega cache kappa beta
2416	beta-parser-422	fail	6806.03	lambda omega
2417	token-delta-423	warn	497.25	theta token lambda alpha
2418	route-zeta-424	ok	4990.53	parser render parser epsilon
2419	epsilon-zeta-425	ok	5060.96	index kappa theta
2420	render-zeta-426	ok	133.18	stream sigma route
2421	render-omega-427	warn	2717.27	worker index cache index
2422	index-socket-428	ok	1548.02	socket zeta
2423	omega-lambda-429	warn	2769.75	socket stream parser
2424	cache-kappa-430	skip	8522.39	delta index queue queue
2425	lambda-zeta-431	warn	1327.78	stream render sigma delta socket
2426	token-cache-432	skip	4672.86	gamma token
2427	parser-beta-433	warn	7261.46	render index delta
2428	token-queue-434	fail	5382.46	parser cache beta epsilon
2429	parser-lambda-435	skip	9123.23	kappa route
2430	socket-index-436	fail	5512.32	omega lambda epsilon
2431	worker-queue-437	ok	8272.80	lambda socket omega
2432	queue-route-438	warn	9998.76	worker worker
2433	epsilon-socket-439	ok	8685.96	cache render queue route
2434	stream-lambda-440	fail	3125.72	epsilon theta gamma index
2435	sigma-beta-441	skip	4949.32	gamma lambda index
2436	socket-parser-442	ok	5144.07	parser route
2437	cache-kappa-443	fail	2818.14	parser zeta lambda
2438	queue-index-444	warn	7044.30	token token
2439	epsilon-epsilon-445	warn	5427.48	gamma epsilon
2440	omega-parser-446	fail	363.86	theta sigma epsilon sigma
2441	stream-stream-447	fail	1808.58	parser parser
2442	token-beta-448	ok	1051.90	stream worker cache parser
2443	token-token-449	skip	3626.08	worker epsilon
2444	stream-sigma-450	fail	8275.42	parser lambda omega
2445	epsilon-epsilon-451	warn	4611.48	kappa delta queue parser socket
2446	parser-delta-452	warn	9271.33	kappa socket delta lambda
2447	gamma-socket-453	ok	2218.70	theta parser
2448	delta-parser-454	skip	7550.35	parser parser render index
2449	sigma-theta-455	ok	4368.82	delta omega
2450	alpha-omega-456	ok	7434.65	theta parser socket theta queue
2451	delta-sigma-457	warn	4869.15	socket epsilon kappa parser
2452	gamma-alpha-458	fail	431.76	beta omega sigma worker
2453	stream-zeta-459	warn	4652.50	sigma alpha zeta beta parser
2454	omega-worker-460	warn	1200.56	index beta epsilon socket
2455	zeta-sigma-461	warn	2005.89	index theta lambda theta worker
2456	omega-zeta-462	fail	9339.46	epsilon gamma zeta sigma
2457	stream-gamma-463	warn	9349.07	gamma cache queue
2458	lambda-kappa-464	fail	7366.18	worker zeta theta queue sigma
2459	stream-stream-465	fail	3538.72	alpha index queue
2460	socket-beta-466	warn	7777.59	gamma delta
2461	delta-gamma-467	ok	2144.76	worker alpha
2462	beta-omega-468	skip	9309.83	index kappa alpha lambda
2463	theta-index-469	fail	7090.46	sigma queue kappa kappa zeta
2464	gamma-theta-470	skip	84.29	index delta cache zeta queue
2465	index-kappa-471	fail	8243.57	lambda kappa zeta sigma
2466	epsilon-kappa-472	skip	9307.55	omega delta queue
2467	alpha-route-473	ok	8854.42	omega lambda delta
2468	socket-alpha-474	skip	1677.99	kappa gamma gamma route omega
2469	socket-route-475	fail	2699.45	sigma route route omega
2470	gamma-index-476	skip	9671.87	delta omega socket lambda
2471	gamma-delta-477	skip	2548.58	alpha token sigma
2472	token-beta-478	ok	4500.28	kappa omega render
2473	sigma-alpha-479	skip	4678.19	beta socket delta zeta cache
2474	beta-render-480	fail	8503.96	omega sigma
2475	index-gamma-481	ok	1584.32	delta epsilon route zeta
2476	render-token-482	skip	6146.85	render beta gamma
2477	beta-token-483	warn	3951.16	worker render beta zeta index
2478	token-token-484	ok	8863.78	epsilon index queue
2479	sigma-sigma-485	ok	770.20	cache cache
2480	sigma-sigma-486	ok	429.47	queue worker worker render queue
2481	epsilon-queue-487	skip	8505.82	worker sigma kappa index
2482	render-worker-488	fail	523.91	beta queue alpha
2483	delta-kappa-489	skip	2008.82	gamma kappa index index
2484	lambda-cache-490	ok	4304.02	beta route
2485	beta-gamma-491	skip	621.33	cache epsilon route socket
2486	kappa-sigma-492	warn	4816.90	render alpha delta beta
2487	queue-cache-493	ok	1043.05	theta stream cache theta cache
2488	cache-kappa-494	warn	1068.59	cache token
2489	kappa-route-495	skip	1914.83	beta lambda socket
2490	beta-epsilon-496	warn	5301.83	token cache delta index omega
2491	lambda-queue-497	warn	7372.54	theta omega
2492	epsilon-render-498	warn	2892.65	delta epsilon index stream
2493	token-kappa-499	ok	8673.90	queue theta index
2494	queue-beta-500	warn	9504.53	sigma stream epsilon beta
2495	worker-omega-501	ok	6113.12	omega cache worker theta render
2496	delta-worker-502	warn	1925.32	delta epsilon parser
2497	stream-epsilon-503	skip	6506.10	epsilon lambda route route
2498	kappa-worker-504	ok	421.80	route lambda kappa route stream
2499	route-parser-505	skip	4034.04	stream parser kappa render
2500	beta-delta-506	warn	7500.66	render beta
2501	beta-zeta-507	warn	5775.35	socket gamma lambda route
2502	lambda-cache-508	fail	6262.17	parser stream gamma
2503	stream-lambda-509	fail	8772.23	sigma sigma beta gamma
2504	zeta-lambda-510	warn	66.86	delta index
2505	alpha-worker-511	ok	9705.96	omega route
2506	zeta-sigma-512	warn	9465.44	index epsilon
2507	beta-epsilon-513	warn	6103.32	sigma route lambda
2508	token-socket-514	skip	5118.58	cache epsilon sigma
2509	queue-theta-515	warn	8605.08	route lambda render
2510	kappa-lambda-516	skip	7771.05	worker gamma render cache theta
2511	stream-theta-517	fail	3851.06	queue sigma cache kappa index
2512	lambda-kappa-518	skip	2461.95	delta worker sigma
2513	worker-gamma-519	skip	7458.56	omega kappa token
2514	queue-socket-520	ok	5334.84	stream token
2515	zeta-omega-521	skip	9435.80	queue gamma
2516	sigma-zeta-522	warn	8148.98	cache worker
2517	token-route-523	warn	4554.26	parser lambda epsilon beta kappa
2518	worker-delta-524	skip	2927.59	lambda alpha
2519	token-theta-525	warn	6267.41	route worker index token
2520	stream-theta-526	fail	3132.07	worker queue worker socket
2521	theta-parser-527	fail	8733.20	socket lambda
2522	worker-omega-528	fail	108.02	beta beta
2523	delta-route-529	fail	2461.58	beta token parser delta
2524	render-cache-530	fail	4763.25	render index zeta
2525	gamma-render-531	fail	9802.36	epsilon zeta index route
2526	parser-alpha-532	skip	9464.43	index token
2527	parser-token-533	warn	4128.38	token omega sigma
2528	gamma-epsilon-534	ok	6652.19	epsilon theta
2529	delta-parser-535	warn	7099.50	route gamma socket route route
2530	kappa-worker-536	skip	5974.64	omega kappa theta gamma delta
2531	cache-omega-537	fail	2534.13	kappa delta kappa cache stream
2532	kappa-gamma-538	fail	9993.66	queue route
2533	omega-theta-539	ok	7213.14	worker zeta stream
2534	epsilon-delta-540	ok	505.67	route zeta token gamma
2535	kappa-render-541	skip	5821.71	epsilon zeta
2536	alpha-omega-542	warn	6299.61	cache socket
2537	socket-omega-543	ok	9411.84	lambda stream omega
2538	render-gamma-544	warn	5219.95	index alpha omega
2539	beta-cache-545	warn	6283.05	beta omega stream
2540	theta-queue-546	fail	9178.55	gamma index
2541	delta-worker-547	fail	6916.88	stream token queue index index
2542	token-worker-548	warn	5451.94	delta cache token sigma socket
2543	stream-sigma-549	fail	5340.35	index omega sigma cache
2544	zeta-sigma-550	fail	1265.53	zeta queue epsilon epsilon
2545	cache-delta-551	warn	7138.46	beta gamma delta gamma
2546	delta-lambda-552	skip	4568.75	omega cache beta token
2547	index-socket-553	skip	3133.01	cache index cache token
2548	route-cache-554	ok	9364.32	beta zeta
2549	route-delta-555	skip	9736.49	lambda socket omega
2550	queue-index-556	skip	2876.94	parser omega
2551	zeta-delta-557	warn	3768.96	beta parser socket
2552	zeta-epsilon-558	ok	8524.61	theta render index cache zeta
2553	gamma-socket-559	ok	5042.61	queue sigma
2554	socket-cache-560	warn	2165.19	gamma kappa
2555	cache-worker-561	fail	9529.73	alpha lambda zeta
2556	stream-cache-562	fail	6121.53	worker alpha delta
2557	parser-parser-563	fail	409.44	sigma index omega beta
2558	socket-beta-564	skip	6294.53	lambda omega stream worker lambda
2559	cache-theta-565	ok	6385.61	kappa sigma gamma queue gamma
2560	delta-render-566	warn	9154.72	cache sigma render render cache
2561	kappa-route-567	skip	9963.89	route token index kappa
2562	alpha-kappa-568	fail	1152.71	worker theta
2563	lambda-epsilon-569	skip	8489.34	queue index beta render zeta
2564	theta-lambda-570	ok	8253.83	alpha zeta
2565	kappa-omega-571	skip	382.56	stream index
2566	gamma-epsilon-572	ok	1555.98	gamma render queue route omega
2567	delta-epsilon-573	ok	5975.40	queue zeta
2568	alpha-index-574	fail	8750.26	kappa zeta token theta
2569	delta-alpha-575	fail	8753.27	cache sigma gamma queue gamma
2570	sigma-cache-576	ok	932.08	socket zeta queue
2571	token-kappa-577	warn	7130.13	alpha render
2572	socket-omega-578	fail	9364.59	delta beta socket worker cache
2573	theta-alpha-579	warn	1554.94	alpha index alpha zeta parser
2574	socket-worker-580	ok	4843.39	parser route worker
2575	gamma-theta-581	fail	7387.65	cache zeta index
2576	sigma-cache-582	fail	3890.04	sigma queue
2577	socket-zeta-583	fail	2885.40	route epsilon route
2578	stream-alpha-584	fail	4426.09	index stream sigma
2579	stream-omega-585	warn	7225.58	index render worker index cache
2580	omega-alpha-586	ok	9953.61	omega queue lambda theta
2581	kappa-kappa-587	skip	7247.30	lambda theta parser omega
2582	epsilon-sigma-588	warn	2586.83	alpha zeta
2583	route-worker-589	skip	7134.68	beta alpha parser sigma gamma
2584	cache-cache-590	fail	8404.12	route index alpha parser beta
2585	index-worker-591	warn	1833.72	index route theta zeta stream
2586	lambda-epsilon-592	warn	214.87	theta delta
2587	alpha-epsilon-593	fail	882.88	socket parser
2588	worker-parser-594	fail	4680.33	delta omega
2589	token-omega-595	fail	8437.84	route queue route
2590	beta-omega-596	fail	3880.36	parser theta
2591	lambda-index-597	ok	6610.50	index index
2592	epsilon-parser-598	fail	3769.98	parser queue
2593	gamma-gamma-599	fail	8685.10	sigma parser beta index
2594	token-render-600	fail	7408.04	socket theta beta lambda
2595	kappa-gamma-601	skip	4197.30	kappa token socket delta worker
2596	theta-socket-602	skip	9421.39	cache socket theta cache socket
2597	epsilon-stream-603	warn	1349.52	worker parser beta cache sigma
2598	kappa-queue-604	ok	3509.24	kappa stream token worker worker
2599	token-omega-605	ok	5544.70	omega omega sigma
2600	index-alpha-606	ok	2710.47	beta render socket omega
2601	zeta-epsilon-607	skip	9361.12	worker theta parser
2602	omega-parser-608	skip	132.51	lambda index parser parser parser
2603	epsilon-delta-609	skip	4782.34	stream cache socket theta beta
2604	epsilon-beta-610	warn	516.30	worker delta socket zeta zeta
2605	route-index-611	ok	3563.69	zeta worker stream epsilon
2606	omega-kappa-612	skip	9283.14	epsilon omega delta worker queue
2607	gamma-kappa-613	skip	662.18	stream render beta index
2608	stream-cache-614	fail	4852.92	zeta index
2609	worker-lambda-615	ok	4910.70	epsilon cache worker
2610	parser-parser-616	warn	6096.03	route omega epsilon
2611	route-lambda-617	skip	5747.07	token epsilon token route
2612	render-token-618	ok	1347.20	worker omega
2613	token-queue-619	fail	8323.50	delta omega kappa
2614	route-alpha-620	skip	9535.34	epsilon delta
2615	index-omega-621	fail	2005.49	cache kappa token lambda
2616	parser-cache-622	warn	2928.43	alpha sigma index index alpha
2617	gamma-sigma-623	ok	899.67	index omega stream token
2618	kappa-parser-624	skip	5128.24	zeta worker zeta delta parser
2619	lambda-kappa-625	warn	5113.75	index stream
2620	sigma-queue-626	warn	606.05	gamma lambda queue gamma alpha
2621	queue-queue-627	ok	9572.60	route sigma omega route
2622	epsilon-kappa-628	skip	1677.09	worker parser beta
2623	worker-alpha-629	skip	9926.59	beta socket
2624	parser-parser-630	warn	2223.93	epsilon epsilon
2625	gamma-omega-631	fail	4970.62	sigma index theta
2626	worker-index-632	ok	9570.79	sigma omega
2627	alpha-sigma-633	warn	2767.35	queue sigma render omega
2628	stream-worker-634	warn	4938.05	render lambda stream stream
2629	socket-zeta-635	warn	1457.84	alpha alpha worker lambda delta
2630	token-omega-636	skip	8828.74	route queue delta kappa sigma
2631	token-token-637	ok	6132.74	lambda gamma beta cache lambda
2632	omega-index-638	skip	6127.64	epsilon epsilon
2633	theta-lambda-639	fail	3565.00	cache parser alpha alpha
2634	index-token-640	warn	4352.43	omega queue lambda
2635	cache-parser-641	warn	4715.01	sigma omega gamma sigma socket
2636	zeta-parser-642	ok	2112.21	kappa alpha lambda kappa gamma
2637	parser-worker-643	warn	7709.10	sigma gamma
2638	stream-render-644	ok	2699.84	zeta token parser
2639	sigma-zeta-645	warn	4405.48	token index sigma kappa
2640	socket-alpha-646	skip	3140.81	queue kappa kappa beta cache
2641	index-stream-647	warn	6650.78	delta queue
2642	beta-kappa-648	warn	6491.09	theta delta alpha gamma beta
2643	sigma-cache-649	fail	3186.11	socket alpha
2644	theta-delta-650	warn	5273.43	token socket epsilon beta index
2645	worker-token-651	fail	3077.29	token delta queue alpha kappa
2646	worker-theta-652	ok	1895.98	queue sigma alpha render theta
2647	beta-kappa-653	warn	8522.06	parser worker
2648	stream-token-654	warn	9737.77	kappa lambda render stream
2649	alpha-epsilon-655	ok	5696.17	sigma epsilon zeta
2650	cache-kappa-656	ok	7936.97	stream token route omega beta
2651	beta-gamma-657	ok	3950.29	beta lambda
2652	cache-queue-658	fail	4811.79	alpha index alpha
2653	worker-alpha-659	ok	2525.96	epsilon worker kappa
2654	render-kappa-660	fail	759.11	worker stream
2655	omega-render-661	fail	7730.29	token omega socket
2656	queue-gamma-662	skip	735.71	gamma gamma
2657	epsilon-sigma-663	fail	2319.58	zeta worker cache
2658	delta-lambda-664	ok	5557.68	zeta queue theta parser
2659	parser-beta-665	ok	6229.36	cache epsilon route
2660	lambda-alpha-666	warn	96.15	delta queue socket route
2661	kappa-kappa-667	ok	37.98	token epsilon
2662	sigma-route-668	ok	9041.34	sigma render
2663	sigma-queue-669	skip	6682.78	zeta kappa queue kappa
2664	token-lambda-670	skip	9272.04	zeta lambda
2665	route-gamma-671	warn	7530.11	beta delta zeta omega queue
2666	queue-token-672	fail	3371.48	gamma gamma delta sigma
2667	lambda-render-673	skip	8253.48	theta index cache kappa stream
2668	epsilon-alpha-674	warn	460.39	kappa parser gamma
2669	delta-sigma-675	skip	4216.83	render queue
2670	kappa-socket-676	fail	8850.27	parser queue parser gamma zeta
2671	theta-cache-677	skip	6375.21	parser kappa zeta delta route
2672	index-zeta-678	fail	8137.29	gamma zeta zeta socket gamma
2673	zeta-epsilon-679	fail	5538.16	epsilon kappa kappa stream stream
2674	route-omega-680	skip	493.60	omega parser socket delta stream
2675	socket-stream-681	warn	8993.11	theta sigma index omega
2676	route-parser-682	fail	2232.10	stream render
2677	zeta-route-683	warn	8014.65	omega alpha index
2678	gamma-worker-684	ok	7703.38	token epsilon
2679	omega-token-685	skip	1974.57	worker sigma
2680	lambda-epsilon-686	warn	8154.14	render token kappa
2681	beta-epsilon-687	ok	8402.26	theta lambda gamma omega
2682	zeta-alpha-688	fail	4481.25	stream alpha render
2683	stream-epsilon-689	skip	7092.72	beta zeta token alpha queue
2684	render-worker-690	warn	1652.55	socket beta parser
2685	sigma-queue-691	skip	1478.83	zeta stream
2686	queue-delta-692	fail	6548.63	gamma delta alpha delta stream
2687	token-socket-693	skip	1035.80	route beta lambda
2688	alpha-route-694	fail	4945.15	parser index
2689	sigma-index-695	warn	7561.57	alpha route kappa queue queue
2690	gamma-stream-696	fail	5721.90	sigma epsilon beta
2691	parser-cache-697	skip	2447.54	cache cache worker lambda
2692	omega-queue-698	skip	3958.64	omega zeta gamma epsilon worker
2693	stream-delta-699	ok	6563.96	zeta cache zeta socket
2694	socket-route-700	fail	7653.96	stream queue stream omega
2695	alpha-omega-701	warn	3935.20	token epsilon
2696	gamma-theta-702	warn	9966.10	theta zeta zeta index
2697	theta-stream-703	warn	8084.59	socket alpha omega omega
2698	cache-alpha-704	fail	1260.48	cache beta route
2699	worker-zeta-705	skip	8200.72	cache omega theta
2700	queue-queue-706	ok	6230.40	cache epsilon theta beta
2701	alpha-parser-707	ok	8325.76	sigma sigma queue
2702	cache-beta-708	warn	3205.74	index delta
2703	omega-parser-709	ok	6273.30	epsilon omega theta
2704	parser-beta-710	ok	1365.14	gamma sigma stream stream render
2705	parser-beta-711	skip	5700.84	lambda token omega alpha
2706	sigma-beta-712	skip	2989.12	kappa worker index zeta
2707	alpha-token-713	fail	8531.57	worker omega
2708	kappa-beta-714	fail	3232.09	stream worker zeta
2709	stream-cache-715	fail	2176.40	omega worker stream
2710	queue-gamma-716	skip	269.80	sigma token alpha
2711	render-lambda-717	warn	9606.95	parser beta parser
2712	stream-parser-718	fail	3927.81	cache cache socket
2713	delta-route-719	warn	5196.46	render render stream
2714	alpha-parser-720	fail	5773.97	sigma lambda
2715	zeta-delta-721	skip	2652.83	socket stream alpha
2716	gamma-render-722	skip	9276.00	epsilon zeta gamma alpha queue
2717	epsilon-route-723	ok	707.77	token zeta epsilon
2718	gamma-sigma-724	warn	4958.38	theta beta gamma
2719	worker-omega-725	ok	3536.15	cache epsilon
2720	sigma-lambda-726	skip	5766.29	theta sigma kappa
2721	render-theta-727	fail	909.08	cache alpha theta
2722	token-worker-728	warn	151.41	sigma index
2723	theta-worker-729	warn	1961.54	route stream stream
2724	gamma-route-730	warn	7865.41	worker sigma queue
2725	index-delta-731	warn	7136.63	lambda delta queue route
2726	queue-omega-732	warn	2212.52	cache omega lambda
2727	alpha-index-733	fail	4727.08	queue zeta
2728	epsilon-worker-734	warn	952.65	cache theta queue cache worker
2729	lambda-cache-735	fail	1051.95	cache alpha
2730	render-parser-736	fail	6190.66	omega render zeta theta route
2731	gamma-sigma-737	fail	9542.76	stream stream
2732	stream-kappa-738	fail	3463.93	omega parser worker omega kappa
2733	route-gamma-739	fail	8538.96	token route alpha token
2734	gamma-epsilon-740	fail	4150.83	beta token alpha
2735	gamma-delta-741	fail	2986.17	sigma lambda epsilon epsilon socket
2736	cache-gamma-742	ok	2956.62	queue alpha cache
2737	lambda-route-743	ok	1628.64	render socket worker index cache
2738	zeta-delta-744	skip	6802.29	alpha route beta queue sigma
2739	token-stream-745	warn	3211.92	sigma socket token theta sigma
2740	parser-stream-746	warn	5888.98	epsilon delta lambda render
2741	token-alpha-747	fail	7087.78	kappa beta omega
2742	socket-omega-748	skip	6854.62	index zeta
2743	queue-alpha-749	fail	9318.70	sigma route
2744	queue-queue-750	ok	270.44	route theta sigma epsilon
2745	kappa-stream-751	warn	8437.50	cache cache
2746	sigma-kappa-752	warn	6995.25	gamma socket delta
2747	kappa-lambda-753	ok	1667.83	theta theta zeta sigma zeta
2748	lambda-queue-754	warn	1339.68	render worker
2749	render-worker-755	fail	6610.10	index beta zeta kappa
2750	gamma-queue-756	ok	7807.48	delta theta gamma token
2751	theta-parser-757	fail	9024.76	socket beta queue
2752	queue-omega-758	skip	8244.83	queue lambda
2753	epsilon-queue-759	skip	4677.65	socket zeta sigma queue
2754	sigma-queue-760	ok	2982.09	worker cache sigma alpha stream
2755	token-epsilon-761	warn	3973.71	token route sigma
2756	beta-socket-762	ok	8088.46	socket sigma beta
2757	queue-kappa-763	warn	4177.45	omega token
2758	queue-sigma-764	warn	6465.41	gamma theta zeta epsilon epsilon
2759	stream-index-765	fail	3543.61	route index cache epsilon stream
2760	delta-worker-766	ok	9682.89	omega route theta
2761	beta-gamma-767	skip	4229.87	zeta beta queue
2762	alpha-theta-768	ok	6268.08	gamma sigma
2763	sigma-theta-769	ok	3208.71	stream beta
2764	beta-cache-770	ok	758.46	beta theta socket cache
2765	delta-stream-771	ok	5362.01	epsilon render stream
2766	token-epsilon-772	fail	1135.74	kappa queue
2767	theta-gamma-773	skip	4295.33	zeta index
2768	index-queue-774	skip	8170.53	parser sigma delta
2769	theta-index-775	fail	7990.01	socket theta
2770	stream-lambda-776	fail	8802.86	token token
2771	beta-queue-777	fail	7673.37	cache lambda
2772	worker-cache-778	skip	9627.88	epsilon epsilon parser sigma theta
2773	kappa-theta-779	skip	7025.49	theta render
2774	kappa-lambda-780	fail	3307.65	index beta route
2775	lambda-delta-781	ok	8615.77	token lambda omega
2776	delta-index-782	warn	6607.85	worker delta queue epsilon gamma
2777	stream-token-783	skip	4405.85	socket queue
2778	worker-delta-784	fail	3189.90	render zeta cache parser sigma
2779	route-sigma-785	skip	5212.90	zeta parser lambda
2780	alpha-socket-786	warn	397.10	alpha stream queue
2781	delta-delta-787	ok	5645.12	lambda cache sigma token queue
2782	token-socket-788	ok	1098.00	beta stream sigma kappa
2783	alpha-route-789	ok	4940.26	omega worker theta parser epsilon
2784	delta-render-790	fail	3121.17	kappa index lambda socket
2785	socket-cache-791	warn	9793.34	token sigma
2786	cache-lambda-792	warn	4724.47	worker socket epsilon alpha gamma
2787	omega-route-793	warn	4645.52	omega stream omega
2788	render-sigma-794	fail	267.76	route gamma queue
2789	render-cache-795	ok	6755.33	token socket delta theta
2790	gamma-theta-796	warn	2989.21	sigma token
2791	delta-sigma-797	fail	7447.45	theta parser zeta cache cache
2792	zeta-cache-798	ok	9694.72	kappa omega omega
2793	sigma-omega-799	ok	8709.02	beta omega theta socket theta
2794	zeta-stream-800	ok	5502.12	gamma render stream beta
2795	epsilon-epsilon-801	fail	1317.66	omega worker render parser beta
2796	route-index-802	skip	903.11	alpha sigma parser
2797	parser-parser-803	fail	2286.22	sigma gamma
2798	stream-sigma-804	skip	4099.26	render cache alpha
2799	index-worker-805	fail	4515.92	render zeta cache
2800	delta-alpha-806	skip	335.00	zeta render sigma
2801	kappa-gamma-807	fail	7084.05	beta theta
2802	index-lambda-808	warn	5564.61	kappa kappa
2803	token-parser-809	skip	3119.05	alpha epsilon stream omega
2804	token-index-810	ok	3201.30	sigma socket
2805	sigma-theta-811	ok	7690.48	theta lambda token gamma
2806	delta-lambda-812	warn	4773.95	delta queue beta delta
2807	index-sigma-813	warn	8863.54	epsilon omega stream sigma
2808	index-worker-814	warn	8810.93	render stream worker
2809	alpha-queue-815	skip	3909.79	delta queue queue delta cache
2810	sigma-theta-816	ok	3847.40	theta token cache delta
2811	gamma-index-817	warn	3491.15	beta index index beta beta
2812	token-route-818	ok	27.62	index worker beta zeta lambda
2813	alpha-route-819	ok	6177.80	route lambda lambda epsilon
2814	omega-render-820	ok	1001.57	socket lambda index token
2815	epsilon-worker-821	fail	2243.05	kappa beta route
2816	index-kappa-822	warn	4244.30	stream parser
2817	cache-zeta-823	warn	3472.48	theta zeta gamma socket
2818	epsilon-lambda-824	warn	9490.21	socket socket socket
2819	epsilon-delta-825	fail	4200.45	render sigma queue render delta
2820	delta-socket-826	fail	3523.77	gamma kappa delta parser
2821	route-gamma-827	warn	7954.71	queue theta alpha theta
2822	parser-route-828	skip	8094.58	queue stream delta stream epsilon
2823	parser-stream-829	warn	3303.36	beta epsilon omega worker
2824	parser-route-830	ok	9245.24	sigma index queue
2825	render-alpha-831	fail	9934.39	sigma token stream epsilon omega
2826	stream-route-832	warn	9785.48	epsilon cache
2827	parser-delta-833	ok	4149.92	worker epsilon socket
2828	delta-delta-834	ok	1393.94	beta gamma sigma
2829	delta-render-835	skip	745.47	omega token worker
2830	beta-zeta-836	fail	7822.24	omega stream socket cache sigma
2831	index-cache-837	skip	201.19	delta theta worker
2832	token-worker-838	skip	4789.24	gamma token token
2833	alpha-epsilon-839	skip	6852.15	gamma gamma theta
2834	lambda-gamma-840	warn	7947.93	lambda queue delta sigma cache
2835	stream-render-841	warn	5439.86	index index epsilon theta
2836	token-delta-842	fail	4988.67	worker theta lambda gamma cache
2837	zeta-index-843	fail	6897.07	index stream alpha lambda
2838	route-cache-844	skip	2563.29	sigma lambda
2839	gamma-render-845	skip	6430.25	delta render stream
2840	omega-epsilon-846	warn	2849.61	alpha kappa
2841	socket-kappa-847	skip	3743.56	omega kappa
2842	token-route-848	skip	6001.27	socket worker route parser stream
2843	delta-index-849	fail	1643.22	queue cache
2844	gamma-omega-850	warn	3182.86	token route
2845	lambda-socket-851	fail	8136.28	alpha token token epsilon gamma
2846	parser-delta-852	fail	5882.09	alpha token omega worker gamma
2847	beta-alpha-853	fail	329.97	worker render delta alpha
2848	zeta-index-854	warn	6109.37	worker stream
2849	cache-cache-855	fail	375.49	lambda delta parser stream parser
2850	gamma-stream-856	warn	3466.42	lambda queue gamma
2851	stream-zeta-857	warn	6270.21	cache beta zeta index parser
2852	beta-delta-858	ok	7328.35	index route index kappa gamma
2853	gamma-zeta-859	skip	4444.39	socket theta epsilon kappa
2854	alpha-zeta-860	skip	4952.33	lambda cache delta beta
2855	parser-queue-861	fail	6762.42	route lambda
2856	kappa-token-862	warn	4721.99	kappa beta
2857	delta-worker-863	fail	8410.91	theta cache lambda omega
2858	omega-token-864	warn	4197.66	beta stream kappa stream
2859	socket-parser-865	ok	7915.31	parser alpha theta zeta index
2860	index-kappa-866	skip	1267.86	stream omega zeta
2861	omega-beta-867	ok	82.10	cache zeta kappa kappa socket
2862	beta-stream-868	warn	6614.45	gamma beta worker theta token
2863	token-gamma-869	skip	4164.91	gamma socket
2864	omega-zeta-870	ok	8575.68	beta lambda
2865	lambda-delta-871	ok	4937.49	sigma cache socket cache worker
2866	sigma-token-872	warn	9859.38	cache epsilon omega delta
2867	parser-parser-873	skip	6629.24	delta sigma gamma socket render
2868	zeta-route-874	skip	8313.10	render zeta
2869	route-sigma-875	ok	5996.57	queue index queue
2870	theta-theta-876	warn	15.78	worker zeta kappa epsilon
2871	sigma-kappa-877	skip	1211.73	epsilon stream epsilon beta
2872	alpha-parser-878	skip	2358.88	cache render cache worker socket
2873	kappa-delta-879	fail	1167.52	zeta gamma epsilon theta
2874	theta-route-880	warn	6145.06	index worker beta
2875	render-alpha-881	warn	1103.53	queue lambda socket
2876	sigma-epsilon-882	warn	8070.19	token theta cache gamma
2877	queue-theta-883	warn	227.08	epsilon lambda parser kappa epsilon
2878	epsilon-index-884	ok	9483.97	kappa lambda
2879	socket-omega-885	fail	9196.07	render theta
2880	queue-epsilon-886	skip	6809.59	beta alpha route token
2881	zeta-route-887	skip	6688.16	lambda sigma render token render
2882	zeta-epsilon-888	skip	4525.39	stream alpha epsilon
2883	route-index-889	warn	412.08	index kappa
2884	gamma-parser-890	fail	2788.51	token zeta
2885	cache-queue-891	skip	4746.81	queue epsilon stream lambda
2886	lambda-index-892	warn	9653.35	omega cache index sigma delta
2887	epsilon-epsilon-893	warn	1784.93	gamma worker stream sigma kappa
2888	token-route-894	ok	2615.07	lambda omega zeta omega
2889	route-lambda-895	ok	8021.87	kappa theta route alpha
2890	index-index-896	ok	1000.49	gamma parser gamma
2891	token-gamma-897	skip	1576.50	omega sigma socket lambda render
2892	epsilon-index-898	warn	375.48	cache socket cache queue
2893	epsilon-stream-899	fail	9195.86	theta lambda beta parser kappa
2894	parser-zeta-900	ok	2979.53	lambda cache gamma parser
2895	route-theta-901	fail	6830.52	omega stream beta theta alpha
2896	kappa-socket-902	ok	8747.56	sigma render worker parser
2897	zeta-index-903	fail	1039.22	omega beta beta
2898	route-parser-904	fail	1291.90	index queue parser lambda
2899	render-route-905	fail	1694.37	stream omega delta
2900	theta-alpha-906	skip	8025.54	parser epsilon
2901	zeta-theta-907	ok	6054.12	queue kappa
2902	gamma-beta-908	fail	9618.77	delta lambda
2903	alpha-route-909	skip	5163.92	queue stream socket sigma
2904	render-cache-910	ok	5116.51	stream theta kappa delta
2905	cache-cache-911	warn	1431.21	parser alpha kappa lambda alpha
2906	omega-socket-912	ok	5682.84	zeta epsilon socket zeta
2907	socket-gamma-913	ok	7177.48	stream theta epsilon omega cache
2908	lambda-epsilon-914	warn	7880.80	render gamma queue
2909	omega-theta-915	fail	137.27	sigma beta theta index beta
2910	zeta-cache-916	warn	4140.65	delta theta sigma
2911	delta-route-917	warn	3412.39	queue cache stream cache theta
2912	epsilon-lambda-918	skip	1251.77	lambda lambda alpha
2913	queue-sigma-919	skip	2280.05	worker sigma
2914	gamma-theta-920	ok	5727.51	token sigma cache theta
2915	zeta-index-921	fail	2744.42	queue token cache
2916	render-kappa-922	skip	5031.76	token zeta
2917	omega-index-923	ok	8417.92	cache render gamma alpha zeta
2918	sigma-token-924	ok	1189.18	render cache
2919	kappa-socket-925	fail	1616.68	render worker
2920	delta-gamma-926	fail	9504.49	route render lambda
2921	gamma-lambda-927	fail	4275.87	omega delta route zeta cache
2922	route-render-928	fail	1867.24	cache socket parser epsilon
2923	alpha-beta-929	ok	9098.87	worker worker zeta omega parser
2924	delta-stream-930	skip	9643.90	parser token queue
2925	stream-socket-931	warn	2662.11	epsilon zeta stream
2926	theta-socket-932	warn	8935.85	queue token gamma delta
2927	index-parser-933	warn	228.82	socket kappa omega alpha
2928	worker-theta-934	ok	7776.00	worker stream zeta
2929	token-zeta-935	warn	3598.76	parser omega queue
2930	beta-index-936	skip	1696.51	beta route theta
2931	sigma-queue-937	ok	6339.57	epsilon index
2932	zeta-stream-938	warn	7571.14	parser epsilon cache beta
2933	alpha-socket-939	skip	1325.56	kappa theta alpha
2934	parser-render-940	warn	6768.53	cache lambda
2935	alpha-beta-941	warn	8022.65	omega render kappa gamma
2936	route-kappa-942	skip	714.88	cache lambda socket worker theta
2937	sigma-lambda-943	ok	4524.26	kappa delta zeta epsilon
2938	sigma-kappa-944	skip	7008.38	parser kappa worker omega theta
2939	theta-token-945	warn	578.07	lambda render
2940	parser-index-946	warn	4344.20	worker queue
2941	queue-stream-947	warn	1068.82	omega lambda omega sigma socket
2942	render-worker-948	skip	1927.73	render lambda
2943	sigma-delta-949	fail	5104.82	sigma alpha beta alpha theta
2944	theta-zeta-950	fail	1661.30	lambda lambda
2945	lambda-index-951	fail	7483.85	worker route delta
2946	sigma-zeta-952	fail	114.80	parser route sigma stream sigma
2947	kappa-alpha-953	ok	4769.63	render lambda socket parser epsilon
2948	sigma-delta-954	fail	5495.01	beta index
2949	route-alpha-955	ok	4098.35	index lambda epsilon cache worker
2950	sigma-stream-956	warn	3436.26	index alpha alpha
2951	lambda-cache-957	ok	3961.92	gamma lambda theta epsilon cache
2952	lambda-socket-958	warn	1573.33	token index kappa beta index
2953	stream-parser-959	fail	9407.59	theta alpha
2954	sigma-theta-960	warn	3243.77	render parser
2955	alpha-parser-961	ok	107.65	alpha kappa socket route
2956	worker-route-962	skip	2892.19	delta alpha beta
2957	queue-kappa-963	ok	7943.81	cache token
2958	socket-queue-964	fail	3042.49	socket omega delta parser
2959	stream-route-965	warn	8800.77	worker worker epsilon gamma beta
2960	omega-route-966	ok	5240.66	beta omega
2961	gamma-queue-967	ok	6011.03	theta index
2962	route-stream-968	skip	421.46	kappa omega
2963	queue-route-969	warn	3197.48	token socket
2964	omega-gamma-970	warn	6329.11	stream route index stream
2965	parser-worker-971	warn	4430.64	route cache delta route alpha
2966	beta-route-972	fail	3936.29	delta parser sigma worker token
2967	kappa-stream-973	skip	1679.90	stream lambda route
2968	lambda-omega-974	ok	2705.40	kappa stream worker stream
2969	cache-parser-975	fail	7646.53	omega parser
2970	parser-sigma-976	skip	1199.22	sigma omega index route omega
2971	route-delta-977	ok	5229.28	zeta index
2972	render-route-978	warn	7474.82	token lambda worker
2973	parser-zeta-979	ok	9239.35	cache beta parser sigma
2974	stream-socket-980	warn	9836.12	omega gamma kappa render
2975	gamma-lambda-981	fail	4034.38	stream lambda index sigma
2976	cache-index-982	ok	9276.83	gamma cache index
2977	omega-worker-983	warn	4956.53	stream sigma alpha theta
2978	epsilon-cache-984	warn	8016.08	index lambda socket beta
2979	epsilon-token-985	warn	7473.55	route kappa sigma
2980	delta-alpha-986	fail	6475.37	worker socket worker
2981	theta-zeta-987	fail	9058.67	route sigma index token
2982	queue-kappa-988	warn	1805.50	route delta
2983	omega-theta-989	ok	8173.29	render queue
2984	alpha-alpha-990	fail	9877.81	worker socket epsilon cache socket
2985	index-socket-991	ok	8377.35	sigma render zeta
2986	zeta-sigma-992	fail	4433.02	delta delta
2987	alpha-worker-993	ok	6340.25	theta index queue
2988	queue-kappa-994	fail	1009.41	worker delta gamma socket
2989	cache-sigma-995	warn	3717.40	queue parser zeta socket
2990	epsilon-index-996	warn	6796.56	kappa parser
2991	route-render-0	warn	9672.57	stream lambda queue
2992	beta-beta-1	warn	8400.00	delta lambda lambda render
2993	kappa-delta-2	ok	9511.25	beta epsilon zeta lambda parser
2994	stream-sigma-3	ok	1157.48	socket delta epsilon
2995	parser-sigma-4	ok	3855.74	epsilon zeta socket
2996	epsilon-beta-5	fail	8384.58	epsilon stream beta
2997	worker-zeta-6	ok	8857.93	route sigma epsilon
2998	kappa-epsilon-7	skip	3399.15	token beta delta
2999	index-worker-8	warn	9471.93	epsilon sigma
3000	token-gamma-9	skip	6088.11	beta cache cache
3001	epsilon-omega-10	fail	1535.25	kappa sigma socket
3002	lambda-parser-11	fail	6735.92	token theta epsilon render index
3003	beta-token-12	ok	5098.92	render parser render
3004	sigma-delta-13	fail	3177.54	socket index kappa token stream
3005	delta-parser-14	warn	8697.76	sigma beta
3006	beta-index-15	warn	822.82	lambda omega lambda theta
3007	stream-cache-16	skip	2941.60	parser omega cache
3008	kappa-kappa-17	ok	9497.31	epsilon stream
3009	epsilon-queue-18	ok	9495.96	route gamma
3010	cache-zeta-19	ok	4178.75	stream delta socket
3011	sigma-sigma-20	warn	5660.47	worker alpha
3012	sigma-render-21	warn	1170.31	zeta gamma token render render
3013	theta-route-22	skip	3674.53	kappa route
3014	index-render-23	ok	8608.03	queue socket token token route
3015	epsilon-route-24	fail	2977.86	lambda kappa token
3016	index-lambda-25	skip	5836.05	beta queue beta
3017	kappa-worker-26	ok	8026.12	queue socket index stream alpha
3018	epsilon-worker-27	fail	722.52	omega render
3019	worker-render-28	skip	6220.45	socket parser
3020	omega-theta-29	fail	9979.29	queue index epsilon parser lambda
3021	zeta-lambda-30	fail	5884.41	render stream epsilon cache
3022	kappa-render-31	warn	5488.28	stream alpha alpha parser
3023	queue-delta-32	warn	3509.78	parser stream
3024	delta-sigma-33	skip	3525.43	index render worker token
3025	index-render-34	skip	1065.20	token theta render stream omega
3026	beta-index-35	ok	3374.80	cache sigma epsilon
3027	index-index-36	warn	6107.18	queue epsilon cache omega index
3028	sigma-route-37	ok	9329.30	sigma route epsilon socket kappa
3029	zeta-beta-38	skip	7690.54	sigma zeta token
3030	route-theta-39	fail	8286.67	queue zeta
3031	queue-lambda-40	fail	1675.72	omega queue
3032	theta-stream-41	skip	4095.02	gamma omega
3033	stream-beta-42	ok	9567.88	kappa worker theta index route
3034	sigma-zeta-43	ok	1264.37	stream worker
3035	cache-kappa-44	skip	9508.86	token sigma route
3036	socket-delta-45	warn	9263.55	index worker omega
3037	cache-cache-46	warn	4299.79	stream omega epsilon cache
3038	cache-route-47	ok	3398.08	stream token route render socket
3039	kappa-stream-48	ok	3997.64	cache omega queue parser stream
3040	index-render-49	skip	7812.11	stream beta
3041	token-alpha-50	warn	7864.91	stream epsilon
3042	beta-worker-51	ok	5750.35	sigma zeta
3043	delta-gamma-52	skip	4534.15	lambda worker render cache worker
3044	theta-socket-53	fail	5609.79	alpha token zeta gamma
3045	delta-zeta-54	ok	3493.49	queue queue lambda
3046	render-queue-55	fail	4469.56	delta stream cache queue
3047	stream-omega-56	fail	5930.18	lambda beta index beta
3048	index-beta-57	fail	4078.24	sigma worker delta
3049	theta-kappa-58	ok	5104.82	kappa lambda route omega
3050	delta-render-59	warn	883.88	parser socket delta epsilon zeta
3051	alpha-render-60	warn	312.46	alpha alpha beta socket
3052	omega-route-61	skip	3089.04	route worker worker
3053	route-kappa-62	fail	469.50	parser alpha
3054	sigma-stream-63	warn	6391.78	parser token epsilon
3055	theta-epsilon-64	warn	4139.28	queue queue socket lambda cache
3056	epsilon-omega-65	skip	4447.16	theta theta worker
3057	cache-token-66	skip	7611.89	socket alpha sigma index
3058	gamma-kappa-67	fail	2231.02	parser beta
3059	route-lambda-68	ok	1447.62	delta route index sigma
3060	kappa-zeta-69	warn	5348.35	render beta kappa
3061	index-omega-70	ok	7638.50	route kappa worker theta theta
3062	queue-queue-71	fail	1588.92	stream lambda omega
3063	sigma-kappa-72	ok	5125.82	lambda alpha beta socket
3064	omega-render-73	ok	9279.48	stream stream queue
3065	delta-cache-74	ok	1844.32	zeta sigma epsilon
3066	stream-token-75	ok	597.77	omega queue
3067	sigma-route-76	warn	5854.94	lambda alpha index stream
3068	token-omega-77	skip	3720.56	stream render socket socket
3069	worker-token-78	fail	7280.70	render alpha route sigma
3070	stream-lambda-79	ok	4225.92	delta gamma
3071	epsilon-cache-80	skip	3566.29	token gamma omega render
3072	gamma-delta-81	fail	6046.10	theta epsilon sigma kappa
3073	lambda-render-82	warn	8531.40	kappa parser
3074	epsilon-token-83	fail	3920.23	render lambda stream beta
3075	render-socket-84	warn	986.40	queue zeta parser beta
3076	sigma-zeta-85	fail	9584.31	route parser token lambda
3077	token-queue-86	skip	3280.77	zeta cache kappa gamma
3078	route-theta-87	skip	8355.08	theta delta route gamma
3079	beta-delta-88	skip	6422.98	zeta route
3080	token-parser-89	ok	2916.46	parser socket
3081	zeta-kappa-90	skip	8415.44	parser route worker
3082	alpha-alpha-91	ok	7614.46	beta zeta parser
3083	queue-parser-92	fail	3216.09	zeta zeta token worker index
3084	delta-cache-93	fail	9850.55	render kappa beta kappa
3085	alpha-stream-94	fail	8343.62	route token
3086	alpha-omega-95	skip	903.26	kappa theta
3087	queue-beta-96	skip	9303.67	index theta beta stream
3088	kappa-epsilon-97	warn	3620.12	parser index
3089	beta-index-98	skip	1692.97	gamma gamma index stream gamma
3090	zeta-stream-99	ok	1816.07	stream omega theta zeta
3091	index-omega-100	warn	9904.37	kappa render
3092	index-parser-101	skip	8297.80	stream lambda parser theta epsilon
3093	index-theta-102	warn	1193.98	theta worker route
3094	kappa-lambda-103	warn	8721.14	alpha alpha gamma route
3095	route-zeta-104	warn	6605.24	delta alpha
3096	kappa-gamma-105	skip	6053.74	route stream
3097	index-theta-106	ok	3133.90	queue queue
3098	queue-lambda-107	warn	1401.80	queue route
3099	index-cache-108	warn	9437.08	render theta
3100	delta-route-109	fail	3122.69	theta theta sigma
3101	beta-cache-110	fail	7961.66	index cache stream lambda index
3102	delta-cache-111	fail	1667.53	sigma stream cache sigma
3103	stream-delta-112	warn	3539.70	beta worker theta worker render
3104	omega-render-113	warn	1124.13	render lambda render render beta
3105	parser-kappa-114	ok	3654.77	token route sigma
3106	zeta-kappa-115	warn	8777.42	gamma parser
3107	gamma-kappa-116	warn	2293.23	alpha omega omega queue
3108	zeta-epsilon-117	ok	314.77	worker render
3109	index-worker-118	fail	3895.66	omega kappa sigma parser queue
3110	omega-gamma-119	skip	4180.48	render route
3111	beta-index-120	warn	7076.50	kappa token token render
3112	stream-worker-121	fail	9020.82	socket worker
3113	gamma-lambda-122	warn	9533.83	stream alpha route route stream
3114	index-parser-123	skip	9270.84	alpha worker queue
3115	token-delta-124	skip	62.91	token sigma
3116	worker-gamma-125	skip	1562.20	omega route
3117	sigma-zeta-126	skip	7561.97	token queue theta sigma render
3118	delta-beta-127	ok	782.93	socket gamma index route route
3119	epsilon-queue-128	skip	7881.92	worker index route lambda
3120	token-queue-129	skip	6523.89	cache omega alpha
3121	parser-epsilon-130	fail	6125.72	epsilon alpha epsilon lambda
3122	parser-parser-131	fail	8020.38	parser socket token theta
3123	beta-stream-132	warn	429.05	worker queue sigma delta socket
3124	queue-render-133	ok	8206.69	alpha parser
3125	socket-token-134	warn	7608.85	kappa render socket queue gamma
3126	alpha-parser-135	ok	3616.29	zeta socket
3127	token-stream-136	skip	4016.06	render zeta sigma stream
3128	queue-route-137	warn	8364.96	delta zeta route lambda
3129	delta-render-138	ok	9594.26	lambda cache epsilon delta epsilon
3130	cache-index-139	fail	1687.22	zeta omega beta index
3131	alpha-socket-140	fail	4740.55	kappa gamma queue
3132	epsilon-index-141	skip	5744.75	index index delta queue alpha
3133	parser-socket-142	fail	5280.37	queue kappa render render route
3134	index-omega-143	skip	7602.47	render parser kappa zeta
3135	beta-lambda-144	skip	208.29	worker zeta route lambda sigma
3136	sigma-token-145	fail	8721.71	omega queue zeta gamma delta
3137	index-cache-146	skip	5461.03	epsilon omega
3138	queue-worker-147	ok	3217.76	socket parser queue route theta
3139	index-worker-148	fail	3773.64	route worker epsilon queue
3140	kappa-stream-149	fail	6375.09	cache token
3141	cache-render-150	warn	823.43	beta delta gamma lambda
3142	stream-omega-151	warn	5425.40	socket beta
3143	index-queue-152	fail	1969.47	lambda delta gamma delta cache
3144	omega-parser-153	warn	9618.65	gamma omega zeta
3145	epsilon-sigma-154	fail	2160.17	alpha cache index queue
3146	zeta-worker-155	ok	6010.73	render index
3147	sigma-beta-156	warn	4286.61	delta omega cache alpha
3148	index-worker-157	fail	9989.04	index worker zeta index kappa
3149	render-sigma-158	skip	4284.23	queue token kappa beta
3150	worker-route-159	skip	2531.86	alpha kappa queue kappa
3151	omega-queue-160	ok	6619.37	omega delta
3152	render-omega-161	skip	6488.57	socket kappa
3153	lambda-zeta-162	fail	6072.67	queue worker beta lambda worker
3154	omega-parser-163	warn	543.84	lambda zeta route
3155	socket-theta-164	skip	6154.84	queue alpha alpha lambda
3156	epsilon-token-165	warn	1781.08	delta token lambda parser token
3157	gamma-socket-166	warn	8533.42	theta theta queue gamma
3158	kappa-beta-167	warn	8241.09	lambda worker
3159	queue-worker-168	fail	1764.38	epsilon gamma
3160	worker-queue-169	warn	47.93	socket theta render cache omega
3161	parser-lambda-170	warn	1930.45	index alpha parser socket omega
3162	render-stream-171	fail	980.17	token parser route queue socket
3163	parser-socket-172	fail	5732.42	theta worker beta worker stream
3164	cache-stream-173	warn	738.89	omega alpha epsilon
3165	stream-delta-174	ok	8942.96	lambda worker lambda stream
3166	gamma-queue-175	skip	2574.20	render epsilon delta
3167	alpha-parser-176	skip	2161.07	stream queue cache omega
3168	kappa-parser-177	skip	2756.91	omega index index
3169	omega-queue-178	ok	7551.27	cache zeta
3170	beta-worker-179	skip	710.50	socket zeta sigma
3171	render-alpha-180	ok	9198.77	socket queue epsilon
3172	socket-zeta-181	ok	2190.78	lambda socket render lambda token
3173	cache-delta-182	ok	6042.14	omega index lambda
3174	epsilon-stream-183	fail	4901.07	kappa sigma
3175	sigma-gamma-184	skip	2028.40	gamma token
3176	worker-socket-185	skip	8917.68	cache token cache alpha token
3177	epsilon-delta-186	warn	149.59	lambda worker index parser
3178	render-alpha-187	skip	5924.45	socket alpha index
3179	alpha-epsilon-188	warn	7345.34	stream socket omega
3180	delta-zeta-189	ok	9792.47	stream sigma theta socket
3181	lambda-route-190	ok	1377.24	delta beta gamma
3182	parser-parser-191	ok	455.08	parser route token socket route
3183	render-route-192	ok	6512.38	beta theta lambda
3184	lambda-gamma-193	warn	9057.60	epsilon kappa stream lambda delta
3185	index-alpha-194	skip	3466.99	worker theta
3186	omega-parser-195	skip	7417.73	lambda beta
3187	sigma-beta-196	fail	6686.85	alpha socket
3188	kappa-stream-197	ok	4725.89	delta lambda
3189	theta-route-198	ok	562.02	cache stream
3190	omega-render-199	skip	107.71	zeta stream omega
3191	stream-route-200	skip	1572.87	worker stream beta stream sigma
3192	queue-queue-201	warn	8087.61	gamma parser
3193	parser-gamma-202	fail	3834.72	worker token
3194	theta-token-203	ok	9560.25	route omega socket omega
3195	socket-index-204	fail	6068.07	zeta render
3196	lambda-index-205	skip	3904.51	cache alpha omega worker omega
3197	stream-lambda-206	skip	7701.73	beta parser zeta
3198	token-theta-207	skip	4712.40	parser theta worker delta
3199	parser-beta-208	warn	4788.53	beta kappa
3200	token-token-209	warn	2365.84	zeta parser zeta index
3201	theta-queue-210	ok	4080.73	render sigma theta
3202	token-beta-211	warn	8242.64	stream cache
3203	index-socket-212	ok	1728.90	index gamma
3204	zeta-queue-213	skip	4807.45	worker queue gamma theta token
3205	socket-cache-214	fail	8391.92	zeta kappa worker token
3206	sigma-stream-215	fail	3404.47	alpha queue
3207	index-beta-216	fail	3888.24	kappa alpha theta
3208	kappa-sigma-217	warn	8531.09	delta index omega worker
3209	kappa-kappa-218	warn	834.24	render sigma delta
3210	token-stream-219	ok	3147.12	worker alpha socket sigma
3211	zeta-render-220	warn	2037.12	omega parser gamma render index
3212	alpha-render-221	ok	7433.12	route socket worker sigma
3213	epsilon-delta-222	warn	9056.17	render sigma queue
3214	epsilon-beta-223	fail	1296.01	lambda cache
3215	render-theta-224	fail	2612.92	socket socket zeta cache
3216	alpha-sigma-225	ok	2470.95	kappa socket zeta theta
3217	route-cache-226	ok	7442.18	omega zeta gamma route
3218	queue-sigma-227	fail	8464.98	beta token socket theta
3219	socket-parser-228	ok	6676.51	render token lambda kappa
3220	cache-route-229	ok	7146.72	route lambda
3221	cache-parser-230	warn	3318.78	index sigma sigma
3222	epsilon-stream-231	fail	7604.73	alpha index stream
3223	queue-epsilon-232	warn	1450.13	queue cache delta route
3224	kappa-lambda-233	ok	6542.93	omega omega token
3225	index-gamma-234	fail	126.07	alpha alpha
3226	sigma-worker-235	ok	1381.05	index delta cache
3227	alpha-route-236	ok	37.35	omega alpha
3228	route-socket-237	ok	405.94	lambda kappa
3229	token-zeta-238	ok	8790.30	omega epsilon gamma stream theta
3230	epsilon-index-239	fail	2391.63	omega omega index socket worker
3231	beta-omega-240	ok	6325.19	token omega socket sigma
3232	alpha-zeta-241	fail	2252.89	theta cache
3233	zeta-worker-242	ok	4794.49	socket alpha
3234	beta-index-243	ok	4543.65	delta worker cache parser
3235	token-omega-244	skip	1363.46	omega stream epsilon beta
3236	lambda-beta-245	skip	7305.49	gamma route
3237	worker-theta-246	skip	2844.19	route token lambda socket
3238	lambda-epsilon-247	warn	6113.98	lambda render
3239	queue-epsilon-248	ok	5887.33	worker token queue queue sigma
3240	route-route-249	fail	8914.15	socket cache gamma kappa theta
3241	queue-route-250	warn	6669.73	omega socket omega socket
3242	theta-queue-251	warn	9503.23	epsilon queue
3243	zeta-kappa-252	ok	6704.33	token omega alpha sigma theta
3244	omega-beta-253	skip	6592.40	render beta cache
3245	index-delta-254	warn	7068.24	kappa delta
3246	queue-alpha-255	warn	6470.94	sigma alpha socket stream
3247	route-queue-256	fail	3867.47	index theta token
3248	token-delta-257	warn	3470.26	render render cache
3249	alpha-index-258	ok	6240.88	beta stream
3250	sigma-lambda-259	warn	9481.52	stream omega
3251	zeta-zeta-260	fail	9665.74	theta render
3252	sigma-omega-261	warn	5759.49	zeta epsilon theta
3253	zeta-parser-262	warn	9049.87	theta route epsilon
3254	queue-render-263	ok	5665.98	stream sigma delta worker route
3255	token-token-264	ok	6317.07	theta zeta theta
3256	delta-kappa-265	fail	2642.23	cache sigma
3257	beta-epsilon-266	ok	6458.25	zeta epsilon parser beta route
3258	omega-zeta-267	skip	8647.32	epsilon kappa
3259	index-route-268	skip	3069.46	index worker kappa epsilon
3260	zeta-omega-269	skip	4839.75	stream token alpha render
3261	route-stream-270	fail	9334.44	socket route
3262	beta-beta-271	fail	3247.43	kappa epsilon socket parser
3263	zeta-gamma-272	warn	1922.02	render render theta
3264	beta-stream-273	warn	2169.17	render render queue gamma
3265	render-omega-274	ok	2783.69	alpha cache
3266	queue-index-275	warn	1674.03	epsilon render kappa
3267	sigma-epsilon-276	fail	8907.94	epsilon worker
3268	render-kappa-277	skip	4783.19	beta sigma socket
3269	sigma-cache-278	skip	8705.44	beta queue zeta
3270	render-alpha-279	skip	9648.08	zeta cache route
3271	render-omega-280	ok	1956.89	omega socket beta worker
3272	gamma-theta-281	warn	9161.75	socket queue worker
3273	sigma-render-282	fail	9956.79	delta kappa worker lambda route
3274	stream-cache-283	fail	8404.26	omega worker epsilon queue omega
3275	sigma-epsilon-284	skip	1830.24	index stream cache alpha lambda
3276	theta-socket-285	ok	4732.72	parser epsilon socket parser
3277	token-queue-286	ok	9673.65	omega gamma delta gamma
3278	alpha-beta-287	ok	2372.30	index omega omega worker cache
3279	queue-gamma-288	warn	9374.18	sigma token zeta lambda omega
3280	cache-gamma-289	warn	4357.70	sigma omega render token theta
3281	delta-stream-290	ok	8315.53	delta beta kappa lambda delta
3282	delta-index-291	fail	6846.72	route lambda
3283	zeta-epsilon-292	warn	1912.48	render queue gamma epsilon theta
3284	theta-epsilon-293	fail	1360.93	route gamma render delta
3285	zeta-omega-294	fail	1578.17	alpha render lambda route
3286	cache-stream-295	fail	3988.27	index stream worker
3287	zeta-zeta-296	fail	2576.84	omega route epsilon
3288	kappa-gamma-297	skip	7940.23	delta beta beta socket
3289	parser-route-298	ok	9666.04	worker worker cache
3290	omega-zeta-299	skip	1052.74	theta lambda socket route
3291	cache-beta-300	fail	7518.80	zeta sigma gamma
3292	parser-parser-301	fail	4394.10	alpha cache theta
3293	cache-epsilon-302	warn	5418.12	lambda stream alpha parser socket
3294	parser-sigma-303	ok	6338.33	beta delta
3295	beta-lambda-304	ok	5030.59	sigma token index
3296	omega-index-305	fail	6897.17	omega queue omega
3297	kappa-theta-306	warn	9526.63	lambda delta gamma
3298	sigma-token-307	fail	5404.13	worker epsilon
3299	parser-alpha-308	warn	8119.26	sigma kappa cache stream index
3300	queue-queue-309	skip	4272.51	queue alpha
3301	cache-zeta-310	skip	1717.33	token route beta render omega
3302	route-worker-311	skip	5862.77	render beta zeta kappa kappa
3303	socket-queue-312	skip	9548.77	cache index
3304	beta-kappa-313	fail	674.46	gamma route parser epsilon
3305	beta-zeta-314	fail	1450.64	stream lambda worker gamma gamma
3306	render-alpha-315	ok	6795.95	beta epsilon parser socket
3307	epsilon-render-316	skip	9774.57	epsilon socket delta kappa
3308	zeta-index-317	skip	9186.65	token alpha stream kappa kappa
3309	render-gamma-318	skip	9791.68	delta gamma
3310	gamma-queue-319	ok	2096.10	alpha route index token zeta
3311	socket-socket-320	fail	1383.10	parser theta
3312	index-worker-321	ok	9502.97	parser alpha
3313	token-index-322	warn	809.49	beta stream
3314	route-zeta-323	skip	4043.15	lambda delta
3315	gamma-beta-324	skip	171.93	epsilon queue
3316	route-socket-325	ok	673.10	epsilon socket
3317	theta-kappa-326	warn	5030.40	theta worker queue
3318	alpha-epsilon-327	fail	8317.13	index epsilon
3319	queue-socket-328	ok	4890.28	sigma kappa kappa alpha worker
3320	socket-sigma-329	ok	1928.66	index route queue
3321	gamma-gamma-330	fail	1016.96	beta sigma token
3322	sigma-kappa-331	fail	1573.27	index token omega
3323	route-gamma-332	fail	4095.76	render route render lambda
3324	stream-epsilon-333	fail	8941.37	sigma socket token
3325	kappa-epsilon-334	skip	5140.61	socket omega
3326	stream-kappa-335	warn	1024.19	gamma worker omega index render
3327	queue-cache-336	fail	9508.34	stream worker kappa delta
3328	alpha-kappa-337	fail	7231.62	socket worker gamma sigma
3329	stream-queue-338	warn	8823.29	sigma stream lambda epsilon
3330	omega-render-339	skip	3855.59	route socket
3331	gamma-index-340	skip	9808.76	theta queue index
3332	kappa-socket-341	warn	2762.36	cache epsilon route
3333	sigma-zeta-342	fail	3178.25	gamma epsilon
3334	cache-parser-343	skip	6363.25	queue alpha kappa
3335	stream-route-344	warn	8295.62	kappa epsilon
3336	gamma-render-345	skip	8627.06	index kappa queue route socket
3337	stream-zeta-346	ok	705.04	parser epsilon token
3338	queue-alpha-347	skip	5698.07	cache cache theta kappa alpha
3339	sigma-kappa-348	fail	1249.17	kappa route
3340	gamma-token-349	skip	2506.86	index stream cache
3341	epsilon-queue-350	ok	7753.29	theta delta alpha sigma theta
3342	delta-stream-351	ok	4555.16	gamma queue socket epsilon parser
3343	epsilon-queue-352	warn	2829.24	epsilon stream
3344	token-delta-353	ok	6535.90	theta render beta
3345	kappa-route-354	fail	1523.45	render alpha
3346	delta-epsilon-355	skip	1605.66	cache worker index theta kappa
3347	token-sigma-356	skip	6092.21	beta gamma worker beta
3348	lambda-worker-357	fail	9537.37	route zeta zeta worker
3349	gamma-lambda-358	fail	6985.28	delta gamma epsilon delta
3350	index-parser-359	ok	405.22	worker stream
3351	worker-gamma-360	fail	6575.69	omega beta omega lambda epsilon
3352	gamma-index-361	skip	7033.73	kappa zeta token
3353	delta-omega-362	fail	5935.13	parser theta
3354	gamma-worker-363	ok	6145.14	socket render
3355	index-epsilon-364	fail	8859.90	gamma delta
3356	index-kappa-365	skip	3814.28	parser render alpha cache
3357	parser-cache-366	skip	3517.84	route stream epsilon omega cache
3358	omega-cache-367	ok	1141.89	lambda gamma queue gamma
3359	zeta-gamma-368	skip	1235.00	gamma cache
3360	render-zeta-369	fail	670.22	epsilon omega token token
3361	route-epsilon-370	skip	3141.99	socket cache omega
3362	stream-theta-371	ok	7555.20	stream theta parser socket
3363	stream-delta-372	skip	1143.95	kappa omega
3364	parser-theta-373	ok	1567.12	kappa kappa
3365	delta-gamma-374	skip	7505.67	socket stream omega
3366	token-zeta-375	ok	6265.31	zeta theta cache
3367	render-parser-376	skip	2559.99	queue worker
3368	render-token-377	ok	1037.72	stream queue zeta kappa
3369	alpha-index-378	warn	2486.81	render lambda delta epsilon
3370	token-sigma-379	fail	2123.56	delta stream beta cache lambda
3371	render-render-380	skip	9055.03	gamma delta token lambda
3372	omega-beta-381	skip	8127.42	cache cache theta
3373	parser-token-382	skip	5351.48	epsilon beta token
3374	kappa-queue-383	skip	6572.30	zeta theta
3375	delta-stream-384	skip	4140.70	delta stream kappa theta stream
3376	lambda-worker-385	fail	2816.73	route alpha render omega
3377	parser-cache-386	warn	2897.38	render beta queue stream
3378	theta-sigma-387	fail	6986.02	cache kappa cache lambda parser
3379	epsilon-queue-388	fail	1238.90	gamma gamma render zeta
3380	lambda-kappa-389	warn	3423.57	zeta epsilon cache omega beta
3381	alpha-sigma-390	ok	4702.79	delta theta kappa
3382	token-cache-391	ok	9646.66	zeta beta omega route lambda
3383	gamma-beta-392	fail	4859.06	epsilon cache
3384	index-queue-393	ok	3595.07	delta sigma token epsilon
3385	theta-index-394	warn	7926.23	alpha socket
3386	route-index-395	warn	4646.05	route cache parser kappa lambda
3387	alpha-zeta-396	fail	3921.11	zeta parser delta theta
3388	cache-theta-397	warn	4091.58	index parser index token
3389	lambda-delta-398	skip	1771.94	stream kappa alpha token lambda
3390	alpha-kappa-399	ok	8623.17	omega socket beta
3391	queue-alpha-400	warn	1539.38	queue worker epsilon token render
3392	alpha-render-401	ok	9292.55	epsilon zeta index theta
3393	route-gamma-402	fail	8986.76	omega theta sigma index
3394	index-delta-403	skip	6793.09	cache stream alpha
3395	render-socket-404	warn	9489.71	queue index queue token socket
3396	lambda-theta-405	fail	6474.82	stream kappa beta
3397	epsilon-worker-406	skip	4974.38	zeta parser lambda queue worker
3398	parser-render-407	warn	3489.12	worker worker cache socket theta
3399	alpha-worker-408	warn	8116.79	kappa token omega omega socket
3400	queue-delta-409	warn	6491.83	worker token gamma route zeta
3401	zeta-theta-410	ok	7633.34	socket worker stream kappa
3402	index-alpha-411	warn	4473.26	theta beta epsilon render omega
3403	queue-epsilon-412	ok	3176.99	cache cache omega alpha
3404	cache-delta-413	fail	7825.28	lambda lambda omega kappa render
3405	token-parser-414	ok	6856.89	route delta delta route beta
3406	socket-kappa-415	ok	6944.92	zeta theta
3407	sigma-cache-416	ok	1916.42	beta gamma lambda delta
3408	gamma-alpha-417	fail	2543.90	index cache cache
3409	epsilon-sigma-418	skip	6478.88	route delta route
3410	token-index-419	ok	1765.52	index lambda worker index lambda
3411	alpha-omega-420	skip	158.15	cache gamma epsilon
3412	gamma-worker-421	warn	6730.12	index zeta
3413	queue-kappa-422	ok	6707.89	gamma cache socket sigma stream
3414	omega-theta-423	warn	4530.24	gamma omega token epsilon lambda
3415	socket-alpha-424	skip	5744.58	zeta gamma
3416	theta-delta-425	warn	7195.26	render socket token index lambda
3417	epsilon-queue-426	skip	8752.16	beta sigma parser
3418	omega-kappa-427	fail	5205.89	parser stream token alpha token
3419	index-token-428	warn	673.30	parser zeta alpha
3420	gamma-worker-429	fail	3705.28	stream stream
3421	kappa-index-430	ok	7952.10	render theta render queue alpha
3422	render-alpha-431	ok	4805.63	kappa cache queue
3423	stream-kappa-432	skip	1897.29	alpha epsilon render socket alpha
3424	epsilon-delta-433	fail	6395.09	lambda delta socket lambda
3425	omega-omega-434	skip	2365.95	socket sigma worker
3426	cache-token-435	skip	8018.72	kappa cache alpha lambda
3427	epsilon-delta-436	fail	2861.16	stream omega lambda stream theta
3428	gamma-theta-437	fail	5628.33	render route omega
3429	kappa-index-438	warn	4770.67	socket stream omega
3430	theta-cache-439	ok	7250.60	theta socket
3431	worker-epsilon-440	warn	7986.82	socket queue
3432	route-socket-441	ok	15.65	queue sigma omega queue
3433	omega-delta-442	fail	2071.47	socket omega epsilon stream lambda
3434	render-delta-443	fail	5288.98	cache epsilon beta alpha delta
3435	delta-theta-444	fail	2463.55	cache alpha
3436	lambda-beta-445	ok	2719.38	worker omega gamma gamma
3437	delta-queue-446	fail	8435.38	delta worker
3438	socket-alpha-447	fail	524.78	epsilon worker lambda
3439	sigma-cache-448	skip	8491.12	lambda lambda epsilon omega epsilon
3440	index-lambda-449	ok	4035.37	cache alpha omega lambda
3441	lambda-token-450	ok	1641.08	beta token queue epsilon
3442	worker-route-451	skip	7475.62	theta sigma sigma
3443	worker-route-452	warn	3368.23	alpha sigma render beta
3444	worker-lambda-453	ok	2598.27	beta beta omega theta
3445	cache-delta-454	warn	1284.93	beta zeta stream epsilon epsilon
3446	gamma-stream-455	warn	5322.43	zeta epsilon parser route zeta
3447	epsilon-render-456	warn	1961.80	alpha socket gamma stream index
3448	sigma-omega-457	skip	1287.36	lambda lambda omega
3449	worker-render-458	warn	9259.66	parser epsilon
3450	index-queue-459	skip	529.91	socket sigma socket parser
3451	theta-beta-460	fail	7093.45	beta render beta
3452	theta-queue-461	skip	6338.14	gamma parser
3453	cache-alpha-462	warn	7533.88	zeta route
3454	alpha-parser-463	fail	7203.99	omega sigma lambda parser sigma
3455	parser-render-464	fail	1401.38	worker sigma stream render gamma
3456	sigma-kappa-465	fail	4294.66	token zeta stream cache zeta
3457	lambda-route-466	fail	2526.08	index worker delta
3458	epsilon-beta-467	fail	6206.45	parser lambda epsilon socket
3459	zeta-lambda-468	skip	6089.55	epsilon queue index
3460	socket-route-469	warn	4481.07	omega cache
3461	render-kappa-470	skip	9169.79	beta render parser cache
3462	stream-omega-471	fail	3829.48	parser route stream sigma
3463	token-kappa-472	ok	3790.52	socket epsilon delta beta cache
3464	worker-worker-473	warn	9304.97	stream token
3465	worker-lambda-474	ok	1000.85	render zeta worker
3466	beta-theta-475	ok	7775.71	worker delta cache
3467	worker-index-476	fail	9869.24	token socket socket
3468	parser-lambda-477	fail	3419.08	parser omega epsilon
3469	zeta-cache-478	ok	9015.48	stream worker beta
3470	route-index-479	ok	2794.57	socket token sigma
3471	lambda-theta-480	fail	1656.43	theta route socket socket stream
3472	parser-parser-481	skip	353.52	render omega
3473	queue-gamma-482	skip	4158.76	alpha gamma
3474	epsilon-render-483	fail	4653.67	omega stream theta stream
3475	epsilon-alpha-484	ok	7575.79	alpha worker epsilon
3476	delta-parser-485	skip	3464.59	epsilon index theta
3477	omega-queue-486	skip	3735.03	epsilon queue worker route route
3478	worker-theta-487	ok	7273.18	sigma lambda render
3479	queue-kappa-488	warn	2817.08	token lambda cache socket token
3480	stream-zeta-489	warn	9695.56	alpha alpha beta sigma index
3481	beta-socket-490	skip	9111.17	gamma index
3482	render-beta-491	warn	975.03	kappa route
3483	cache-token-492	fail	5869.77	theta beta cache token
3484	theta-epsilon-493	ok	2824.21	gamma kappa route lambda
3485	route-omega-494	warn	8358.87	omega lambda theta route queue
3486	kappa-lambda-495	ok	6676.60	token token sigma lambda
3487	route-delta-496	ok	9280.11	token alpha theta
3488	lambda-stream-497	warn	7824.85	epsilon lambda route
3489	render-queue-498	skip	9977.73	token socket
3490	kappa-kappa-499	ok	263.03	queue delta omega sigma
3491	gamma-worker-500	warn	1465.13	sigma delta
3492	cache-lambda-501	warn	1688.92	socket worker
3493	socket-render-502	fail	7730.93	stream epsilon token worker
3494	theta-token-503	skip	6760.40	queue omega token queue
3495	delta-alpha-504	ok	647.61	gamma render
3496	queue-socket-505	skip	7226.90	token parser
3497	gamma-epsilon-506	ok	4477.57	parser parser beta alpha
3498	gamma-gamma-507	ok	3267.80	alpha sigma beta
3499	worker-socket-508	skip	2359.23	gamma index render socket beta
3500	queue-stream-509	warn	9742.61	sigma delta
3501	kappa-omega-510	skip	5040.90	theta parser
3502	theta-delta-511	warn	5389.69	render delta render zeta
3503	stream-beta-512	skip	992.95	theta stream cache delta
3504	cache-sigma-513	ok	5400.04	queue epsilon
3505	cache-socket-514	skip	9810.76	theta render route stream
3506	index-epsilon-515	fail	1672.09	parser delta worker
3507	zeta-alpha-516	ok	3778.88	lambda theta beta route
3508	cache-alpha-517	warn	9023.34	epsilon render sigma kappa alpha
3509	stream-beta-518	warn	7979.50	stream lambda
3510	beta-parser-519	fail	7404.08	beta index alpha render queue
3511	theta-beta-520	ok	1756.81	kappa zeta lambda theta
3512	token-gamma-521	skip	4808.71	worker render
3513	index-theta-522	fail	4069.96	kappa socket
3514	zeta-parser-523	ok	8893.20	queue queue delta
3515	worker-omega-524	skip	891.45	omega worker theta socket parser
3516	route-parser-525	warn	7274.52	gamma token lambda
3517	lambda-render-526	fail	7750.02	token beta
3518	epsilon-omega-527	fail	2415.05	zeta lambda
3519	sigma-epsilon-528	fail	5070.64	omega epsilon epsilon
3520	epsilon-theta-529	warn	2172.01	parser queue gamma route alpha
3521	beta-delta-530	ok	445.38	zeta omega
3522	sigma-alpha-531	skip	4937.20	index gamma parser sigma zeta
3523	alpha-socket-532	skip	8578.49	index theta sigma epsilon sigma
3524	kappa-render-533	ok	3548.56	theta alpha
3525	queue-cache-534	warn	6526.20	delta theta worker stream
3526	lambda-cache-535	fail	8224.45	queue lambda
3527	socket-zeta-536	skip	6251.80	socket kappa queue
3528	sigma-cache-537	warn	182.50	omega socket
3529	delta-alpha-538	ok	5074.34	kappa omega lambda
3530	epsilon-socket-539	warn	7373.32	alpha delta token gamma sigma
3531	delta-theta-540	warn	7050.38	gamma zeta index kappa stream
3532	epsilon-gamma-541	warn	864.39	omega beta route queue lambda
3533	route-socket-542	warn	2068.18	cache gamma delta zeta lambda
3534	beta-cache-543	warn	1671.56	theta cache worker alpha stream
3535	delta-theta-544	fail	9508.70	stream worker
3536	theta-token-545	warn	9137.38	token beta
3537	epsilon-worker-546	ok	3754.69	parser alpha delta sigma delta
3538	render-zeta-547	fail	5384.53	beta token delta beta gamma
3539	kappa-stream-548	fail	2368.72	worker delta omega render stream
3540	zeta-alpha-549	ok	1279.30	cache stream render parser token
3541	worker-theta-550	skip	2187.55	sigma gamma
3542	index-kappa-551	ok	1306.11	queue index kappa
3543	delta-stream-552	ok	4380.89	epsilon index kappa socket
3544	lambda-index-553	skip	9427.50	zeta socket epsilon
3545	zeta-lambda-554	ok	5813.89	route epsilon socket theta alpha
3546	alpha-delta-555	ok	2180.12	gamma lambda token beta
3547	stream-parser-556	warn	6988.21	token index cache zeta zeta
3548	gamma-route-557	warn	9625.12	render zeta sigma alpha
3549	theta-queue-558	ok	9273.85	sigma delta
3550	delta-omega-559	ok	4772.42	cache zeta parser
3551	cache-stream-560	warn	6229.24	gamma cache omega token omega
3552	beta-theta-561	warn	2069.64	cache socket zeta sigma
3553	zeta-kappa-562	fail	8026.47	stream alpha
3554	epsilon-worker-563	skip	2053.98	stream render token
3555	token-render-564	fail	7681.81	stream zeta render cache
3556	queue-render-565	fail	6089.13	beta epsilon queue gamma
3557	render-kappa-566	ok	8551.74	queue theta
3558	queue-zeta-567	fail	4279.96	token lambda
3559	render-worker-568	warn	4154.88	delta beta render delta
3560	sigma-delta-569	fail	4395.60	epsilon index
3561	kappa-stream-570	warn	5548.30	theta cache queue sigma
3562	sigma-sigma-571	warn	3873.95	omega cache kappa
3563	zeta-epsilon-572	ok	8206.69	epsilon kappa theta alpha
3564	cache-beta-573	fail	1731.07	parser queue queue queue
3565	stream-render-574	warn	0.44	beta route theta
3566	cache-socket-575	skip	5393.01	theta gamma queue
3567	stream-lambda-576	warn	1706.01	socket worker
3568	render-alpha-577	warn	4360.81	index cache kappa
3569	lambda-theta-578	fail	7705.76	sigma queue
3570	token-socket-579	fail	8946.03	cache parser route
3571	alpha-parser-580	ok	3887.55	lambda omega
3572	stream-kappa-581	fail	414.13	queue index token parser delta
3573	kappa-parser-582	fail	4208.85	lambda queue parser
3574	index-delta-583	skip	8082.56	route theta queue index
3575	route-index-584	skip	1533.85	epsilon stream parser queue
3576	epsilon-stream-585	ok	6278.08	socket queue lambda zeta kappa
3577	socket-epsilon-586	warn	837.50	delta delta
3578	zeta-cache-587	warn	4210.67	beta kappa epsilon worker parser
3579	index-cache-588	warn	5566.13	delta render
3580	queue-omega-589	fail	8443.85	socket delta kappa
3581	stream-alpha-590	ok	1826.57	zeta cache sigma theta
3582	lambda-alpha-591	warn	1782.58	epsilon worker
3583	sigma-omega-592	ok	5272.84	index gamma parser sigma
3584	render-worker-593	skip	9569.64	kappa beta
3585	stream-beta-594	fail	7627.96	parser epsilon
3586	queue-socket-595	fail	3616.11	parser cache delta omega
3587	zeta-sigma-596	skip	5255.52	alpha index sigma theta sigma
3588	token-kappa-597	ok	179.82	render lambda omega lambda route
3589	gamma-stream-598	ok	2267.58	sigma lambda
3590	index-parser-599	skip	5842.86	delta lambda socket delta gamma
3591	lambda-gamma-600	ok	1218.63	kappa gamma omega delta
3592	render-cache-601	skip	4632.11	parser beta queue gamma token
3593	worker-delta-602	skip	7902.68	index theta index stream queue
3594	stream-parser-603	skip	8437.58	beta kappa sigma zeta cache
3595	stream-delta-604	ok	2134.01	index sigma beta sigma
3596	zeta-gamma-605	ok	7739.06	epsilon cache
3597	omega-gamma-606	fail	2424.60	zeta epsilon
3598	parser-queue-607	warn	4183.28	socket gamma kappa socket sigma
3599	parser-render-608	skip	6048.32	queue stream alpha index
3600	kappa-beta-609	ok	5681.90	zeta omega lambda index
3601	token-socket-610	warn	1737.77	token render lambda token
3602	zeta-cache-611	warn	458.11	queue gamma queue worker
3603	socket-delta-612	skip	6059.48	token queue
3604	socket-omega-613	fail	4951.61	token cache
3605	epsilon-kappa-614	ok	2011.92	socket delta route render stream
3606	index-token-615	fail	8520.47	sigma index
3607	route-cache-616	skip	5466.83	render parser gamma omega zeta
3608	gamma-omega-617	fail	8005.56	worker beta
3609	cache-gamma-618	ok	3426.29	route parser render
3610	queue-cache-619	fail	9846.20	queue delta epsilon
3611	gamma-route-620	skip	5719.18	zeta socket render alpha stream
3612	delta-sigma-621	fail	8267.89	omega parser sigma parser socket
3613	beta-theta-622	fail	5042.69	zeta kappa lambda
3614	beta-render-623	skip	1360.26	sigma delta gamma lambda
3615	lambda-token-624	warn	3869.77	omega render zeta render gamma
3616	route-gamma-625	ok	3327.26	worker omega theta
3617	queue-delta-626	fail	7821.69	zeta cache sigma kappa
3618	parser-worker-627	warn	418.27	lambda zeta kappa
3619	omega-theta-628	skip	1828.11	route lambda zeta alpha
3620	sigma-sigma-629	ok	2484.16	queue stream gamma lambda
3621	lambda-worker-630	skip	956.54	sigma sigma worker
3622	socket-route-631	fail	147.65	epsilon sigma delta parser
3623	alpha-route-632	warn	9412.11	alpha route render
3624	worker-lambda-633	fail	8346.02	alpha theta socket
3625	socket-index-634	fail	9009.86	lambda beta token
3626	stream-token-635	skip	6349.09	token lambda cache stream
3627	zeta-delta-636	ok	9245.85	gamma zeta
3628	worker-delta-637	fail	9161.89	lambda cache epsilon
3629	worker-queue-638	skip	3060.84	render epsilon beta worker sigma
3630	route-theta-639	warn	7465.54	stream theta
3631	cache-beta-640	ok	8146.75	index queue
3632	alpha-alpha-641	warn	6716.64	delta lambda
3633	gamma-kappa-642	skip	3597.56	token lambda
3634	delta-parser-643	ok	3556.67	render kappa socket
3635	kappa-stream-644	ok	503.82	token beta queue
3636	beta-token-645	skip	32.65	worker parser socket
3637	beta-lambda-646	warn	8542.03	omega worker
3638	token-alpha-647	ok	3735.14	theta delta stream theta epsilon
3639	index-token-648	ok	182.05	zeta kappa socket worker epsilon
3640	epsilon-epsilon-649	skip	4196.20	kappa lambda theta omega token
3641	kappa-route-650	fail	3119.00	sigma zeta omega omega theta
3642	zeta-delta-651	ok	3586.96	beta epsilon token
3643	delta-parser-652	ok	573.68	beta sigma
3644	alpha-gamma-653	ok	4051.29	cache queue theta epsilon epsilon
3645	queue-socket-654	fail	7669.28	cache epsilon alpha
3646	alpha-route-655	skip	9551.39	parser beta cache token gamma
3647	theta-stream-656	warn	9226.86	stream gamma stream cache
3648	socket-kappa-657	skip	2016.65	sigma sigma cache token
3649	socket-lambda-658	ok	4474.14	index worker beta token parser
3650	socket-route-659	warn	8661.01	parser index epsilon alpha
3651	delta-delta-660	warn	2361.43	render sigma
3652	epsilon-token-661	warn	5466.11	cache token lambda
3653	sigma-zeta-662	ok	1591.65	gamma gamma gamma sigma
3654	epsilon-index-663	ok	1429.84	cache epsilon render token
3655	zeta-delta-664	skip	2000.14	index theta parser
3656	gamma-stream-665	fail	1739.60	index delta index zeta
3657	lambda-alpha-666	skip	3540.78	cache omega index route gamma
3658	gamma-route-667	warn	27.41	omega queue
3659	delta-index-668	ok	7943.22	theta omega socket gamma
3660	theta-epsilon-669	skip	1476.52	token socket delta worker cache
3661	parser-delta-670	warn	9643.41	omega lambda socket kappa
3662	cache-lambda-671	skip	3478.70	parser beta gamma
3663	index-kappa-672	ok	366.57	token render queue
3664	stream-cache-673	skip	8357.93	theta omega index
3665	queue-sigma-674	fail	6611.08	index index kappa cache
3666	worker-cache-675	skip	5985.60	parser index token sigma alpha
3667	kappa-beta-676	skip	8711.40	delta epsilon theta render kappa
3668	kappa-delta-677	ok	6528.61	delta beta render lambda
3669	epsilon-omega-678	ok	4506.42	theta socket
3670	kappa-delta-679	ok	307.90	theta queue token cache
3671	cache-omega-680	ok	8710.15	render socket
3672	render-lambda-681	fail	86.60	token parser
3673	render-token-682	ok	7934.39	render worker kappa epsilon beta
3674	alpha-epsilon-683	skip	8954.67	kappa token gamma
3675	index-token-684	fail	1893.67	theta kappa gamma alpha token
3676	stream-index-685	fail	8686.22	render lambda render cache omega
3677	kappa-queue-686	ok	699.38	beta theta socket gamma token
3678	beta-beta-687	ok	8663.30	gamma omega beta route
3679	beta-stream-688	fail	2635.84	theta omega zeta theta
3680	epsilon-zeta-689	ok	8394.16	queue lambda beta cache cache
3681	kappa-worker-690	warn	5986.18	token sigma
3682	worker-parser-691	fail	916.17	token alpha omega route parser
3683	worker-render-692	skip	7726.73	delta queue sigma
3684	socket-omega-693	skip	9937.36	socket stream gamma queue
3685	zeta-epsilon-694	ok	5617.13	queue index sigma omega index
3686	gamma-lambda-695	fail	4998.32	index route token gamma beta
3687	render-parser-696	fail	1090.96	parser zeta zeta socket
3688	cache-render-697	ok	242.50	render render token theta cache
3689	index-sigma-698	warn	4572.20	sigma omega render epsilon theta
3690	stream-sigma-699	fail	187.81	queue alpha theta route socket
3691	theta-alpha-700	skip	2703.93	index omega route
3692	lambda-lambda-701	ok	8312.52	worker beta queue
3693	parser-alpha-702	ok	5461.26	delta token queue lambda delta
3694	beta-beta-703	fail	7744.04	route beta alpha queue
3695	alpha-alpha-704	fail	437.77	parser theta
3696	sigma-omega-705	ok	3549.05	sigma beta worker
3697	token-cache-706	fail	8046.56	omega cache
3698	epsilon-gamma-707	fail	9469.99	cache delta index epsilon index
3699	beta-socket-708	warn	4252.24	alpha alpha delta stream
3700	beta-gamma-709	warn	151.90	route beta theta omega
3701	socket-socket-710	skip	8781.66	alpha worker gamma worker
3702	token-token-711	fail	1272.60	stream socket theta cache socket
3703	gamma-worker-712	ok	3538.19	render worker socket
3704	theta-stream-713	ok	7688.90	index omega worker zeta
3705	socket-lambda-714	skip	3500.70	parser parser
3706	delta-render-715	fail	4109.13	index delta parser stream
3707	index-omega-716	ok	8092.92	epsilon socket delta socket
3708	theta-route-717	ok	3947.57	delta render beta
3709	cache-index-718	skip	4611.04	queue alpha token queue
3710	lambda-lambda-719	ok	9579.06	alpha worker render
3711	epsilon-omega-720	ok	5122.49	parser parser stream
3712	sigma-route-721	ok	9416.52	sigma epsilon kappa stream render
3713	theta-omega-722	warn	7207.14	delta worker lambda
3714	zeta-stream-723	skip	6922.13	theta delta index stream queue
3715	beta-sigma-724	ok	8836.12	theta index kappa
3716	queue-token-725	skip	5748.70	token delta route epsilon
3717	delta-token-726	skip	8825.59	parser index parser queue
3718	cache-stream-727	fail	1451.60	render token
3719	sigma-route-728	ok	7201.04	token delta parser
3720	render-kappa-729	warn	9655.83	index worker cache delta
3721	worker-token-730	ok	7060.26	delta route route queue
3722	gamma-epsilon-731	ok	4874.55	kappa token gamma route queue
3723	route-lambda-732	warn	7660.64	omega gamma
3724	theta-socket-733	ok	3006.12	sigma gamma
3725	worker-epsilon-734	fail	5350.76	theta worker render
3726	parser-kappa-735	ok	5215.76	cache route
3727	queue-stream-736	warn	8723.00	render epsilon stream
3728	lambda-queue-737	skip	2189.16	worker omega lambda index
3729	route-worker-738	fail	9876.47	gamma theta queue socket
3730	cache-queue-739	warn	9276.76	kappa parser zeta
3731	alpha-queue-740	fail	7964.18	alpha worker
3732	lambda-cache-741	warn	2374.28	stream delta kappa delta
3733	token-kappa-742	skip	2743.58	kappa theta beta omega
3734	omega-sigma-743	warn	632.95	route gamma beta
3735	delta-epsilon-744	fail	6710.87	sigma index theta
3736	parser-token-745	fail	6380.22	omega delta token
3737	alpha-epsilon-746	skip	8789.09	queue sigma theta zeta worker
3738	kappa-render-747	ok	4732.99	kappa epsilon kappa zeta
3739	stream-beta-748	skip	8285.54	render omega
3740	delta-sigma-749	warn	2223.78	omega sigma theta sigma token
3741	socket-socket-750	warn	5503.12	gamma zeta cache zeta parser
3742	cache-parser-751	skip	4736.75	socket parser theta cache kappa
3743	beta-lambda-752	ok	8329.09	alpha kappa
3744	lambda-route-753	ok	3023.83	parser beta alpha cache sigma
3745	gamma-parser-754	fail	9115.19	parser epsilon socket route beta
3746	theta-render-755	ok	1478.87	omega beta delta render
3747	socket-index-756	fail	7831.75	kappa route alpha parser zeta
3748	alpha-beta-757	fail	4602.53	stream parser render parser parser
3749	omega-worker-758	warn	3610.75	cache sigma zeta
3750	route-delta-759	skip	3628.58	stream zeta
3751	kappa-cache-760	ok	2736.24	lambda socket
3752	kappa-parser-761	skip	1406.61	stream cache alpha theta
3753	token-socket-762	fail	6039.76	stream gamma worker token alpha
3754	beta-socket-763	skip	8393.62	socket token omega parser
3755	epsilon-gamma-764	warn	3887.96	beta stream alpha beta
3756	render-sigma-765	ok	7928.46	beta epsilon kappa lambda
3757	cache-socket-766	skip	9633.06	gamma epsilon parser delta alpha
3758	delta-lambda-767	ok	657.63	route worker omega omega
3759	zeta-zeta-768	warn	4928.55	zeta kappa route index stream
3760	theta-token-769	ok	2034.03	token epsilon
3761	theta-omega-770	warn	8326.73	route beta worker
3762	index-parser-771	ok	7359.09	alpha theta token delta kappa
3763	index-sigma-772	skip	6187.45	gamma queue zeta sigma
3764	parser-kappa-773	ok	9388.76	socket index
3765	epsilon-zeta-774	fail	4134.09	theta epsilon alpha index
3766	alpha-omega-775	warn	3938.36	delta parser index delta epsilon
3767	alpha-kappa-776	fail	3158.00	cache gamma
3768	index-alpha-777	warn	4472.53	zeta queue
3769	sigma-sigma-778	skip	9587.43	beta cache worker zeta theta
3770	zeta-epsilon-779	skip	9337.74	omega beta omega kappa cache
3771	theta-cache-780	ok	3138.16	route kappa queue
3772	stream-stream-781	warn	4474.03	cache route kappa token
3773	worker-cache-782	ok	2723.10	render zeta
3774	lambda-render-783	skip	4351.71	stream parser render
3775	lambda-sigma-784	fail	7123.92	render epsilon lambda
3776	token-socket-785	warn	2338.13	worker gamma omega
3777	queue-omega-786	fail	4492.21	theta token beta
3778	gamma-delta-787	ok	4121.20	route token
3779	queue-gamma-788	skip	681.51	stream sigma sigma
3780	socket-delta-789	fail	9292.90	queue lambda socket gamma
3781	beta-cache-790	fail	9589.31	worker route worker theta gamma
3782	render-token-791	fail	3838.55	queue token alpha
3783	sigma-lambda-792	skip	6182.74	theta delta sigma render
3784	epsilon-kappa-793	fail	1668.10	gamma worker alpha
3785	delta-stream-794	warn	3526.06	epsilon kappa queue alpha
3786	socket-stream-795	warn	6721.12	route omega
3787	lambda-sigma-796	fail	5508.90	render sigma beta worker parser
3788	sigma-render-797	ok	8044.64	queue stream socket
3789	omega-lambda-798	skip	9347.61	kappa zeta gamma index
3790	socket-theta-799	warn	3149.20	kappa route
3791	render-lambda-800	fail	3302.50	queue gamma cache theta index
3792	socket-epsilon-801	fail	2576.49	gamma lambda cache lambda sigma
3793	beta-zeta-802	ok	1327.54	kappa stream
3794	beta-gamma-803	warn	7204.87	cache omega omega index alpha
3795	lambda-cache-804	warn	5315.98	gamma sigma delta
3796	alpha-zeta-805	warn	4318.94	cache route
3797	socket-omega-806	skip	5396.84	token kappa stream token
3798	gamma-index-807	ok	3037.42	cache parser lambda sigma
3799	kappa-beta-808	fail	9681.06	cache gamma omega
3800	index-index-809	fail	5148.36	parser worker sigma theta theta
3801	sigma-lambda-810	skip	811.74	alpha lambda
3802	alpha-alpha-811	warn	5473.80	beta zeta token
3803	worker-socket-812	ok	6513.79	index token
3804	route-cache-813	warn	9433.65	index theta omega
3805	cache-cache-814	fail	6162.28	alpha zeta queue
3806	delta-render-815	fail	338.61	stream cache theta delta
3807	kappa-beta-816	fail	2669.87	kappa cache zeta parser epsilon
3808	beta-stream-817	fail	4097.17	epsilon index
3809	token-alpha-818	ok	5522.72	delta delta zeta
3810	route-socket-819	ok	50.63	index render omega socket kappa
3811	lambda-delta-820	skip	7401.42	sigma sigma theta
3812	zeta-worker-821	ok	8634.77	index worker
3813	stream-route-822	ok	2441.89	queue epsilon
3814	queue-kappa-823	fail	6924.59	kappa sigma theta
3815	index-lambda-824	ok	6492.43	omega token epsilon token zeta
3816	index-parser-825	skip	8073.33	kappa kappa sigma
3817	route-omega-826	warn	7014.39	delta theta worker epsilon queue
3818	socket-socket-827	skip	9481.95	beta omega cache index alpha
3819	gamma-index-828	fail	7798.51	parser zeta parser
3820	sigma-gamma-829	skip	4088.47	cache queue stream socket
3821	index-kappa-830	ok	9348.15	queue cache socket lambda stream
3822	socket-cache-831	skip	8388.15	cache index token worker
3823	epsilon-theta-832	warn	2837.10	stream alpha alpha
3824	alpha-route-833	warn	3101.02	zeta sigma route zeta
3825	route-socket-834	skip	543.70	index queue parser
3826	parser-kappa-835	warn	8291.68	omega theta
3827	token-cache-836	ok	2889.48	gamma lambda route alpha
3828	route-alpha-837	warn	4289.40	lambda sigma index
3829	cache-kappa-838	skip	1750.32	alpha gamma
3830	lambda-cache-839	ok	5638.86	worker gamma sigma worker
3831	render-delta-840	skip	8429.19	socket render parser lambda theta
3832	alpha-delta-841	skip	7416.86	index delta
3833	stream-token-842	fail	4785.14	alpha index beta
3834	theta-delta-843	ok	5273.43	stream token theta zeta
3835	epsilon-queue-844	skip	7485.95	cache render token beta index
3836	worker-epsilon-845	ok	2787.30	beta alpha queue token index
3837	socket-zeta-846	warn	4582.34	stream theta token sigma sigma
3838	zeta-omega-847	skip	7840.14	beta theta parser zeta lambda
3839	route-index-848	fail	9149.67	lambda epsilon
3840	cache-socket-849	fail	194.74	queue beta socket token worker
3841	token-epsilon-850	ok	4726.49	cache queue
3842	sigma-render-851	fail	5483.96	stream worker stream sigma
3843	queue-queue-852	ok	6634.40	omega sigma parser
3844	parser-sigma-853	warn	6054.23	sigma index epsilon gamma queue
3845	sigma-socket-854	skip	6542.84	route route omega omega beta
3846	stream-worker-855	warn	6834.57	parser worker sigma worker index
3847	cache-cache-856	warn	1447.25	index parser
3848	zeta-zeta-857	warn	2337.73	route theta beta
3849	parser-alpha-858	warn	5916.90	cache worker
3850	sigma-cache-859	ok	5492.87	zeta render
3851	render-lambda-860	ok	476.95	route lambda queue sigma beta
3852	worker-socket-861	fail	8979.58	cache lambda
3853	queue-gamma-862	skip	5493.45	zeta alpha theta alpha parser
3854	index-index-863	ok	6022.54	worker stream token omega sigma
3855	epsilon-lambda-864	ok	828.59	stream alpha omega worker theta
3856	epsilon-socket-865	ok	6048.24	beta queue gamma lambda
3857	gamma-epsilon-866	warn	4925.13	omega cache
3858	delta-index-867	fail	4670.06	stream gamma
3859	alpha-token-868	skip	383.93	parser socket worker
3860	kappa-sigma-869	ok	7284.38	theta lambda parser queue
3861	delta-kappa-870	skip	7343.84	sigma omega render omega epsilon
3862	socket-token-871	warn	9424.78	delta omega socket sigma
3863	worker-kappa-872	skip	7151.90	delta zeta
3864	socket-omega-873	ok	8379.75	omega render
3865	beta-worker-874	ok	9867.64	zeta route lambda socket
3866	omega-route-875	ok	2688.65	alpha queue route
3867	zeta-token-876	warn	2453.69	worker kappa parser
3868	socket-lambda-877	skip	6555.32	omega kappa epsilon zeta zeta
3869	beta-gamma-878	ok	3519.58	sigma theta alpha zeta beta
3870	socket-worker-879	skip	6094.02	cache zeta gamma
3871	index-lambda-880	ok	6433.31	socket worker queue
3872	route-index-881	fail	1388.44	stream token
3873	delta-delta-882	ok	865.64	queue parser zeta kappa
3874	socket-stream-883	ok	1278.98	sigma theta parser alpha
3875	route-socket-884	ok	7803.03	lambda zeta socket cache delta
3876	cache-sigma-885	fail	3025.91	beta stream route token
3877	delta-theta-886	warn	9859.09	theta gamma route cache parser
3878	beta-socket-887	skip	6290.57	zeta worker lambda socket
3879	lambda-zeta-888	fail	3162.56	omega kappa gamma index parser
3880	omega-beta-889	fail	6289.03	kappa sigma socket alpha token
3881	cache-route-890	ok	7682.47	beta epsilon render token cache
3882	worker-queue-891	warn	5114.41	epsilon zeta route
3883	render-cache-892	skip	3222.31	stream parser
3884	alpha-lambda-893	fail	1713.16	sigma route
3885	omega-zeta-894	fail	8703.31	stream omega sigma token
3886	socket-kappa-895	fail	2968.12	sigma delta route
3887	omega-lambda-896	skip	8458.77	stream queue render
3888	cache-lambda-897	skip	2806.42	epsilon zeta epsilon
3889	theta-alpha-898	ok	7448.13	kappa index omega
3890	alpha-index-899	fail	1462.66	socket gamma kappa
3891	stream-worker-900	skip	5463.25	sigma stream alpha parser
3892	worker-beta-901	ok	430.57	beta sigma
3893	token-sigma-902	ok	9358.62	omega render
3894	index-beta-903	warn	1435.28	omega cache index
3895	queue-theta-904	fail	3214.70	kappa socket
3896	beta-lambda-905	ok	546.37	gamma kappa gamma cache beta
3897	alpha-delta-906	fail	828.44	omega parser theta
3898	alpha-omega-907	skip	5681.26	delta render render route
3899	render-omega-908	warn	7416.73	stream cache epsilon delta cache
3900	worker-cache-909	warn	5777.15	zeta delta parser zeta socket
3901	kappa-route-910	fail	8520.71	alpha delta lambda socket route
3902	cache-epsilon-911	fail	7234.77	cache lambda stream beta cache
3903	lambda-zeta-912	skip	8657.38	queue zeta socket queue
3904	queue-theta-913	fail	2556.06	sigma stream parser lambda
3905	beta-queue-914	warn	5611.06	beta epsilon
3906	omega-index-915	warn	5387.88	parser gamma
3907	alpha-delta-916	skip	7993.22	gamma epsilon cache delta kappa
3908	index-token-917	warn	1723.18	omega epsilon
3909	socket-stream-918	fail	7874.61	render render
3910	omega-token-919	ok	2606.54	parser queue route zeta
3911	render-route-920	fail	690.26	gamma parser delta
3912	alpha-theta-921	skip	67.91	epsilon zeta cache index beta
3913	sigma-cache-922	skip	7311.47	worker stream
3914	lambda-kappa-923	skip	6921.54	zeta worker lambda
3915	queue-delta-924	fail	6953.14	socket lambda socket zeta
3916	kappa-delta-925	fail	9248.11	index cache route sigma
3917	token-stream-926	ok	5637.03	index socket
3918	epsilon-kappa-927	skip	8426.24	beta cache beta socket zeta
3919	socket-sigma-928	ok	3248.64	zeta socket
3920	epsilon-alpha-929	fail	1729.39	epsilon stream render delta
3921	delta-epsilon-930	ok	7341.64	queue index zeta
3922	theta-render-931	ok	4360.14	render render lambda kappa delta
3923	route-beta-932	warn	2922.78	gamma queue
3924	alpha-zeta-933	skip	4493.77	theta socket parser socket
3925	delta-kappa-934	ok	2389.41	delta omega cache
3926	index-omega-935	skip	2200.57	route zeta
3927	zeta-kappa-936	skip	3657.22	theta delta lambda
3928	epsilon-epsilon-937	warn	7080.04	kappa render
3929	delta-worker-938	ok	5196.15	index omega stream queue token
3930	parser-beta-939	warn	9499.82	epsilon alpha
3931	lambda-cache-940	ok	3373.65	omega omega cache delta stream
3932	beta-worker-941	ok	2685.24	render gamma gamma
3933	lambda-gamma-942	ok	4802.74	route alpha epsilon
3934	omega-queue-943	ok	3922.30	alpha kappa stream kappa
3935	kappa-route-944	fail	5715.53	lambda alpha epsilon omega theta
3936	index-token-945	fail	3742.90	kappa route token render
3937	lambda-worker-946	fail	4231.66	route parser token route render
3938	sigma-cache-947	fail	7645.49	route socket epsilon theta
3939	zeta-gamma-948	fail	1159.02	cache zeta
3940	beta-omega-949	warn	7459.26	beta omega
3941	queue-lambda-950	fail	5995.43	kappa queue gamma sigma zeta
3942	cache-stream-951	fail	4093.59	sigma epsilon
3943	delta-stream-952	fail	7122.07	lambda index
3944	zeta-kappa-953	ok	5225.02	route epsilon epsilon zeta omega
3945	index-parser-954	skip	2716.20	beta epsilon
3946	omega-socket-955	skip	9430.56	alpha delta index beta
3947	gamma-lambda-956	warn	3388.06	epsilon zeta theta beta
3948	sigma-sigma-957	ok	7933.63	omega sigma lambda
3949	token-index-958	warn	6414.88	zeta epsilon render route gamma
3950	worker-delta-959	ok	7580.16	socket queue epsilon
3951	theta-socket-960	warn	7952.95	worker omega omega gamma
3952	worker-alpha-961	ok	2133.30	gamma delta stream cache lambda
3953	kappa-token-962	ok	3770.22	cache delta lambda
3954	beta-delta-963	skip	1963.87	index worker alpha route lambda
3955	gamma-token-964	ok	6943.01	epsilon worker
3956	kappa-omega-965	fail	8655.38	render index socket
3957	route-stream-966	warn	9323.48	beta socket stream omega
3958	beta-kappa-967	skip	2111.00	zeta gamma sigma
3959	delta-index-968	ok	1464.11	alpha socket queue sigma
3960	worker-beta-969	ok	4433.42	queue lambda delta beta
3961	gamma-beta-970	ok	1279.59	zeta worker epsilon
3962	delta-route-971	ok	8449.69	queue token worker sigma
3963	stream-epsilon-972	warn	1201.70	lambda kappa stream lambda stream
3964	parser-route-973	fail	7307.35	lambda theta
3965	render-beta-974	fail	6395.71	queue cache beta
3966	beta-stream-975	ok	5655.71	cache omega index
3967	epsilon-kappa-976	fail	6716.43	beta omega omega
3968	sigma-queue-977	skip	5120.85	socket token omega alpha
3969	socket-queue-978	fail	4720.34	index queue omega theta
3970	delta-render-979	skip	1172.47	sigma token parser
3971	lambda-gamma-980	warn	2095.48	worker parser
3972	epsilon-cache-981	warn	2693.57	worker parser route zeta
3973	lambda-index-982	skip	1470.12	sigma cache parser
3974	zeta-index-983	warn	6156.90	socket route
3975	alpha-render-984	fail	5374.76	gamma worker queue sigma
3976	cache-beta-985	fail	1469.25	worker route route
3977	parser-alpha-986	ok	1434.95	omega queue
3978	gamma-token-987	warn	1035.70	socket socket beta
3979	kappa-parser-988	warn	6536.83	beta index cache
3980	omega-stream-989	ok	1295.15	omega omega delta token
3981	queue-token-990	ok	2043.56	beta omega theta
3982	token-lambda-991	ok	7332.88	omega route render
3983	index-render-992	ok	8520.55	epsilon render beta socket
3984	alpha-stream-993	fail	2019.88	index beta route cache
3985	index-sigma-994	skip	2030.39	theta worker
3986	alpha-sigma-995	ok	5202.20	kappa theta index lambda lambda
3987	zeta-render-996	skip	5531.53	index beta
3988	epsilon-epsilon-0	fail	987.26	queue theta gamma
3989	queue-queue-1	warn	7575.72	alpha gamma worker
3990	cache-route-2	skip	3657.44	zeta beta beta omega
3991	index-stream-3	warn	6206.23	gamma alpha beta token delta
3992	token-kappa-4	ok	842.54	render gamma
3993	lambda-gamma-5	warn	3867.54	zeta render beta gamma
3994	index-kappa-6	fail	7869.29	socket index index zeta delta
3995	gamma-render-7	skip	5435.80	index omega parser kappa
3996	epsilon-queue-8	warn	9522.33	index sigma route render gamma
3997	cache-index-9	fail	5841.49	zeta epsilon
3998	delta-sigma-10	ok	4859.06	beta index kappa stream delta
3999	omega-epsilon-11	skip	9012.26	index socket
4000	sigma-stream-12	fail	2371.61	lambda queue render
4001	parser-omega-13	ok	816.80	sigma index lambda
4002	queue-token-14	fail	3405.70	epsilon omega
4003	route-parser-15	skip	2009.27	render sigma
4004	token-kappa-16	skip	402.74	parser sigma alpha
4005	omega-index-17	ok	2634.58	zeta omega token
4006	delta-route-18	fail	8791.92	sigma omega alpha gamma
4007	token-beta-19	warn	5460.31	stream alpha stream
4008	omega-kappa-20	fail	5691.29	beta kappa stream
4009	token-stream-21	skip	9579.39	route sigma kappa route
4010	route-sigma-22	skip	9986.82	route zeta zeta worker epsilon
4011	socket-render-23	fail	38.15	beta beta omega
4012	worker-omega-24	fail	4617.14	alpha lambda
4013	omega-cache-25	ok	7225.77	worker stream socket
4014	sigma-omega-26	ok	803.37	cache omega sigma
4015	theta-sigma-27	skip	5656.92	delta beta queue theta beta
4016	beta-epsilon-28	ok	5567.36	delta alpha delta epsilon
4017	socket-queue-29	skip	7891.65	theta render beta theta route
4018	token-index-30	skip	7387.84	parser index index worker omega
4019	socket-render-31	ok	8856.09	route zeta cache alpha queue
4020	stream-stream-32	warn	6181.49	sigma delta sigma
4021	kappa-lambda-33	warn	8430.23	delta token beta delta render
4022	lambda-gamma-34	skip	7902.27	gamma beta socket
4023	gamma-route-35	ok	8064.02	zeta render theta
4024	socket-token-36	fail	2351.61	theta stream zeta gamma
4025	alpha-kappa-37	ok	3919.56	index worker theta delta
4026	stream-render-38	fail	6296.73	stream alpha kappa gamma index
4027	gamma-render-39	skip	7634.26	alpha beta kappa
4028	index-socket-40	warn	5922.92	index index
4029	alpha-beta-41	warn	412.47	delta render
4030	lambda-queue-42	skip	3841.47	omega socket sigma beta
4031	sigma-beta-43	warn	3421.85	cache beta lambda route
4032	lambda-zeta-44	fail	7490.38	lambda zeta gamma cache
4033	stream-theta-45	skip	4159.02	socket render zeta token
4034	sigma-delta-46	skip	105.13	stream token worker
4035	beta-lambda-47	ok	588.21	route queue alpha stream alpha
4036	parser-lambda-48	fail	5655.74	queue cache beta stream
4037	omega-route-49	ok	5242.48	route theta parser route
4038	alpha-lambda-50	warn	5052.42	zeta cache stream parser
4039	alpha-render-51	fail	3059.58	delta alpha stream
4040	theta-alpha-52	fail	9074.83	omega queue omega socket sigma
4041	beta-gamma-53	skip	567.50	delta lambda cache token
4042	worker-token-54	ok	7668.26	worker lambda socket delta alpha
4043	cache-render-55	ok	3012.44	beta token route gamma lambda
4044	render-alpha-56	fail	7333.78	route queue
4045	route-parser-57	warn	7291.25	route socket route kappa delta
4046	lambda-queue-58	ok	9477.29	index delta
4047	sigma-epsilon-59	warn	7451.31	sigma cache lambda theta index
4048	route-worker-60	ok	8427.37	beta alpha sigma delta
4049	gamma-cache-61	ok	6099.47	theta alpha stream index
4050	index-zeta-62	fail	4482.80	stream lambda theta gamma
4051	zeta-alpha-63	warn	6948.16	theta token beta
4052	worker-omega-64	skip	8642.76	kappa omega worker lambda kappa
4053	kappa-alpha-65	warn	5899.61	stream token lambda lambda queue
4054	kappa-socket-66	fail	2379.77	zeta alpha token token
4055	lambda-zeta-67	ok	1535.83	epsilon worker delta lambda socket
4056	sigma-index-68	ok	7752.34	index token zeta beta
4057	cache-omega-69	ok	1464.57	kappa stream delta lambda
4058	delta-parser-70	warn	62.40	delta zeta theta
4059	kappa-kappa-71	warn	7479.38	index worker lambda
4060	cache-route-72	warn	5484.28	omega kappa
4061	index-lambda-73	skip	9253.97	render index
4062	index-theta-74	skip	2439.45	route socket
4063	worker-parser-75	ok	443.61	kappa stream stream
4064	token-lambda-76	skip	4779.48	lambda zeta index route queue
4065	alpha-kappa-77	warn	9908.02	parser lambda parser index theta
4066	alpha-cache-78	ok	7325.73	token gamma alpha
4067	gamma-socket-79	skip	4758.71	stream epsilon omega queue delta
4068	alpha-lambda-80	fail	4976.94	omega zeta
4069	cache-epsilon-81	skip	6805.79	socket zeta zeta beta
4070	route-omega-82	fail	4214.82	socket stream route lambda kappa
4071	sigma-kappa-83	skip	4310.96	index token beta lambda
4072	gamma-beta-84	warn	3222.75	lambda sigma kappa render
4073	route-render-85	ok	315.96	parser stream delta omega
4074	gamma-cache-86	fail	9462.07	index omega epsilon beta zeta
4075	parser-socket-87	warn	6242.09	route token lambda gamma index
4076	delta-theta-88	fail	7276.10	omega cache omega stream worker
4077	zeta-token-89	fail	5903.88	alpha parser gamma
4078	delta-alpha-90	warn	7298.06	token delta
4079	omega-omega-91	skip	4245.91	stream worker gamma socket token
4080	epsilon-omega-92	skip	3368.69	gamma sigma parser cache
4081	cache-epsilon-93	fail	9024.72	lambda route
4082	stream-beta-94	ok	3880.87	zeta epsilon alpha render epsilon
4083	delta-render-95	skip	5232.17	lambda token route epsilon
4084	omega-socket-96	fail	4745.87	queue epsilon socket
4085	epsilon-render-97	skip	459.11	index gamma
4086	parser-alpha-98	warn	3831.42	parser index theta worker index
4087	kappa-worker-99	ok	4425.72	index token route
4088	render-alpha-100	skip	9053.28	zeta sigma render lambda worker
4089	epsilon-cache-101	fail	1673.61	alpha alpha
4090	render-socket-102	fail	7692.32	parser kappa
4091	zeta-socket-103	skip	2912.09	delta theta
4092	zeta-parser-104	ok	7784.08	alpha sigma queue queue
4093	epsilon-socket-105	warn	5800.32	epsilon epsilon theta kappa zeta
4094	socket-kappa-106	fail	3743.90	parser render sigma beta token
4095	omega-token-107	ok	442.57	lambda epsilon zeta
4096	kappa-stream-108	skip	7320.46	alpha gamma kappa delta queue
4097	gamma-worker-109	fail	4869.36	sigma socket kappa omega epsilon
4098	delta-cache-110	skip	5151.96	render socket omega socket cache
4099	stream-queue-111	fail	2407.30	worker queue cache
4100	route-token-112	ok	7042.57	lambda delta
4101	kappa-alpha-113	ok	522.73	queue cache alpha lambda epsilon
4102	theta-lambda-114	fail	7641.42	gamma epsilon socket gamma
4103	socket-index-115	ok	9070.91	kappa theta cache zeta parser
4104	parser-omega-116	ok	1331.89	sigma queue delta
4105	route-zeta-117	fail	386.95	index cache render kappa
4106	zeta-gamma-118	skip	3013.65	gamma sigma kappa
4107	parser-parser-119	warn	8932.56	stream parser lambda kappa alpha
4108	kappa-index-120	skip	3279.69	lambda socket
4109	alpha-gamma-121	fail	131.16	queue cache render route lambda
4110	lambda-socket-122	warn	8866.14	cache queue socket
4111	alpha-zeta-123	fail	4921.93	delta epsilon lambda gamma zeta
4112	socket-queue-124	fail	7592.27	alpha omega stream alpha omega
4113	zeta-kappa-125	fail	5189.17	stream stream
4114	zeta-cache-126	fail	3008.20	stream gamma
4115	render-worker-127	ok	9595.30	stream worker stream lambda
4116	token-token-128	skip	2015.57	stream delta cache
4117	omega-theta-129	skip	9327.19	parser worker alpha stream parser
4118	cache-lambda-130	warn	7699.54	index socket queue stream
4119	beta-stream-131	ok	5730.93	parser sigma zeta
4120	delta-stream-132	ok	9421.92	beta gamma socket kappa index
4121	sigma-gamma-133	skip	6785.97	omega render queue
4122	sigma-beta-134	skip	6358.54	socket cache lambda token omega
4123	omega-gamma-135	warn	9908.71	cache zeta kappa gamma
4124	stream-lambda-136	ok	454.62	theta theta gamma sigma epsilon
4125	beta-alpha-137	warn	2636.71	queue epsilon worker render omega
4126	token-cache-138	fail	1985.32	gamma parser
4127	index-kappa-139	fail	8232.74	lambda gamma worker
4128	gamma-queue-140	fail	2895.76	omega token parser sigma render
4129	sigma-queue-141	ok	7272.60	cache token cache
4130	stream-queue-142	warn	1835.39	delta index worker cache
4131	socket-cache-143	warn	3644.27	omega beta lambda sigma
4132	cache-epsilon-144	ok	6868.02	zeta omega beta queue worker
4133	queue-omega-145	warn	696.06	omega sigma index token lambda
4134	parser-worker-146	skip	7729.62	stream epsilon render cache
4135	queue-kappa-147	fail	1495.18	render render omega render
4136	render-queue-148	warn	7594.93	worker kappa theta parser
4137	omega-parser-149	ok	7132.11	worker cache theta render
4138	parser-route-150	ok	8116.86	socket theta
4139	queue-index-151	warn	7900.49	worker route kappa delta worker
4140	beta-cache-152	ok	165.16	parser beta delta alpha
4141	render-omega-153	ok	1255.32	epsilon alpha zeta lambda
4142	lambda-omega-154	warn	7960.56	token gamma gamma render
4143	stream-beta-155	fail	3822.97	kappa parser token kappa
4144	gamma-socket-156	fail	4613.00	sigma theta token alpha
4145	kappa-lambda-157	ok	782.63	epsilon omega beta theta omega
4146	omega-kappa-158	ok	83.74	epsilon omega zeta render theta
4147	omega-worker-159	ok	7340.00	alpha alpha zeta parser sigma
4148	route-zeta-160	skip	5202.67	stream queue render socket gamma
4149	lambda-token-161	warn	2284.00	parser alpha index queue socket
4150	render-alpha-162	ok	5604.28	parser parser
4151	parser-worker-163	skip	7042.91	lambda kappa token route theta
4152	queue-lambda-164	fail	4451.91	alpha zeta index cache
4153	omega-zeta-165	skip	4150.49	token route theta cache
4154	lambda-delta-166	skip	1872.73	omega alpha
4155	sigma-render-167	ok	1979.74	epsilon theta index queue alpha
4156	route-lambda-168	fail	3958.40	worker zeta cache
4157	render-cache-169	ok	548.64	route gamma kappa render
4158	route-sigma-170	warn	623.42	route stream epsilon sigma cache
4159	theta-index-171	warn	346.79	gamma beta kappa route
4160	route-alpha-172	warn	6706.58	epsilon index beta
4161	alpha-zeta-173	skip	3153.36	index worker socket delta cache
4162	kappa-kappa-174	warn	9194.02	sigma lambda delta delta
4163	route-kappa-175	warn	8738.25	gamma epsilon epsilon stream queue
4164	queue-cache-176	ok	7419.74	kappa token omega render render
4165	parser-beta-177	skip	198.45	render queue theta gamma alpha
4166	socket-render-178	skip	7440.24	cache alpha render
4167	alpha-alpha-179	fail	2952.31	delta epsilon route index
4168	socket-sigma-180	warn	536.04	delta gamma
4169	delta-socket-181	ok	1152.73	lambda stream socket
4170	socket-beta-182	skip	9229.49	worker delta beta theta stream
4171	theta-zeta-183	ok	8326.25	epsilon zeta lambda kappa
4172	cache-kappa-184	warn	1402.81	alpha alpha delta token render
4173	route-index-185	ok	4262.51	parser parser epsilon alpha
4174	kappa-gamma-186	warn	622.53	theta zeta index beta
4175	index-delta-187	warn	290.92	sigma token socket render
4176	index-lambda-188	fail	9029.21	theta socket queue parser
4177	cache-alpha-189	warn	9049.05	queue epsilon lambda gamma token
4178	render-theta-190	skip	9812.33	token zeta queue alpha cache
4179	stream-alpha-191	warn	2487.90	epsilon theta
4180	index-gamma-192	fail	5402.75	cache stream
4181	omega-gamma-193	ok	3201.52	sigma gamma
4182	index-epsilon-194	skip	4025.18	alpha gamma
4183	gamma-omega-195	fail	7670.08	lambda sigma parser
4184	gamma-sigma-196	fail	4957.87	stream stream kappa worker
4185	queue-epsilon-197	ok	2377.56	theta epsilon
4186	queue-delta-198	warn	6237.15	gamma parser delta theta queue
4187	theta-sigma-199	ok	2262.69	worker theta render sigma
4188	render-omega-200	fail	6205.60	alpha cache
4189	theta-lambda-201	skip	8164.80	worker sigma gamma gamma queue
4190	alpha-stream-202	warn	5329.68	omega delta gamma cache beta
4191	zeta-theta-203	ok	9814.29	lambda token delta token alpha
4192	epsilon-gamma-204	ok	2488.43	parser lambda kappa
4193	zeta-lambda-205	fail	9304.58	beta stream
4194	token-parser-206	warn	43.23	queue socket
4195	worker-stream-207	ok	1927.97	render epsilon index
4196	route-route-208	ok	7118.42	route delta alpha kappa worker
4197	beta-parser-209	ok	4726.14	queue zeta queue theta
4198	gamma-route-210	skip	2990.31	alpha token stream
4199	alpha-epsilon-211	skip	973.08	socket beta queue
4200	token-theta-212	skip	261.85	route omega sigma delta epsilon
4201	alpha-sigma-213	warn	9023.35	beta beta worker render route
4202	socket-gamma-214	warn	6455.39	epsilon stream
4203	theta-kappa-215	fail	6300.79	alpha index zeta queue
4204	delta-stream-216	skip	947.44	stream parser
4205	route-parser-217	fail	9256.74	cache alpha lambda token
4206	omega-omega-218	skip	3846.25	theta delta
4207	theta-cache-219	fail	4523.36	worker cache alpha
4208	kappa-socket-220	ok	9101.88	route route kappa socket render
4209	index-token-221	skip	9874.79	zeta omega omega delta
4210	worker-sigma-222	warn	2671.53	sigma socket theta worker route
4211	cache-kappa-223	ok	537.65	render token beta
4212	omega-beta-224	warn	1154.53	delta worker stream
4213	socket-stream-225	warn	5618.07	stream gamma delta alpha theta
4214	route-alpha-226	skip	381.75	socket gamma theta index
4215	lambda-queue-227	ok	8152.81	theta index alpha beta socket
4216	delta-index-228	ok	439.08	sigma sigma omega epsilon cache
4217	index-stream-229	ok	9479.31	kappa worker parser
4218	cache-beta-230	warn	2988.84	render epsilon lambda
4219	kappa-sigma-231	ok	9739.51	token omega delta socket worker
4220	token-omega-232	warn	9896.26	cache kappa
4221	socket-kappa-233	warn	6250.04	sigma lambda beta index
4222	lambda-worker-234	ok	1350.58	epsilon theta stream zeta
4223	socket-token-235	ok	3178.48	lambda epsilon theta
4224	token-zeta-236	fail	5388.57	stream gamma delta alpha alpha
4225	worker-gamma-237	skip	7673.08	delta gamma gamma omega
4226	zeta-parser-238	fail	4038.65	delta render
4227	socket-omega-239	fail	3271.18	index parser route
4228	omega-beta-240	fail	8673.91	parser theta theta zeta
4229	epsilon-sigma-241	fail	9891.50	render cache token
4230	worker-delta-242	ok	167.35	sigma delta render beta cache
4231	theta-socket-243	warn	8032.04	theta lambda index worker alpha
4232	lambda-gamma-244	warn	389.48	render beta omega
4233	omega-delta-245	skip	5038.71	omega worker epsilon gamma
4234	cache-sigma-246	warn	2693.19	theta kappa cache
4235	epsilon-gamma-247	warn	1550.72	parser theta
4236	token-zeta-248	warn	5873.93	zeta index kappa gamma
4237	sigma-render-249	fail	5501.05	worker stream
4238	delta-stream-250	skip	6333.83	gamma epsilon epsilon worker
4239	stream-beta-251	warn	1013.52	render beta kappa stream gamma
4240	token-index-252	ok	4726.56	token lambda cache
4241	socket-kappa-253	skip	9913.26	gamma theta theta gamma
4242	lambda-parser-254	fail	4180.41	alpha parser socket alpha
4243	delta-delta-255	warn	5944.32	worker token beta lambda
4244	token-socket-256	fail	9307.03	socket socket theta
4245	queue-beta-257	fail	3640.34	worker route
4246	omega-lambda-258	skip	511.92	zeta socket
4247	delta-beta-259	fail	8509.53	index epsilon sigma zeta
4248	beta-epsilon-260	warn	6620.59	sigma cache delta
4249	zeta-index-261	skip	5652.90	sigma index socket delta
4250	delta-token-262	fail	9064.86	beta alpha
4251	render-worker-263	fail	1176.83	cache route gamma lambda socket
4252	theta-stream-264	ok	7006.87	route zeta sigma beta render
4253	lambda-sigma-265	warn	3155.00	index kappa
4254	render-theta-266	fail	8092.15	theta sigma render
4255	kappa-delta-267	skip	9514.13	route gamma omega parser
4256	theta-index-268	warn	7619.88	theta zeta lambda queue
4257	index-theta-269	fail	6700.03	gamma cache
4258	cache-epsilon-270	fail	8557.44	parser render
4259	stream-epsilon-271	fail	2941.26	cache theta lambda delta worker
4260	kappa-lambda-272	fail	3445.62	epsilon epsilon gamma lambda index
4261	kappa-stream-273	warn	1080.62	cache sigma beta gamma index
4262	zeta-sigma-274	skip	5450.47	token cache lambda stream cache
4263	theta-delta-275	ok	7678.40	delta kappa render
4264	kappa-route-276	skip	5337.97	alpha omega alpha sigma sigma
4265	kappa-index-277	ok	8789.00	render worker lambda
4266	stream-queue-278	warn	854.08	gamma index gamma
4267	kappa-delta-279	skip	4550.22	omega token index worker socket
4268	worker-zeta-280	fail	9386.92	kappa gamma sigma worker
4269	render-token-281	ok	9934.36	theta delta queue parser theta
4270	route-theta-282	ok	1450.12	cache cache kappa lambda theta
4271	alpha-beta-283	fail	2051.53	queue socket route sigma route
4272	kappa-token-284	skip	6814.24	route worker index socket parser
4273	lambda-stream-285	ok	2634.78	theta theta
4274	theta-worker-286	warn	2192.60	gamma parser epsilon
4275	sigma-delta-287	skip	7900.08	parser parser
4276	alpha-epsilon-288	ok	7835.21	worker sigma theta lambda
4277	cache-route-289	fail	4529.26	socket worker
4278	delta-lambda-290	warn	1322.32	queue kappa index delta
4279	sigma-delta-291	warn	9337.69	lambda sigma kappa
4280	index-kappa-292	fail	3689.76	omega theta
4281	alpha-omega-293	fail	6199.27	omega omega gamma
4282	index-kappa-294	fail	3901.30	gamma epsilon parser
4283	token-token-295	warn	4416.31	index theta render
4284	stream-omega-296	fail	8564.28	stream delta route gamma gamma
4285	lambda-epsilon-297	skip	7925.96	epsilon alpha socket
4286	parser-delta-298	warn	5854.34	beta delta epsilon queue
4287	gamma-index-299	skip	8295.80	epsilon gamma delta
4288	render-stream-300	skip	1632.29	omega kappa render
4289	sigma-kappa-301	warn	8506.86	omega delta socket beta omega
4290	render-render-302	skip	4324.82	theta queue
4291	beta-cache-303	ok	3536.09	socket zeta delta
4292	queue-theta-304	skip	8902.74	socket theta lambda queue
4293	cache-lambda-305	skip	4530.11	zeta index kappa lambda
4294	worker-omega-306	fail	1083.86	queue lambda route
4295	stream-alpha-307	skip	2908.57	kappa zeta render
4296	beta-render-308	fail	6101.90	zeta zeta
4297	worker-worker-309	warn	9079.79	token sigma index
4298	kappa-index-310	ok	3905.31	queue render token socket parser
4299	epsilon-gamma-311	fail	1521.53	queue alpha route
4300	sigma-sigma-312	warn	7992.98	gamma kappa
4301	stream-parser-313	warn	7213.09	parser index worker render
4302	render-sigma-314	skip	3190.97	socket cache
4303	alpha-gamma-315	skip	1804.69	alpha cache
4304	parser-route-316	skip	4492.76	gamma socket alpha parser
4305	index-alpha-317	ok	7588.33	sigma kappa lambda
4306	render-omega-318	ok	6887.75	render delta
4307	lambda-kappa-319	ok	3658.21	sigma socket beta
4308	epsilon-theta-320	fail	9889.93	route token index gamma index
4309	render-kappa-321	skip	9542.21	token cache epsilon zeta kappa
4310	socket-worker-322	ok	1276.78	delta index gamma theta
4311	sigma-stream-323	fail	4335.24	token route parser parser
4312	stream-lambda-324	ok	8092.17	queue route gamma worker
4313	route-theta-325	fail	2586.70	worker socket
4314	theta-epsilon-326	fail	8464.04	socket alpha beta
4315	index-token-327	ok	6413.25	queue lambda
4316	stream-stream-328	ok	2079.19	lambda delta index
4317	cache-route-329	ok	3810.38	epsilon kappa sigma omega route
4318	socket-sigma-330	ok	5604.28	cache render worker
4319	beta-queue-331	fail	6777.46	render theta route
4320	socket-queue-332	fail	111.91	cache token alpha
4321	socket-omega-333	ok	6460.79	route theta omega
4322	lambda-token-334	ok	3204.81	token token theta
4323	delta-gamma-335	ok	6078.99	omega parser parser parser
4324	parser-stream-336	skip	4048.32	epsilon route
4325	gamma-theta-337	ok	327.65	token parser gamma stream
4326	stream-omega-338	ok	798.11	beta gamma queue gamma beta
4327	queue-parser-339	skip	3167.00	kappa epsilon worker delta
4328	render-kappa-340	skip	9597.21	socket theta theta socket cache
4329	token-beta-341	ok	6901.66	gamma parser gamma kappa
4330	render-route-342	warn	4316.08	queue omega gamma cache lambda
4331	omega-queue-343	skip	9463.47	zeta render
4332	zeta-worker-344	skip	3761.54	sigma kappa omega
4333	token-zeta-345	fail	2299.85	route alpha cache queue sigma
4334	zeta-lambda-346	skip	9644.92	socket alpha
4335	lambda-lambda-347	skip	5782.71	route kappa
4336	epsilon-route-348	fail	7149.10	render kappa
4337	route-render-349	fail	2806.79	worker zeta stream
4338	render-omega-350	ok	6093.51	cache kappa omega worker stream
4339	render-parser-351	warn	9644.82	delta beta alpha
4340	omega-beta-352	skip	2642.33	gamma render queue cache
4341	delta-queue-353	skip	3980.49	queue route route cache
4342	theta-render-354	ok	8539.77	lambda epsilon route lambda token
4343	alpha-stream-355	fail	9650.20	render socket stream index
4344	zeta-worker-356	skip	1192.19	omega sigma
4345	kappa-theta-357	warn	3019.57	cache beta cache omega epsilon
4346	kappa-theta-358	skip	6512.05	route omega stream
4347	zeta-beta-359	fail	5547.32	lambda beta stream beta cache
4348	stream-lambda-360	warn	1591.70	stream epsilon index delta gamma
4349	parser-theta-361	warn	1004.73	cache route
4350	kappa-lambda-362	warn	6716.98	theta queue delta
4351	token-socket-363	ok	4914.97	alpha epsilon epsilon
4352	alpha-theta-364	ok	6722.69	index sigma socket
4353	omega-token-365	warn	3492.62	beta render zeta lambda
4354	delta-parser-366	warn	9720.30	gamma delta lambda delta
4355	parser-queue-367	fail	7655.10	cache gamma alpha omega
4356	alpha-parser-368	skip	1503.53	render socket parser delta delta
4357	cache-token-369	fail	2818.18	sigma worker worker
4358	index-sigma-370	warn	5555.31	route worker delta
4359	queue-index-371	warn	182.20	index stream lambda parser
4360	delta-kappa-372	ok	2839.40	delta epsilon theta
4361	beta-parser-373	ok	5971.93	theta cache gamma alpha queue
4362	route-alpha-374	warn	6406.06	index lambda
4363	delta-omega-375	ok	8400.14	queue epsilon sigma
4364	zeta-beta-376	warn	8286.97	kappa worker cache epsilon gamma
4365	queue-alpha-377	warn	4252.87	zeta lambda
4366	index-zeta-378	skip	4470.67	epsilon parser token
4367	delta-route-379	fail	439.28	parser theta render socket zeta
4368	stream-socket-380	warn	66.59	cache route
4369	gamma-sigma-381	skip	7803.56	alpha render
4370	sigma-index-382	fail	9369.43	theta cache
4371	parser-parser-383	warn	8269.51	delta render lambda
4372	alpha-kappa-384	ok	6341.77	delta omega omega gamma
4373	cache-token-385	skip	2577.78	socket stream gamma gamma route
4374	epsilon-socket-386	warn	2794.45	kappa epsilon beta route queue
4375	delta-theta-387	fail	1330.45	delta index render
4376	delta-stream-388	skip	6281.06	socket kappa lambda render stream
4377	queue-lambda-389	warn	952.87	delta stream
4378	render-theta-390	fail	5777.01	kappa render route beta
4379	lambda-theta-391	ok	4871.06	index zeta stream render theta
4380	alpha-beta-392	warn	4000.57	kappa index gamma theta
4381	sigma-omega-393	fail	3656.28	socket sigma index token gamma
4382	theta-worker-394	warn	4603.40	stream omega route
4383	zeta-render-395	warn	4437.37	delta lambda lambda token
4384	gamma-gamma-396	fail	5065.19	parser gamma delta
4385	parser-index-397	fail	5300.61	lambda index alpha token delta
4386	socket-kappa-398	skip	1927.18	socket delta alpha zeta alpha
4387	sigma-gamma-399	ok	3181.05	stream delta stream render theta
4388	beta-route-400	fail	8772.34	index cache
4389	theta-zeta-401	ok	5297.51	zeta kappa worker
4390	beta-kappa-402	warn	8081.78	alpha alpha parser omega alpha
4391	epsilon-parser-403	ok	8137.73	zeta cache sigma cache
4392	stream-render-404	skip	7732.22	token beta kappa kappa stream
4393	beta-render-405	warn	8861.45	parser parser stream zeta parser
4394	sigma-epsilon-406	warn	5114.95	gamma zeta worker stream
4395	index-index-407	warn	6971.76	zeta omega token epsilon theta
4396	index-zeta-408	skip	4395.15	theta index stream omega
4397	theta-cache-409	warn	4883.18	stream alpha epsilon cache
4398	sigma-sigma-410	fail	1699.05	token lambda sigma socket route
4399	parser-omega-411	fail	9523.76	zeta render cache
4400	alpha-queue-412	skip	1604.61	lambda socket omega
4401	kappa-epsilon-413	skip	7989.37	gamma worker kappa route queue
4402	sigma-omega-414	fail	5711.49	lambda socket omega cache worker
4403	gamma-epsilon-415	ok	3142.22	socket index
4404	render-parser-416	fail	7188.13	cache beta epsilon route queue
4405	worker-theta-417	warn	2398.21	token epsilon gamma
4406	parser-omega-418	skip	3894.74	worker zeta queue worker
4407	beta-delta-419	ok	7445.35	token socket lambda sigma delta
4408	kappa-kappa-420	ok	2585.48	beta index render token
4409	queue-theta-421	ok	5781.67	sigma alpha lambda token index
4410	lambda-stream-422	skip	5975.80	token epsilon theta
4411	worker-render-423	ok	7262.24	queue epsilon beta
4412	omega-stream-424	skip	7055.48	index render stream beta zeta
4413	delta-zeta-425	fail	3908.22	queue omega
4414	render-zeta-426	skip	9193.38	zeta queue delta epsilon
4415	sigma-queue-427	warn	3392.60	gamma kappa socket
4416	socket-token-428	warn	3846.19	render zeta socket route zeta
4417	gamma-route-429	skip	8794.69	token lambda gamma beta parser
4418	zeta-stream-430	fail	9671.96	alpha gamma omega
4419	alpha-worker-431	fail	8300.64	kappa queue
4420	zeta-theta-432	ok	2483.99	index socket alpha socket socket
4421	sigma-gamma-433	ok	2362.85	worker kappa worker theta
4422	token-render-434	skip	684.99	cache token beta queue
4423	alpha-cache-435	fail	772.99	queue lambda token route parser
4424	omega-cache-436	skip	6994.99	parser delta
4425	stream-sigma-437	fail	5038.79	alpha kappa
4426	parser-index-438	skip	5315.68	index omega kappa cache worker
4427	token-theta-439	fail	8348.56	theta worker theta delta worker
4428	alpha-queue-440	fail	6763.83	queue index
4429	stream-route-441	ok	3538.26	theta render epsilon
4430	delta-alpha-442	ok	5916.74	render theta
4431	theta-route-443	fail	9473.24	token theta lambda
4432	beta-gamma-444	ok	6380.54	token epsilon beta
4433	sigma-zeta-445	skip	1271.61	render omega epsilon
4434	queue-zeta-446	ok	7316.03	route sigma lambda socket socket
4435	stream-beta-447	ok	2029.24	cache render
4436	stream-zeta-448	fail	9486.11	stream gamma epsilon lambda
4437	beta-beta-449	fail	4456.77	stream token omega
4438	epsilon-render-450	ok	6118.04	lambda beta
4439	kappa-kappa-451	skip	8849.01	render cache socket
4440	beta-token-452	ok	5031.17	worker parser lambda worker
4441	gamma-beta-453	ok	6182.48	token sigma index worker theta
4442	kappa-parser-454	warn	7573.99	beta alpha alpha worker token
4443	delta-omega-455	skip	2468.97	route worker worker sigma route
4444	queue-lambda-456	ok	3508.57	epsilon index parser stream zeta
4445	worker-sigma-457	ok	3017.11	socket epsilon cache
4446	route-render-458	skip	7697.25	route sigma
4447	gamma-worker-459	ok	8721.43	queue zeta socket route
4448	index-cache-460	warn	3838.04	epsilon index token epsilon beta
4449	sigma-epsilon-461	warn	2250.25	zeta omega token delta
4450	sigma-stream-462	warn	7641.17	beta stream
4451	token-worker-463	fail	8271.56	index queue render
4452	socket-socket-464	warn	6358.44	kappa alpha
4453	cache-delta-465	ok	9937.01	route delta
4454	zeta-sigma-466	ok	2950.52	stream token index sigma cache
4455	socket-sigma-467	fail	6525.87	kappa socket
4456	epsilon-kappa-468	skip	9751.39	alpha socket
4457	worker-stream-469	skip	1266.28	token render
4458	socket-kappa-470	skip	7568.22	epsilon lambda
4459	cache-token-471	ok	8222.93	parser stream worker render
4460	alpha-sigma-472	fail	4639.50	parser delta index alpha
4461	omega-render-473	skip	5879.02	stream stream theta
4462	beta-render-474	ok	3630.04	render worker queue
4463	cache-omega-475	ok	8260.23	kappa sigma beta epsilon lambda
4464	stream-lambda-476	skip	4420.14	parser kappa epsilon render
4465	worker-parser-477	ok	1811.43	gamma parser delta
4466	delta-beta-478	fail	4797.28	epsilon cache gamma parser
4467	epsilon-kappa-479	fail	51.93	zeta theta
4468	kappa-zeta-480	warn	3694.35	gamma index
4469	omega-omega-481	warn	1974.38	kappa parser kappa delta omega
4470	socket-delta-482	ok	9644.39	gamma render
4471	queue-sigma-483	skip	7449.88	epsilon kappa
4472	lambda-index-484	ok	635.54	lambda epsilon token gamma lambda
4473	route-kappa-485	warn	987.23	lambda omega
4474	cache-index-486	fail	282.07	omega delta sigma cache
4475	route-parser-487	ok	7410.21	delta kappa gamma gamma
4476	socket-alpha-488	skip	3395.15	theta alpha zeta stream
4477	socket-token-489	fail	8750.33	kappa stream epsilon
4478	index-token-490	ok	5604.28	parser delta theta lambda theta
4479	queue-epsilon-491	skip	6056.92	kappa theta
4480	cache-token-492	warn	1910.81	lambda queue omega stream omega
4481	lambda-parser-493	fail	8827.17	gamma stream beta stream
4482	route-token-494	warn	5904.71	token socket stream
4483	socket-socket-495	fail	2585.54	worker sigma sigma gamma socket
4484	index-zeta-496	fail	5655.47	theta sigma worker
4485	theta-epsilon-497	ok	2350.04	token worker alpha socket zeta
4486	worker-alpha-498	fail	2519.20	token lambda render
4487	epsilon-token-499	warn	2984.73	zeta render queue beta render
4488	socket-alpha-500	warn	5586.83	zeta lambda sigma sigma
4489	zeta-zeta-501	warn	3169.55	omega theta worker
4490	epsilon-index-502	ok	7025.80	alpha kappa
4491	epsilon-omega-503	warn	1402.07	delta stream gamma
4492	index-stream-504	ok	9881.04	index alpha epsilon queue token
4493	sigma-kappa-505	skip	1872.42	worker parser delta
4494	queue-omega-506	warn	9840.92	alpha lambda cache sigma
4495	alpha-cache-507	ok	1661.80	zeta lambda worker index zeta
4496	gamma-beta-508	fail	6952.15	stream beta alpha omega route
4497	route-queue-509	warn	3212.53	sigma worker stream omega
4498	zeta-cache-510	ok	7407.13	parser render render
4499	alpha-route-511	ok	9227.06	stream sigma parser sigma parser
4500	zeta-kappa-512	warn	66.65	stream zeta
4501	lambda-token-513	ok	5946.71	cache socket render stream
4502	lambda-route-514	skip	8747.21	route zeta cache
4503	omega-delta-515	skip	2266.94	zeta token zeta epsilon
4504	epsilon-alpha-516	warn	8284.51	stream socket sigma omega
4505	route-theta-517	warn	7956.87	queue beta index index parser
4506	omega-theta-518	skip	9238.00	zeta render index route
4507	lambda-lambda-519	warn	4879.51	zeta epsilon
4508	stream-route-520	ok	5033.93	route route gamma zeta queue
4509	gamma-alpha-521	warn	7370.67	token delta
4510	beta-render-522	skip	8714.74	lambda sigma index lambda
4511	delta-stream-523	skip	8202.80	index omega kappa
4512	worker-index-524	ok	3791.65	cache token queue token omega
4513	parser-delta-525	ok	7151.19	route socket stream beta beta
4514	kappa-sigma-526	ok	1362.38	cache cache
4515	alpha-sigma-527	warn	540.01	cache render
4516	index-render-528	warn	8444.70	socket queue socket omega
4517	route-theta-529	fail	5102.90	gamma socket stream epsilon
4518	socket-worker-530	ok	1505.53	epsilon worker zeta index route
4519	kappa-alpha-531	warn	9277.25	theta queue route sigma
4520	zeta-lambda-532	ok	7375.31	queue gamma delta kappa
4521	gamma-queue-533	ok	4745.47	zeta render omega kappa
4522	kappa-stream-534	warn	4021.31	route alpha sigma lambda index
4523	route-cache-535	fail	617.05	route worker cache render
4524	beta-sigma-536	ok	3828.12	stream beta alpha socket
4525	lambda-kappa-537	ok	2761.01	sigma delta omega sigma
4526	beta-lambda-538	ok	1628.59	token stream beta socket
4527	beta-worker-539	skip	7741.52	cache kappa cache zeta zeta
4528	zeta-zeta-540	skip	82.74	index gamma worker omega beta
4529	epsilon-theta-541	fail	1873.86	stream lambda index
4530	omega-gamma-542	fail	4695.46	stream delta
4531	queue-queue-543	ok	5693.68	token sigma stream
4532	lambda-route-544	fail	4781.30	lambda kappa epsilon gamma
4533	queue-alpha-545	ok	6148.50	sigma omega kappa
4534	epsilon-delta-546	ok	3817.95	cache epsilon route token
4535	stream-delta-547	warn	4830.66	render zeta theta
4536	stream-route-548	skip	1387.07	alpha sigma index render
4537	sigma-delta-549	fail	550.95	route route gamma worker
4538	theta-delta-550	ok	1984.98	delta token beta gamma route
4539	socket-beta-551	ok	4219.78	epsilon index queue
4540	gamma-omega-552	warn	26.67	theta worker index
4541	socket-cache-553	ok	2848.26	delta gamma socket zeta
4542	cache-zeta-554	skip	1600.39	alpha token gamma
4543	lambda-epsilon-555	fail	445.69	socket cache zeta gamma
4544	omega-stream-556	skip	9085.46	index index index
4545	route-worker-557	skip	4468.01	omega socket route index zeta
4546	cache-worker-558	fail	7895.30	omega render
4547	worker-epsilon-559	ok	738.97	worker socket render cache worker
4548	cache-theta-560	skip	5795.74	index beta cache
4549	beta-worker-561	warn	3450.85	omega beta route render
4550	lambda-stream-562	skip	3145.80	stream worker render stream
4551	kappa-stream-563	warn	3412.37	index index socket
4552	queue-kappa-564	skip	7531.91	gamma gamma parser
4553	render-route-565	warn	3568.54	omega cache epsilon
4554	cache-route-566	skip	2201.20	theta sigma
4555	beta-render-567	warn	2355.48	route delta zeta
4556	socket-sigma-568	warn	5151.06	sigma lambda
4557	beta-theta-569	fail	1347.95	cache token render delta lambda
4558	stream-render-570	fail	3157.56	kappa zeta lambda
4559	sigma-epsilon-571	skip	5798.25	token token
4560	stream-queue-572	ok	6513.34	socket index
4561	zeta-stream-573	ok	568.85	parser beta beta zeta
4562	worker-kappa-574	warn	2030.08	token omega zeta cache theta
4563	kappa-beta-575	fail	9444.45	sigma zeta omega token render
4564	token-lambda-576	fail	8138.80	render parser
4565	stream-parser-577	fail	7728.02	token token epsilon
4566	kappa-socket-578	warn	8212.92	kappa zeta token worker epsilon
4567	render-kappa-579	warn	7524.14	socket render zeta omega index
4568	theta-beta-580	warn	4382.00	stream index
4569	parser-epsilon-581	skip	1164.55	kappa stream
4570	token-route-582	warn	2609.12	lambda parser queue beta worker
4571	socket-delta-583	fail	7296.24	cache theta gamma epsilon sigma
4572	epsilon-omega-584	fail	4049.62	render parser index theta
4573	alpha-theta-585	fail	3808.15	cache sigma alpha kappa render
4574	queue-theta-586	warn	5222.25	beta parser
4575	epsilon-delta-587	skip	9618.28	cache omega theta omega stream
4576	queue-kappa-588	skip	4515.82	cache zeta kappa
4577	parser-gamma-589	ok	849.79	cache alpha render
4578	token-lambda-590	skip	1361.86	route parser sigma index
4579	delta-epsilon-591	skip	9339.08	route worker theta sigma
4580	theta-render-592	skip	1367.74	token sigma
4581	socket-beta-593	ok	4643.58	parser route
4582	cache-omega-594	warn	8417.82	token epsilon
4583	stream-stream-595	warn	2462.27	zeta cache stream stream
4584	theta-token-596	warn	9797.12	zeta queue epsilon
4585	parser-beta-597	fail	527.80	delta zeta index route
4586	beta-token-598	ok	7366.18	alpha zeta route index stream
4587	queue-delta-599	ok	2877.21	gamma gamma lambda cache kappa
4588	socket-queue-600	skip	2057.66	token gamma
4589	sigma-route-601	fail	8459.06	render worker alpha index
4590	omega-index-602	skip	51.49	beta socket sigma gamma
4591	token-worker-603	ok	7033.69	gamma alpha sigma worker worker
4592	queue-zeta-604	warn	1683.13	token gamma alpha
4593	beta-omega-605	fail	318.22	stream route cache
4594	socket-lambda-606	warn	5409.89	worker epsilon epsilon queue parser
4595	alpha-epsilon-607	warn	7828.10	omega gamma epsilon
4596	lambda-token-608	warn	9323.27	beta alpha gamma zeta
4597	index-queue-609	warn	3864.21	zeta index socket socket
4598	index-lambda-610	warn	982.44	alpha queue theta lambda
4599	omega-theta-611	warn	9375.54	kappa render index omega
4600	zeta-epsilon-612	fail	5905.79	route queue
4601	queue-epsilon-613	skip	6477.23	index sigma cache
4602	kappa-beta-614	fail	679.18	zeta worker zeta alpha
4603	cache-index-615	warn	9272.46	theta render
4604	epsilon-epsilon-616	warn	2053.71	parser stream render index
4605	worker-delta-617	skip	7877.61	socket zeta alpha kappa
4606	epsilon-sigma-618	ok	7211.15	epsilon route epsilon cache
4607	cache-sigma-619	ok	9126.06	sigma stream route worker kappa
4608	render-zeta-620	skip	1209.94	alpha kappa gamma render
4609	route-delta-621	skip	7404.82	delta theta render socket omega
4610	parser-parser-622	warn	4418.21	token queue sigma sigma
4611	epsilon-gamma-623	ok	119.52	worker worker token kappa kappa
4612	stream-theta-624	warn	6235.08	parser zeta
4613	sigma-cache-625	skip	499.13	queue delta
4614	epsilon-kappa-626	ok	2492.65	epsilon beta
4615	index-epsilon-627	fail	9235.42	delta worker lambda cache kappa
4616	gamma-zeta-628	warn	3773.03	omega queue omega
4617	theta-epsilon-629	skip	3144.42	index index queue queue
4618	zeta-socket-630	warn	922.52	sigma lambda queue kappa index
4619	index-beta-631	fail	4765.32	token route delta sigma
4620	omega-sigma-632	warn	1390.71	zeta route cache socket cache
4621	token-epsilon-633	fail	3359.96	index theta parser queue
4622	delta-epsilon-634	warn	2200.46	alpha alpha sigma
4623	delta-alpha-635	warn	9387.39	socket kappa
4624	render-worker-636	ok	6960.45	lambda stream stream
4625	cache-worker-637	fail	9803.49	alpha route alpha
4626	kappa-kappa-638	ok	2939.35	gamma beta alpha parser
4627	cache-kappa-639	ok	9032.71	beta epsilon theta epsilon
4628	sigma-render-640	warn	5030.82	sigma gamma queue delta
4629	beta-alpha-641	fail	376.64	lambda omega kappa
4630	socket-delta-642	ok	2233.63	index alpha stream
4631	beta-token-643	fail	6695.44	cache cache route theta cache
4632	beta-omega-644	skip	4798.87	delta delta lambda
4633	kappa-render-645	warn	4901.49	lambda delta delta
4634	route-alpha-646	fail	154.82	cache gamma token zeta
4635	stream-socket-647	ok	4065.74	kappa worker queue alpha
4636	zeta-render-648	skip	1771.10	index delta omega
4637	index-queue-649	ok	1071.85	worker gamma zeta lambda parser
4638	kappa-socket-650	skip	561.79	kappa epsilon render parser beta
4639	cache-delta-651	ok	6894.35	alpha stream
4640	beta-theta-652	skip	8126.02	epsilon stream
4641	index-sigma-653	fail	7319.10	theta parser worker
4642	worker-kappa-654	ok	4877.40	gamma queue
4643	index-sigma-655	warn	823.01	beta zeta sigma
4644	queue-omega-656	fail	9126.24	omega queue theta cache
4645	parser-worker-657	fail	9433.03	epsilon queue omega
4646	socket-token-658	warn	2684.42	omega stream gamma kappa index
4647	kappa-socket-659	warn	2132.76	omega omega queue delta
4648	queue-epsilon-660	fail	5781.39	cache worker beta socket render
4649	theta-parser-661	ok	6354.47	beta gamma beta
4650	theta-theta-662	ok	6198.38	sigma lambda cache epsilon
4651	epsilon-beta-663	skip	8285.46	parser parser alpha index
4652	index-gamma-664	skip	3252.62	gamma parser
4653	worker-worker-665	fail	3282.40	epsilon epsilon worker delta parser
4654	worker-token-666	ok	781.71	render sigma
4655	kappa-queue-667	skip	1589.32	parser stream
4656	worker-token-668	skip	8030.89	worker parser kappa theta route
4657	epsilon-alpha-669	ok	6580.83	render beta
4658	queue-beta-670	fail	465.43	sigma gamma lambda epsilon
4659	render-alpha-671	warn	7853.29	delta gamma cache
4660	parser-token-672	skip	399.57	queue cache
4661	cache-delta-673	ok	385.43	parser queue
4662	beta-kappa-674	fail	7094.54	socket cache index gamma
4663	epsilon-alpha-675	ok	28.97	token delta kappa route route
4664	omega-zeta-676	warn	6097.24	lambda socket alpha worker
4665	alpha-index-677	skip	4114.03	omega alpha index stream cache
4666	token-delta-678	ok	1350.02	delta gamma kappa
4667	zeta-alpha-679	skip	6358.72	socket socket omega parser kappa
4668	epsilon-kappa-680	ok	405.67	delta parser socket sigma
4669	omega-lambda-681	skip	2568.80	worker delta delta
4670	sigma-parser-682	warn	8658.46	route epsilon delta token epsilon
4671	queue-omega-683	ok	9052.78	kappa epsilon zeta
4672	route-index-684	fail	9288.33	theta alpha kappa omega theta
4673	zeta-queue-685	warn	3921.57	delta index
4674	route-worker-686	warn	673.08	omega route
4675	render-sigma-687	warn	5765.82	render zeta socket
4676	route-lambda-688	ok	2662.40	gamma queue epsilon
4677	theta-lambda-689	ok	121.13	queue delta
4678	route-worker-690	fail	3191.01	kappa theta kappa
4679	alpha-alpha-691	skip	201.73	parser route
4680	socket-alpha-692	warn	4200.45	epsilon theta epsilon beta
4681	socket-token-693	warn	8844.13	index lambda token delta
4682	theta-zeta-694	warn	4754.14	gamma epsilon
4683	token-epsilon-695	fail	5416.73	delta omega lambda
4684	token-index-696	fail	8453.66	beta queue
4685	alpha-worker-697	ok	9049.94	socket sigma theta
4686	stream-beta-698	warn	6705.76	socket render
4687	beta-stream-699	warn	3589.86	beta kappa
4688	socket-socket-700	fail	6741.38	kappa socket sigma alpha
4689	parser-cache-701	ok	767.69	lambda stream queue gamma lambda
4690	omega-stream-702	fail	4258.63	queue route alpha delta alpha
4691	queue-kappa-703	fail	2408.47	queue omega kappa socket
4692	parser-omega-704	fail	7661.98	stream socket theta
4693	alpha-epsilon-705	warn	2940.13	render delta kappa gamma parser
4694	lambda-socket-706	warn	167.57	render beta stream gamma gamma
4695	theta-worker-707	ok	2091.72	gamma delta token stream parser
4696	kappa-theta-708	skip	9708.61	sigma worker stream sigma queue
4697	sigma-omega-709	warn	9733.35	omega parser
4698	queue-zeta-710	warn	8571.87	worker kappa route worker
4699	cache-queue-711	skip	1380.62	worker parser queue
4700	delta-token-712	ok	57.20	queue alpha
4701	theta-beta-713	ok	369.46	omega parser epsilon socket
4702	kappa-theta-714	warn	9685.11	cache socket
4703	alpha-render-715	skip	7017.45	render beta
4704	queue-socket-716	skip	5420.03	delta sigma
4705	gamma-zeta-717	warn	1318.10	worker route cache queue theta
4706	token-index-718	ok	6008.64	zeta render lambda sigma theta
4707	worker-beta-719	warn	3100.16	parser parser lambda alpha
4708	render-delta-720	warn	9815.22	index token epsilon
4709	queue-index-721	fail	9719.89	omega socket lambda
4710	delta-route-722	fail	367.38	parser alpha socket render stream
4711	stream-theta-723	fail	5254.98	render queue
4712	lambda-cache-724	fail	6685.32	lambda theta
4713	stream-gamma-725	ok	6502.80	zeta gamma theta
4714	queue-theta-726	ok	8483.94	sigma token
4715	sigma-omega-727	skip	297.05	zeta cache parser sigma
4716	token-beta-728	warn	6288.10	queue route cache
4717	parser-index-729	fail	7076.08	lambda beta
4718	theta-alpha-730	fail	8417.92	queue route zeta theta
4719	stream-token-731	skip	337.99	sigma gamma sigma delta
4720	kappa-cache-732	fail	9772.50	kappa theta queue lambda
4721	parser-parser-733	skip	9239.05	theta index queue
4722	lambda-delta-734	skip	7932.19	queue alpha beta
4723	zeta-beta-735	ok	8156.45	kappa sigma parser queue index
4724	lambda-parser-736	ok	4032.50	kappa worker cache
4725	delta-index-737	ok	8395.11	gamma sigma queue
4726	index-epsilon-738	warn	4199.22	worker render cache
4727	socket-socket-739	warn	5511.50	token epsilon omega lambda lambda
4728	zeta-token-740	skip	3142.45	worker lambda render kappa route
4729	token-gamma-741	ok	923.71	alpha lambda zeta socket omega
4730	index-theta-742	warn	993.85	stream lambda queue
4731	render-alpha-743	warn	148.68	index gamma alpha worker cache
4732	token-gamma-744	skip	6332.86	theta gamma
4733	queue-render-745	fail	7134.23	alpha zeta token kappa render
4734	omega-token-746	ok	8563.59	parser token
4735	epsilon-worker-747	ok	917.65	worker omega alpha
4736	gamma-queue-748	ok	3951.24	lambda index sigma epsilon
4737	delta-token-749	skip	7367.38	stream lambda index gamma
4738	queue-theta-750	ok	1477.89	epsilon sigma render epsilon
4739	cache-render-751	warn	435.15	sigma token route socket theta
4740	queue-kappa-752	fail	3630.93	index cache
4741	epsilon-sigma-753	ok	406.02	zeta theta stream theta queue
4742	render-worker-754	skip	6557.29	stream omega render zeta parser
4743	delta-epsilon-755	skip	2733.26	delta render
4744	parser-stream-756	skip	9569.57	epsilon route
4745	parser-parser-757	skip	9567.44	render parser queue
4746	lambda-route-758	skip	9115.45	queue zeta
4747	stream-kappa-759	warn	8814.41	zeta index
4748	render-lambda-760	ok	4168.11	worker cache sigma zeta beta
4749	worker-stream-761	warn	1920.17	cache gamma
4750	theta-index-762	fail	7614.86	kappa epsilon
4751	queue-socket-763	warn	1617.34	token parser
4752	socket-lambda-764	warn	3226.76	sigma zeta gamma worker
4753	parser-sigma-765	fail	6253.25	zeta theta
4754	stream-omega-766	ok	7441.84	index token beta
4755	omega-queue-767	fail	821.30	cache sigma
4756	gamma-lambda-768	ok	8464.92	cache render kappa
4757	socket-kappa-769	warn	6484.53	worker epsilon parser
4758	theta-delta-770	warn	5749.19	beta theta
4759	queue-delta-771	warn	2481.32	route parser socket
4760	token-worker-772	ok	3124.62	token kappa epsilon zeta
4761	theta-alpha-773	fail	2742.00	alpha gamma index
4762	delta-worker-774	skip	6120.48	route omega socket
4763	index-stream-775	ok	6622.43	theta queue alpha
4764	alpha-lambda-776	ok	7127.00	stream delta theta
4765	zeta-cache-777	fail	1321.10	lambda epsilon kappa parser lambda
4766	index-delta-778	warn	1175.50	parser socket theta lambda gamma
4767	cache-alpha-779	fail	3824.49	epsilon render
4768	socket-render-780	ok	441.61	token render sigma
4769	lambda-socket-781	skip	601.61	render kappa alpha
4770	parser-stream-782	ok	7785.91	stream socket omega
4771	delta-alpha-783	skip	7634.39	parser sigma index render
4772	render-cache-784	skip	223.63	alpha token token
4773	index-token-785	warn	7081.12	index gamma sigma kappa
4774	beta-alpha-786	ok	5201.79	alpha delta kappa
4775	cache-zeta-787	fail	8737.23	token beta route
4776	index-stream-788	skip	9661.11	lambda worker epsilon render alpha
4777	worker-zeta-789	warn	7452.74	queue queue
4778	beta-socket-790	ok	3001.59	alpha theta index beta
4779	render-index-791	fail	3739.63	kappa cache stream cache
4780	queue-zeta-792	skip	2425.10	delta queue delta index
4781	beta-beta-793	skip	6362.46	cache sigma token
4782	gamma-queue-794	fail	6090.17	kappa render
4783	alpha-cache-795	skip	9696.72	theta token gamma route
4784	kappa-omega-796	fail	3857.81	queue stream alpha
4785	token-stream-797	warn	7641.44	worker cache worker route
4786	parser-render-798	skip	8478.23	delta delta
4787	zeta-epsilon-799	warn	314.41	route socket omega alpha worker
4788	gamma-gamma-800	ok	5172.80	sigma index beta kappa socket
4789	gamma-kappa-801	ok	2187.01	theta zeta socket sigma
4790	omega-kappa-802	ok	2969.31	gamma kappa
4791	queue-worker-803	fail	6944.21	worker sigma
4792	lambda-parser-804	warn	8550.46	parser kappa socket
4793	theta-queue-805	skip	1646.62	socket kappa route omega
4794	theta-index-806	fail	3653.41	route lambda theta index epsilon
4795	beta-epsilon-807	fail	2685.56	queue token beta alpha theta
4796	alpha-kappa-808	warn	6354.34	epsilon parser cache
4797	beta-token-809	warn	2124.71	sigma delta
4798	worker-parser-810	ok	4075.31	parser worker
4799	lambda-gamma-811	ok	1597.21	alpha socket token sigma token
4800	stream-stream-812	ok	8380.71	socket socket zeta lambda beta
4801	delta-token-813	skip	6743.90	token sigma
4802	omega-sigma-814	ok	8797.77	socket index omega
4803	socket-alpha-815	ok	2066.99	stream parser socket
4804	token-epsilon-816	fail	8137.35	worker cache gamma omega socket
4805	queue-socket-817	ok	3144.10	index delta
4806	parser-delta-818	fail	5518.57	theta render index queue theta
4807	epsilon-socket-819	fail	1578.38	epsilon delta index parser
4808	theta-epsilon-820	warn	6750.84	epsilon parser
4809	sigma-delta-821	ok	5716.28	zeta cache
4810	cache-sigma-822	ok	4953.33	delta sigma cache queue
4811	alpha-omega-823	skip	257.93	epsilon stream kappa theta
4812	token-render-824	skip	6977.32	socket omega stream
4813	stream-index-825	ok	6512.10	lambda sigma
4814	render-delta-826	ok	6326.10	beta zeta parser alpha alpha
4815	delta-epsilon-827	ok	3906.65	beta epsilon kappa kappa epsilon
4816	beta-delta-828	fail	1925.81	worker socket
4817	sigma-index-829	warn	942.59	beta delta alpha
4818	sigma-parser-830	fail	5131.70	delta cache cache omega
4819	worker-queue-831	fail	6898.93	stream stream token render
4820	epsilon-lambda-832	warn	8975.39	parser route kappa
4821	route-token-833	skip	590.64	queue token sigma epsilon
4822	delta-omega-834	warn	9677.43	zeta zeta omega token queue
4823	kappa-omega-835	warn	8477.26	queue sigma beta stream omega
4824	epsilon-theta-836	ok	9964.95	lambda omega delta cache sigma
4825	kappa-epsilon-837	skip	7435.19	sigma zeta theta
4826	sigma-index-838	fail	4437.98	omega alpha stream
4827	parser-lambda-839	skip	1611.56	sigma zeta
4828	epsilon-epsilon-840	ok	3997.64	lambda route
4829	token-worker-841	warn	1953.67	theta socket theta epsilon render
4830	worker-sigma-842	skip	2869.00	index zeta sigma
4831	epsilon-sigma-843	warn	474.54	kappa zeta render
4832	omega-socket-844	skip	3402.01	zeta queue alpha
4833	index-gamma-845	warn	1339.57	cache epsilon alpha theta worker
4834	epsilon-alpha-846	ok	3254.19	zeta index queue
4835	token-sigma-847	skip	8029.49	gamma index stream stream
4836	alpha-beta-848	ok	5943.37	kappa stream render lambda
4837	alpha-route-849	skip	8009.58	beta lambda render zeta
4838	sigma-lambda-850	skip	7606.62	alpha alpha render
4839	stream-worker-851	warn	1037.99	render alpha beta token
4840	index-worker-852	skip	2455.80	cache alpha zeta lambda lambda
4841	queue-socket-853	skip	7605.56	parser beta beta parser
4842	gamma-parser-854	skip	3943.23	delta render route worker
4843	delta-omega-855	skip	4824.59	cache cache index parser lambda
4844	zeta-worker-856	fail	5317.39	theta epsilon stream socket
4845	kappa-cache-857	warn	6782.33	lambda omega
4846	parser-token-858	warn	1912.43	omega index beta
4847	sigma-delta-859	fail	3426.99	omega beta sigma zeta route
4848	render-sigma-860	skip	8949.55	gamma epsilon route sigma
4849	index-lambda-861	skip	2460.30	route delta
4850	cache-beta-862	skip	3174.09	alpha alpha epsilon parser
4851	gamma-theta-863	warn	442.46	alpha zeta
4852	kappa-socket-864	fail	8282.28	theta beta queue render epsilon
4853	socket-kappa-865	fail	1758.28	gamma beta render
4854	cache-stream-866	fail	7584.15	socket parser
4855	beta-kappa-867	ok	5382.16	render delta
4856	zeta-lambda-868	fail	7179.53	lambda route
4857	beta-token-869	fail	923.86	omega render worker kappa
4858	parser-epsilon-870	fail	8538.97	socket route cache sigma
4859	parser-zeta-871	skip	4977.28	theta lambda
4860	zeta-cache-872	skip	3356.67	index omega theta stream
4861	token-socket-873	warn	8993.52	kappa theta omega
4862	omega-theta-874	fail	6875.81	token zeta beta worker zeta
4863	worker-theta-875	fail	6803.57	token delta token delta
4864	epsilon-token-876	skip	2787.91	beta worker token stream
4865	gamma-beta-877	skip	4305.75	cache cache beta
4866	socket-alpha-878	fail	6169.91	parser beta worker parser omega
4867	alpha-epsilon-879	ok	9.48	render index delta
4868	delta-index-880	ok	7675.17	epsilon gamma omega
4869	zeta-stream-881	warn	8064.32	theta parser
4870	alpha-queue-882	ok	5035.42	sigma token sigma lambda beta
4871	kappa-parser-883	ok	5463.78	socket lambda
4872	stream-cache-884	warn	4088.73	socket beta stream
4873	token-epsilon-885	warn	3867.57	delta token cache stream sigma
4874	queue-stream-886	ok	200.38	lambda sigma lambda
4875	zeta-beta-887	skip	7987.26	token theta
4876	queue-route-888	ok	1758.13	omega kappa render sigma
4877	omega-gamma-889	fail	6464.23	worker parser route
4878	beta-beta-890	warn	8278.17	alpha cache zeta alpha omega
4879	socket-gamma-891	fail	3540.41	omega render parser
4880	sigma-epsilon-892	warn	6741.76	alpha alpha theta beta
4881	kappa-queue-893	warn	1639.75	epsilon omega render
4882	index-theta-894	warn	8325.90	sigma stream omega cache render
4883	queue-gamma-895	skip	335.76	zeta route index
4884	omega-omega-896	fail	7526.39	epsilon render
4885	queue-token-897	fail	4538.09	socket route
4886	cache-stream-898	ok	3614.05	kappa gamma delta sigma
4887	beta-token-899	skip	175.59	kappa gamma route index
4888	omega-epsilon-900	fail	1034.94	cache delta kappa
4889	sigma-token-901	warn	1510.76	zeta worker zeta index theta
4890	index-kappa-902	skip	950.40	gamma cache
4891	alpha-token-903	ok	2359.57	theta kappa sigma
4892	epsilon-stream-904	ok	8302.20	route queue worker lambda
4893	alpha-worker-905	skip	4709.87	cache parser beta
4894	kappa-alpha-906	warn	8696.45	beta epsilon
4895	beta-delta-907	fail	2558.60	kappa alpha omega kappa token
4896	kappa-epsilon-908	skip	7878.21	gamma kappa index epsilon queue
4897	token-socket-909	warn	1148.73	sigma lambda index theta
4898	epsilon-stream-910	skip	8576.62	worker theta
4899	render-gamma-911	skip	1546.65	gamma token parser socket
4900	delta-render-912	skip	8203.30	lambda worker lambda index
4901	index-kappa-913	skip	2405.87	worker worker socket beta
4902	stream-epsilon-914	skip	3424.32	index socket
4903	parser-beta-915	warn	4606.85	zeta theta worker delta
4904	kappa-lambda-916	warn	4383.56	zeta sigma theta
4905	omega-kappa-917	skip	5234.74	route lambda queue
4906	worker-alpha-918	fail	7041.63	index socket zeta queue
4907	stream-kappa-919	fail	7247.29	parser cache stream
4908	lambda-kappa-920	fail	8333.63	alpha parser kappa index render
4909	gamma-epsilon-921	fail	5670.00	beta epsilon
4910	alpha-kappa-922	skip	3381.48	parser omega
4911	kappa-worker-923	ok	7916.41	kappa route epsilon sigma route
4912	kappa-delta-924	fail	262.05	omega theta render queue
4913	kappa-kappa-925	warn	4790.19	stream theta index beta parser
4914	queue-token-926	skip	5492.21	index worker gamma
4915	omega-beta-927	warn	3324.60	parser alpha cache omega
4916	zeta-alpha-928	warn	2311.08	lambda render theta
4917	lambda-sigma-929	fail	9854.01	beta stream omega stream alpha
4918	delta-index-930	skip	750.89	queue route worker cache delta
4919	theta-socket-931	ok	8886.04	sigma beta kappa
4920	zeta-worker-932	fail	9857.32	omega alpha beta kappa
4921	queue-worker-933	skip	6557.74	parser route stream stream
4922	delta-lambda-934	skip	5488.13	kappa omega lambda
4923	cache-worker-935	ok	7985.11	stream theta cache omega
4924	stream-stream-936	ok	5952.70	alpha stream parser sigma
4925	render-token-937	warn	3205.79	kappa parser index socket
4926	queue-zeta-938	warn	8948.04	alpha cache
4927	route-kappa-939	ok	4852.29	omega zeta gamma cache theta
4928	queue-render-940	ok	3373.88	queue omega beta socket omega
4929	kappa-epsilon-941	skip	4356.62	lambda kappa epsilon sigma
4930	kappa-gamma-942	fail	4774.56	omega alpha
4931	queue-stream-943	warn	5844.15	socket stream zeta token gamma
4932	parser-token-944	skip	7156.66	stream index index sigma
4933	worker-parser-945	warn	8926.76	alpha token
4934	delta-token-946	warn	8985.92	alpha kappa theta
4935	delta-cache-947	warn	8428.81	socket beta
4936	route-queue-948	warn	7352.95	epsilon queue
4937	worker-lambda-949	ok	1092.79	route zeta omega token
4938	beta-delta-950	ok	8506.83	theta stream
4939	route-route-951	warn	9072.98	gamma parser
4940	lambda-kappa-952	ok	1149.46	index parser alpha delta
4941	queue-worker-953	warn	569.87	queue worker cache alpha stream
4942	sigma-socket-954	fail	9584.46	token zeta render index
4943	render-worker-955	skip	4820.21	kappa socket beta kappa
4944	theta-gamma-956	ok	9148.59	lambda index
4945	stream-kappa-957	skip	8325.40	theta socket
4946	kappa-index-958	warn	3389.37	delta worker token
4947	socket-zeta-959	ok	2341.30	theta queue omega kappa zeta
4948	parser-delta-960	ok	744.05	lambda stream zeta beta socket
4949	delta-lambda-961	skip	362.59	alpha alpha lambda route
4950	index-epsilon-962	ok	5515.14	lambda theta stream
4951	theta-zeta-963	skip	2444.33	render alpha worker
4952	parser-token-964	warn	8433.49	lambda render route omega kappa
4953	worker-token-965	ok	3446.44	socket epsilon beta theta sigma
4954	beta-lambda-966	warn	6944.54	kappa index kappa token
4955	stream-sigma-967	fail	6721.85	route parser delta render
4956	token-gamma-968	warn	2228.03	parser omega
4957	sigma-delta-969	warn	4405.83	route sigma worker queue
4958	omega-index-970	ok	1050.86	worker zeta parser
4959	zeta-lambda-971	warn	6003.44	zeta route token
4960	worker-queue-972	warn	7668.01	kappa route gamma queue worker
4961	epsilon-delta-973	warn	2227.22	render zeta index
4962	token-route-974	warn	4804.28	gamma worker lambda kappa queue
4963	route-stream-975	ok	9537.23	socket queue delta token
4964	cache-queue-976	ok	8021.94	socket route theta
4965	delta-epsilon-977	fail	2869.53	zeta socket omega
4966	delta-epsilon-978	fail	7351.90	index lambda theta route stream
4967	cache-render-979	skip	5245.91	zeta cache queue token route
4968	delta-sigma-980	ok	2024.87	socket sigma kappa omega lambda
4969	worker-stream-981	skip	5299.73	lambda delta lambda queue zeta
4970	sigma-render-982	warn	5740.43	kappa sigma
4971	alpha-stream-983	skip	3902.46	theta queue stream parser index
4972	sigma-render-984	fail	3232.76	index zeta zeta parser
4973	parser-queue-985	skip	8368.21	index route
4974	render-omega-986	fail	2694.45	alpha socket sigma
4975	epsilon-queue-987	skip	9012.97	kappa cache
4976	gamma-worker-988	warn	1882.25	omega worker delta
4977	theta-stream-989	warn	9547.23	epsilon stream parser delta index
4978	socket-theta-990	fail	4074.38	render queue zeta beta
4979	beta-parser-991	fail	4750.03	zeta sigma
4980	lambda-route-992	fail	2755.02	sigma socket beta
4981	alpha-route-993	ok	2774.59	zeta epsilon gamma
4982	worker-kappa-994	warn	5966.47	gamma beta worker stream theta
4983	gamma-token-995	warn	6705.19	alpha index route zeta epsilon
4984	sigma-render-996	fail	1897.26	omega render theta kappa
4985	stream-queue-0	skip	836.26	stream worker zeta omega
4986	parser-socket-1	skip	1456.91	sigma lambda render
4987	omega-parser-2	ok	2462.52	alpha gamma token
4988	stream-render-3	ok	1261.86	beta stream kappa worker
4989	sigma-render-4	ok	2477.98	delta omega parser sigma
4990	queue-token-5	fail	184.01	route socket queue
4991	gamma-zeta-6	fail	8924.49	gamma alpha stream socket token
4992	token-index-7	fail	8890.80	gamma socket zeta theta
4993	stream-socket-8	skip	5929.53	queue queue lambda render
4994	worker-beta-9	ok	7147.46	stream kappa sigma
4995	delta-alpha-10	warn	980.61	worker stream alpha stream
4996	theta-lambda-11	ok	6566.71	index socket token delta cache
4997	cache-token-12	skip	1807.85	lambda token token
4998	parser-queue-13	ok	9794.00	gamma sigma token omega
4999	lambda-lambda-14	skip	6886.85	worker route alpha
5000	gamma-omega-15	warn	3804.14	render route worker stream
5001	lambda-omega-16	fail	8741.35	queue beta
5002	beta-theta-17	ok	2879.13	index sigma gamma
5003	alpha-parser-18	fail	7423.89	render kappa socket omega
5004	alpha-epsilon-19	ok	9484.58	epsilon lambda
5005	alpha-kappa-20	fail	2795.55	epsilon render kappa alpha render
5006	omega-socket-21	ok	5783.13	socket parser alpha zeta worker
5007	zeta-render-22	skip	2577.63	render epsilon render kappa
5008	kappa-delta-23	warn	6967.63	stream index theta
5009	gamma-stream-24	fail	5820.36	sigma zeta
5010	index-cache-25	fail	4037.77	alpha gamma render stream route
5011	kappa-delta-26	skip	5806.06	lambda gamma parser
5012	token-epsilon-27	warn	2557.99	theta token epsilon worker
5013	epsilon-sigma-28	ok	1867.61	epsilon delta
5014	delta-token-29	fail	288.23	stream socket parser parser
5015	queue-kappa-30	warn	8201.13	delta worker route cache zeta
5016	stream-parser-31	warn	7337.19	render route
5017	epsilon-sigma-32	warn	5727.36	stream route beta alpha stream
5018	beta-delta-33	ok	9035.33	parser omega beta parser
5019	lambda-cache-34	warn	927.89	token delta epsilon
5020	beta-cache-35	fail	8071.42	delta cache kappa token
5021	cache-omega-36	skip	6465.76	gamma route alpha worker delta
5022	parser-cache-37	fail	2321.85	zeta queue
5023	render-epsilon-38	fail	6357.78	alpha token omega
5024	delta-worker-39	ok	5986.08	parser gamma cache
5025	socket-gamma-40	fail	7631.25	token epsilon gamma gamma
5026	cache-stream-41	fail	4127.03	render zeta zeta epsilon
5027	kappa-beta-42	ok	6078.29	cache alpha delta alpha
5028	beta-kappa-43	fail	1149.21	zeta kappa stream
5029	alpha-worker-44	ok	7202.13	parser index
5030	epsilon-sigma-45	fail	7197.28	sigma alpha cache theta
5031	lambda-render-46	ok	5360.39	render parser
5032	gamma-theta-47	warn	5205.93	parser beta alpha token
5033	route-alpha-48	warn	2508.08	beta cache queue
5034	worker-lambda-49	warn	3790.24	zeta socket parser queue
5035	delta-index-50	ok	3029.55	token worker socket alpha
5036	theta-token-51	fail	2949.62	gamma lambda sigma
5037	index-cache-52	skip	7419.66	sigma alpha lambda sigma
5038	theta-omega-53	ok	6156.61	cache alpha zeta stream
5039	delta-theta-54	skip	3116.83	stream parser omega
5040	worker-route-55	fail	5154.51	epsilon token
5041	sigma-worker-56	skip	9227.25	epsilon token queue
5042	stream-render-57	ok	602.76	index delta sigma
5043	beta-alpha-58	fail	5407.94	render beta lambda lambda token
5044	omega-beta-59	skip	168.91	gamma route sigma
5045	omega-socket-60	warn	3762.71	zeta zeta
5046	kappa-socket-61	skip	7061.88	stream zeta render omega parser
5047	route-sigma-62	skip	7104.85	sigma parser kappa
5048	delta-queue-63	ok	2137.33	zeta alpha worker
5049	route-queue-64	fail	6077.41	render lambda cache
5050	socket-queue-65	ok	837.83	lambda delta sigma index token
5051	cache-epsilon-66	fail	7460.26	lambda sigma socket index
5052	epsilon-index-67	warn	2597.66	token theta
5053	beta-sigma-68	warn	2964.53	gamma worker socket
5054	lambda-epsilon-69	ok	4987.64	stream socket epsilon kappa cache
5055	parser-gamma-70	skip	117.86	stream omega worker stream parser
5056	epsilon-parser-71	skip	896.60	gamma cache zeta delta
5057	kappa-sigma-72	fail	772.98	epsilon queue
5058	route-queue-73	skip	6612.98	lambda omega delta kappa
5059	socket-theta-74	warn	2094.88	cache gamma theta route queue
5060	worker-beta-75	fail	6729.62	omega epsilon epsilon socket parser
5061	lambda-sigma-76	skip	8714.18	zeta stream theta omega delta
5062	alpha-theta-77	warn	1407.15	kappa epsilon worker token
5063	socket-gamma-78	skip	1256.61	beta cache worker render
5064	index-delta-79	fail	1469.86	omega worker lambda beta
5065	lambda-sigma-80	ok	5914.91	omega render token
5066	lambda-omega-81	ok	8523.39	omega queue alpha gamma
5067	epsilon-parser-82	fail	2915.66	omega stream render stream stream
5068	cache-token-83	ok	1494.09	zeta gamma zeta
5069	parser-alpha-84	fail	7925.80	render delta
5070	queue-stream-85	fail	5530.43	epsilon parser cache cache omega
5071	delta-epsilon-86	warn	6680.68	stream token beta token
5072	delta-cache-87	skip	6370.47	beta parser cache zeta
5073	beta-kappa-88	warn	9620.33	delta kappa gamma delta
5074	omega-beta-89	fail	4622.77	sigma sigma index worker
5075	alpha-queue-90	skip	1669.99	alpha parser kappa render
5076	theta-route-91	skip	9135.67	delta queue delta delta queue
5077	token-index-92	fail	7877.63	worker parser
5078	sigma-index-93	warn	6349.93	epsilon lambda
5079	cache-beta-94	fail	8976.14	beta kappa token route
5080	epsilon-gamma-95	ok	3153.48	stream stream stream
5081	stream-kappa-96	fail	8424.03	cache omega render
5082	lambda-queue-97	fail	2999.27	delta omega socket kappa index
5083	cache-omega-98	warn	8368.14	kappa beta worker socket omega
5084	zeta-worker-99	ok	5157.82	worker gamma
5085	socket-omega-100	ok	3690.35	queue epsilon
5086	kappa-worker-101	skip	7420.62	beta gamma index token
5087	queue-worker-102	warn	1678.76	beta queue
5088	route-theta-103	fail	9616.41	route alpha theta omega
5089	socket-alpha-104	ok	1834.88	index omega
5090	cache-index-105	skip	5676.18	socket beta cache cache lambda
5091	queue-parser-106	fail	4045.09	alpha parser route
5092	lambda-cache-107	warn	5159.73	lambda parser zeta
5093	omega-kappa-108	warn	6830.28	render omega
5094	omega-queue-109	ok	2124.89	theta theta epsilon lambda socket
5095	token-theta-110	warn	9347.36	kappa theta worker
5096	lambda-stream-111	ok	1586.81	index stream route
5097	token-sigma-112	ok	4981.98	kappa beta token
5098	zeta-parser-113	skip	905.05	index delta gamma queue
5099	delta-gamma-114	warn	3066.89	delta theta beta
5100	route-index-115	fail	5414.06	theta parser worker beta worker
5101	zeta-theta-116	ok	976.89	route queue omega socket theta
5102	omega-route-117	ok	3605.49	cache alpha sigma stream lambda
5103	zeta-sigma-118	fail	5709.56	worker queue zeta epsilon socket
5104	worker-alpha-119	warn	7946.06	socket kappa kappa beta kappa
5105	socket-token-120	skip	6359.16	stream cache
5106	queue-render-121	warn	6244.03	kappa route omega delta cache
5107	render-queue-122	fail	1565.84	stream parser cache
5108	route-lambda-123	ok	1923.53	lambda gamma omega
5109	theta-kappa-124	fail	9512.66	lambda worker beta
5110	kappa-cache-125	fail	4328.22	index gamma queue parser
5111	lambda-gamma-126	warn	4604.07	index alpha index
5112	gamma-theta-127	warn	8736.68	cache delta kappa stream token
5113	index-queue-128	skip	3377.46	worker socket worker
5114	queue-theta-129	fail	1542.90	theta zeta queue lambda omega
5115	queue-sigma-130	warn	5933.88	alpha zeta
5116	kappa-queue-131	ok	2265.10	gamma lambda alpha
5117	kappa-gamma-132	ok	4330.21	stream stream
5118	stream-zeta-133	fail	9311.24	gamma epsilon stream kappa
5119	theta-epsilon-134	warn	2607.13	parser parser index
5120	epsilon-beta-135	ok	8602.52	queue kappa epsilon sigma
5121	kappa-lambda-136	fail	6764.94	beta lambda
5122	delta-parser-137	skip	8627.00	worker beta sigma worker
5123	epsilon-cache-138	ok	7632.27	parser lambda zeta
5124	stream-delta-139	skip	2638.33	cache cache alpha route
5125	zeta-worker-140	fail	452.27	theta sigma render alpha sigma
5126	omega-queue-141	skip	5120.38	route delta parser alpha omega
5127	lambda-token-142	warn	6422.03	kappa index token worker zeta
5128	render-omega-143	fail	338.31	kappa kappa parser index
5129	stream-theta-144	skip	5849.76	lambda delta omega delta
5130	theta-zeta-145	ok	3389.96	delta parser alpha gamma socket
5131	queue-zeta-146	fail	8305.32	alpha token epsilon route cache
5132	socket-delta-147	warn	7613.37	theta alpha
5133	token-render-148	skip	1644.29	theta theta
5134	alpha-token-149	warn	7875.75	index theta
5135	zeta-parser-150	warn	5392.93	epsilon render worker socket worker
5136	route-token-151	fail	5441.34	zeta kappa worker cache omega
5137	route-zeta-152	skip	7715.25	gamma beta
5138	render-lambda-153	ok	3235.55	parser parser kappa omega kappa
5139	parser-delta-154	warn	6261.89	delta queue theta
5140	lambda-parser-155	fail	1411.34	route stream render
5141	omega-zeta-156	ok	1415.01	lambda stream route
5142	alpha-omega-157	skip	2542.62	socket queue epsilon
5143	render-beta-158	ok	850.09	route kappa index
5144	gamma-queue-159	skip	8359.16	parser sigma token
5145	omega-delta-160	warn	1752.54	socket route route
5146	token-beta-161	ok	3791.75	route socket stream zeta worker
5147	socket-delta-162	warn	5497.61	route cache token
5148	gamma-worker-163	skip	9854.84	omega socket index lambda
5149	alpha-render-164	skip	3160.27	lambda sigma render
5150	lambda-socket-165	ok	3606.47	lambda route delta zeta socket
5151	beta-token-166	warn	107.66	epsilon token kappa theta worker
5152	token-queue-167	fail	983.02	gamma kappa render kappa
5153	omega-gamma-168	warn	1642.29	theta zeta route
5154	parser-socket-169	ok	9549.47	theta kappa sigma omega render
5155	theta-kappa-170	ok	7972.42	kappa alpha stream alpha theta
5156	token-theta-171	warn	1873.17	gamma parser
5157	delta-beta-172	warn	5971.91	alpha parser parser index stream
5158	gamma-delta-173	skip	2217.64	lambda theta render parser
5159	token-alpha-174	warn	36.50	socket render
5160	beta-kappa-175	warn	8114.08	socket worker alpha
5161	kappa-worker-176	fail	3813.69	worker omega
5162	worker-worker-177	warn	5477.58	route cache render worker token
5163	kappa-kappa-178	skip	7031.22	theta worker worker socket
5164	lambda-worker-179	fail	1464.30	token route
5165	theta-alpha-180	skip	523.40	token omega
5166	socket-theta-181	fail	1892.84	omega lambda epsilon alpha delta
5167	gamma-index-182	warn	455.90	gamma cache theta stream beta
5168	worker-stream-183	ok	8050.03	epsilon render
5169	omega-delta-184	ok	2409.19	kappa alpha sigma
5170	delta-omega-185	fail	5605.40	token alpha
5171	queue-route-186	warn	9988.78	theta beta
5172	stream-socket-187	ok	6620.07	socket omega beta
5173	index-lambda-188	skip	1699.78	beta sigma epsilon queue
5174	worker-beta-189	skip	6381.63	render lambda
5175	beta-route-190	warn	7870.48	omega epsilon lambda gamma
5176	parser-socket-191	warn	6283.19	beta cache kappa delta zeta
5177	queue-theta-192	skip	2876.34	render stream omega gamma
5178	delta-delta-193	ok	7236.66	queue stream cache
5179	beta-delta-194	fail	3986.45	theta theta
5180	delta-token-195	fail	3062.07	theta index worker parser cache
5181	parser-queue-196	skip	4123.14	queue epsilon queue
5182	beta-kappa-197	warn	6753.52	worker render zeta
5183	cache-socket-198	fail	5820.85	stream epsilon index alpha
5184	gamma-delta-199	ok	8306.31	index cache socket kappa worker
5185	index-stream-200	ok	4609.46	socket theta worker omega
5186	parser-route-201	warn	7762.50	socket worker worker parser epsilon
5187	delta-token-202	ok	4107.88	index lambda omega
5188	parser-beta-203	fail	3405.60	render sigma cache stream route
5189	queue-epsilon-204	ok	8952.13	render epsilon parser worker cache
5190	index-omega-205	ok	6725.92	index lambda
5191	stream-beta-206	ok	1442.60	token kappa gamma
5192	alpha-queue-207	skip	4578.77	alpha lambda sigma zeta
5193	socket-delta-208	ok	4135.06	render parser gamma
5194	worker-gamma-209	fail	6099.34	worker cache theta gamma epsilon
5195	beta-delta-210	ok	8217.25	lambda sigma render render
5196	cache-cache-211	fail	9122.69	worker kappa
5197	kappa-index-212	skip	8006.07	route beta zeta index render
5198	gamma-alpha-213	warn	4143.79	zeta beta index
5199	token-kappa-214	warn	2271.14	stream index
5200	gamma-socket-215	ok	8131.02	gamma socket
5201	theta-epsilon-216	skip	6435.58	socket token socket
5202	sigma-token-217	fail	8930.34	beta delta gamma
5203	lambda-omega-218	skip	653.47	theta render worker route kappa
5204	index-kappa-219	skip	380.36	lambda omega
5205	kappa-index-220	fail	6051.75	token delta alpha
5206	sigma-parser-221	ok	3918.83	gamma route lambda
5207	queue-kappa-222	skip	3800.42	sigma token alpha omega
5208	cache-parser-223	fail	281.37	beta queue zeta
5209	cache-sigma-224	fail	795.63	lambda epsilon worker route stream
5210	omega-token-225	skip	2529.42	epsilon kappa delta beta
5211	beta-epsilon-226	skip	8882.10	beta beta
5212	stream-zeta-227	warn	890.57	theta cache delta stream
5213	alpha-lambda-228	fail	7083.30	zeta epsilon lambda
5214	theta-epsilon-229	fail	6482.17	zeta sigma render theta delta
5215	token-beta-230	skip	4432.30	gamma epsilon
5216	token-lambda-231	skip	6267.02	cache parser
5217	delta-render-232	skip	5860.75	delta worker
5218	lambda-omega-233	ok	3432.14	token token
5219	zeta-omega-234	fail	3178.07	sigma theta
5220	parser-alpha-235	ok	4601.16	socket parser beta parser
5221	cache-epsilon-236	warn	7439.62	zeta delta
5222	sigma-alpha-237	skip	5257.80	gamma beta
5223	token-omega-238	ok	7660.51	theta beta index queue
5224	omega-render-239	warn	548.16	parser beta token
5225	render-cache-240	ok	6054.31	route kappa
5226	socket-zeta-241	ok	3169.19	lambda kappa
5227	socket-omega-242	fail	2235.93	omega theta render index sigma
5228	worker-cache-243	skip	3090.75	delta gamma gamma
5229	parser-parser-244	fail	2039.47	beta alpha stream
5230	token-token-245	warn	2864.15	beta beta socket parser stream
5231	stream-token-246	skip	3218.25	epsilon zeta lambda
5232	worker-token-247	ok	6327.30	omega beta epsilon delta theta
5233	queue-gamma-248	skip	1755.25	render parser socket
5234	lambda-gamma-249	warn	1462.29	render socket route kappa sigma
5235	sigma-socket-250	skip	2357.64	queue cache index token
5236	beta-kappa-251	skip	3696.05	stream queue
5237	alpha-zeta-252	warn	1240.74	route worker gamma
5238	delta-gamma-253	fail	283.44	socket parser lambda worker render
5239	stream-delta-254	ok	1759.71	index render
5240	theta-zeta-255	warn	6441.95	theta socket gamma queue
5241	theta-index-256	ok	5507.00	cache zeta
5242	token-kappa-257	ok	384.93	delta zeta cache
5243	stream-socket-258	skip	5708.55	sigma alpha socket beta
5244	beta-render-259	fail	4631.32	socket kappa lambda zeta
5245	stream-beta-260	ok	9990.35	queue parser kappa
5246	route-zeta-261	fail	5166.41	route alpha epsilon
5247	epsilon-queue-262	fail	9954.91	cache omega worker token index
5248	socket-queue-263	skip	3668.57	route kappa queue render zeta
5249	socket-alpha-264	skip	6774.03	index queue
5250	theta-route-265	warn	9636.32	delta alpha parser index epsilon
5251	omega-index-266	skip	9608.54	alpha parser token queue
5252	render-worker-267	skip	3676.42	index gamma sigma
5253	lambda-parser-268	skip	329.30	route sigma sigma epsilon stream
5254	queue-beta-269	skip	1649.50	index kappa beta lambda alpha
5255	zeta-cache-270	ok	242.95	gamma epsilon alpha alpha
5256	gamma-kappa-271	warn	2891.95	parser zeta
5257	index-cache-272	fail	2663.37	beta theta route index route
5258	stream-delta-273	fail	3592.98	stream beta index
5259	omega-zeta-274	fail	9000.39	lambda theta sigma epsilon socket
5260	theta-kappa-275	ok	1101.19	parser omega parser
5261	omega-zeta-276	warn	1590.91	cache cache gamma theta
5262	gamma-sigma-277	fail	9456.42	worker alpha cache
5263	render-kappa-278	warn	3303.32	gamma zeta stream theta
5264	theta-parser-279	ok	9391.06	theta queue route
5265	queue-beta-280	ok	1344.92	queue epsilon zeta socket cache
5266	render-omega-281	ok	490.77	alpha zeta omega
5267	route-route-282	ok	9064.74	gamma alpha delta gamma
5268	delta-kappa-283	fail	7931.27	kappa token theta parser
5269	route-stream-284	ok	9915.27	cache epsilon
5270	render-stream-285	skip	9059.92	zeta lambda zeta parser epsilon
5271	token-socket-286	fail	6380.86	queue route zeta socket
5272	parser-token-287	ok	6213.39	sigma delta token sigma
5273	alpha-omega-288	fail	8781.50	stream omega token cache
5274	kappa-worker-289	skip	6140.68	render stream index
5275	kappa-beta-290	warn	2950.07	socket socket alpha
5276	omega-gamma-291	ok	9336.36	stream lambda worker gamma
5277	index-render-292	warn	7352.93	queue beta omega epsilon route
5278	beta-socket-293	skip	2296.52	worker worker sigma
5279	token-beta-294	skip	9359.40	beta worker zeta beta sigma
5280	delta-gamma-295	warn	908.72	parser lambda beta
5281	delta-parser-296	warn	8856.22	socket beta omega
5282	zeta-token-297	fail	8294.60	alpha worker
5283	queue-queue-298	ok	4305.32	lambda sigma sigma
5284	lambda-sigma-299	warn	4533.84	theta epsilon token omega socket
5285	socket-index-300	skip	3843.78	stream stream queue
5286	parser-zeta-301	skip	9738.44	parser worker gamma
5287	lambda-delta-302	warn	6855.82	kappa kappa cache
5288	render-gamma-303	skip	803.08	render route socket
5289	parser-socket-304	skip	9565.15	parser theta
5290	socket-index-305	warn	1835.90	socket omega
5291	gamma-route-306	fail	6127.77	token gamma route alpha worker
5292	lambda-route-307	warn	1302.07	beta omega worker token sigma
5293	omega-beta-308	ok	1559.14	gamma cache theta
5294	sigma-cache-309	warn	9740.66	alpha omega epsilon
5295	beta-queue-310	skip	4109.16	parser route worker queue theta
5296	socket-kappa-311	fail	8284.56	cache theta sigma parser
5297	lambda-kappa-312	fail	1446.82	lambda gamma alpha omega worker
5298	zeta-worker-313	warn	8606.44	socket worker cache route
5299	token-epsilon-314	ok	5021.31	stream index alpha route
5300	theta-index-315	fail	8359.78	render theta socket token
5301	queue-delta-316	skip	9026.29	lambda beta stream kappa
5302	theta-zeta-317	ok	348.58	render sigma zeta
5303	sigma-beta-318	warn	319.73	parser gamma cache
5304	epsilon-cache-319	skip	4767.53	omega lambda epsilon
5305	sigma-theta-320	warn	5099.08	socket kappa
5306	queue-worker-321	ok	7776.58	token gamma
5307	stream-sigma-322	fail	580.40	lambda theta
5308	beta-socket-323	fail	7685.17	kappa route sigma
5309	sigma-lambda-324	ok	910.26	omega kappa delta route
5310	index-socket-325	ok	1263.89	parser queue
5311	lambda-parser-326	skip	8479.52	route queue stream omega
5312	delta-cache-327	warn	3329.87	sigma zeta
5313	parser-kappa-328	warn	6584.30	parser cache worker
5314	lambda-parser-329	warn	7696.80	beta cache delta
5315	theta-render-330	warn	9371.64	beta parser sigma parser delta
5316	lambda-theta-331	ok	2518.10	beta queue queue queue lambda
5317	render-cache-332	skip	7847.84	alpha lambda omega stream
5318	route-kappa-333	skip	2230.34	parser stream epsilon worker
5319	index-cache-334	fail	6115.61	cache lambda socket lambda
5320	lambda-socket-335	skip	5380.21	cache theta worker sigma stream
5321	beta-omega-336	warn	2825.29	lambda epsilon
5322	sigma-zeta-337	ok	7082.21	stream lambda
5323	alpha-kappa-338	fail	5016.75	socket socket epsilon index stream
5324	alpha-delta-339	fail	1033.72	alpha omega route gamma queue
5325	parser-kappa-340	warn	2166.42	beta omega token alpha sigma
5326	socket-gamma-341	ok	403.10	index beta epsilon
5327	queue-stream-342	ok	1573.55	lambda beta token stream worker
5328	sigma-token-343	warn	3981.69	index beta cache epsilon zeta
5329	gamma-kappa-344	warn	2106.84	cache render omega parser
5330	render-alpha-345	warn	6368.49	theta index
5331	epsilon-theta-346	fail	4654.45	token socket parser
5332	index-gamma-347	fail	2635.73	beta parser epsilon cache
5333	render-delta-348	skip	8197.59	worker parser gamma theta beta
5334	theta-gamma-349	skip	743.72	queue stream beta
5335	omega-sigma-350	warn	3782.71	token sigma delta cache
5336	alpha-queue-351	warn	7500.49	delta token omega cache
5337	kappa-socket-352	skip	9409.16	queue worker lambda route
5338	omega-parser-353	warn	3083.48	queue sigma
5339	alpha-stream-354	ok	1178.36	beta worker token token cache
5340	sigma-sigma-355	ok	7228.94	theta kappa lambda zeta gamma
5341	queue-lambda-356	fail	9848.43	cache epsilon cache queue
5342	stream-delta-357	ok	1228.92	beta cache
5343	kappa-theta-358	warn	2794.10	index index token cache epsilon
5344	beta-token-359	ok	9979.41	cache sigma token beta
5345	zeta-route-360	ok	4270.79	epsilon epsilon queue
5346	socket-omega-361	fail	6610.59	queue route omega omega route
5347	zeta-epsilon-362	skip	4923.20	theta stream theta kappa
5348	token-socket-363	ok	7592.48	sigma epsilon socket alpha worker
5349	gamma-index-364	ok	7869.45	route zeta lambda route
5350	socket-sigma-365	fail	9199.88	delta gamma socket
5351	route-render-366	ok	6752.56	route zeta
5352	zeta-cache-367	warn	7977.00	token sigma worker stream
5353	theta-kappa-368	skip	1762.44	parser socket lambda
5354	cache-queue-369	fail	1778.16	cache epsilon gamma queue
5355	omega-socket-370	fail	6184.86	beta alpha render stream route
5356	route-omega-371	ok	6322.43	beta index epsilon lambda
5357	queue-index-372	ok	8893.88	worker alpha socket
5358	beta-beta-373	fail	9139.78	render gamma cache alpha
5359	socket-token-374	warn	4807.00	zeta theta route
5360	lambda-queue-375	fail	285.39	gamma socket
5361	stream-lambda-376	fail	5210.34	gamma gamma
5362	omega-worker-377	warn	9538.94	delta theta gamma
5363	omega-lambda-378	warn	1812.86	delta render omega
5364	theta-lambda-379	fail	9940.47	epsilon worker kappa
5365	index-theta-380	warn	9495.20	cache theta beta
5366	route-sigma-381	warn	4127.13	route lambda
5367	gamma-delta-382	warn	978.75	alpha delta
5368	theta-zeta-383	warn	2639.52	route gamma
5369	cache-parser-384	fail	1873.27	cache cache omega route zeta
5370	socket-index-385	warn	1080.35	kappa gamma
5371	token-beta-386	ok	6990.10	index route
5372	lambda-theta-387	fail	260.72	beta render lambda
5373	parser-token-388	ok	5731.32	lambda theta zeta token
5374	sigma-cache-389	skip	9643.53	beta lambda queue alpha zeta
5375	route-sigma-390	warn	1706.56	stream lambda kappa
5376	queue-socket-391	fail	2934.84	cache queue cache route token
5377	parser-cache-392	ok	9134.60	stream stream socket beta
5378	gamma-cache-393	ok	8832.65	gamma index cache
5379	zeta-beta-394	warn	2849.13	zeta lambda worker
5380	delta-render-395	warn	5666.09	omega parser index socket alpha
5381	index-alpha-396	ok	8173.41	render delta delta stream cache
5382	socket-gamma-397	fail	3349.99	cache socket kappa
5383	delta-sigma-398	skip	7737.76	token stream epsilon
5384	route-alpha-399	skip	9818.38	socket delta sigma queue queue
5385	beta-lambda-400	skip	1870.56	sigma socket sigma beta render
5386	delta-lambda-401	warn	2792.64	route theta epsilon kappa render
5387	token-token-402	skip	2254.85	socket stream
5388	epsilon-alpha-403	ok	1560.76	gamma cache
5389	delta-stream-404	fail	9411.41	omega lambda socket
5390	beta-stream-405	skip	6014.05	lambda render worker render epsilon
5391	route-omega-406	ok	7400.82	cache stream
5392	delta-sigma-407	fail	5651.60	parser beta zeta kappa
5393	stream-kappa-408	ok	1593.61	cache epsilon cache lambda alpha
5394	worker-sigma-409	warn	4617.99	stream delta alpha
5395	omega-zeta-410	skip	2998.43	render theta delta parser
5396	theta-socket-411	warn	750.77	route alpha
5397	index-lambda-412	skip	571.28	zeta lambda gamma stream
5398	stream-token-413	ok	7356.22	omega alpha gamma index
5399	alpha-token-414	skip	1253.84	beta zeta gamma worker
5400	epsilon-token-415	warn	4284.20	gamma stream
5401	route-sigma-416	ok	5775.63	stream beta cache worker parser
5402	delta-queue-417	ok	8618.14	epsilon cache queue socket sigma
5403	lambda-index-418	skip	4021.19	delta token worker gamma stream
5404	sigma-worker-419	skip	7867.62	index delta sigma queue
5405	lambda-kappa-420	skip	4985.62	kappa alpha render beta
5406	sigma-stream-421	warn	9486.59	epsilon stream delta parser
5407	queue-worker-422	fail	4805.54	alpha kappa gamma
5408	beta-render-423	ok	5205.16	worker route theta omega lambda
5409	worker-zeta-424	skip	6480.02	lambda gamma epsilon
5410	lambda-beta-425	skip	6766.46	theta delta
5411	sigma-lambda-426	fail	7846.64	parser parser worker
5412	lambda-cache-427	warn	2130.91	queue delta theta
5413	omega-render-428	fail	9391.68	render parser
5414	theta-lambda-429	warn	1940.40	cache kappa index worker
5415	route-theta-430	skip	6662.55	sigma beta sigma worker
5416	omega-omega-431	skip	3128.02	token sigma index
5417	lambda-alpha-432	warn	2840.98	sigma queue delta epsilon index
5418	socket-delta-433	warn	4679.39	render route zeta
5419	cache-delta-434	warn	7015.16	socket worker queue
5420	beta-socket-435	warn	9447.59	epsilon gamma parser worker gamma
5421	token-kappa-436	ok	5871.92	cache epsilon kappa zeta
5422	worker-epsilon-437	ok	6233.46	stream delta
5423	delta-socket-438	warn	1826.39	index sigma lambda
5424	parser-kappa-439	ok	7218.38	delta lambda delta
5425	worker-stream-440	skip	4894.53	omega route token socket
5426	parser-lambda-441	warn	7427.14	delta alpha sigma socket kappa
5427	kappa-queue-442	ok	7824.00	kappa theta
5428	parser-gamma-443	skip	4376.10	zeta beta zeta theta
5429	route-token-444	fail	8329.71	sigma stream
5430	render-gamma-445	skip	5870.35	render token kappa lambda sigma
5431	gamma-socket-446	ok	7621.67	stream queue stream
5432	index-index-447	ok	5135.12	epsilon render sigma
5433	lambda-lambda-448	ok	7376.78	parser gamma parser delta parser
5434	omega-index-449	warn	3902.59	lambda worker
5435	route-theta-450	skip	4791.37	sigma render zeta render
5436	lambda-stream-451	fail	3718.46	alpha socket
5437	worker-route-452	skip	6737.92	epsilon render socket beta epsilon
5438	token-socket-453	ok	2900.46	epsilon parser theta worker
5439	theta-gamma-454	ok	3613.24	gamma queue worker gamma omega
5440	epsilon-theta-455	fail	9076.21	stream gamma
5441	epsilon-render-456	skip	2864.57	omega socket
5442	theta-delta-457	fail	5509.08	parser cache cache
5443	cache-cache-458	warn	5439.26	cache beta
5444	parser-alpha-459	skip	9446.37	token parser alpha
5445	gamma-route-460	ok	2257.91	token beta delta queue epsilon
5446	kappa-theta-461	warn	6488.12	socket stream beta
5447	route-socket-462	fail	6883.15	delta parser
5448	gamma-alpha-463	warn	8105.61	beta beta theta
5449	cache-parser-464	skip	2048.56	beta worker index
5450	queue-kappa-465	skip	9187.30	token gamma stream kappa
5451	worker-omega-466	skip	3068.00	beta alpha
5452	stream-lambda-467	fail	1972.74	token zeta sigma
5453	socket-sigma-468	skip	1226.13	beta index kappa sigma index
5454	omega-render-469	fail	2227.01	gamma lambda stream parser lambda
5455	sigma-zeta-470	warn	8463.49	theta kappa render cache
5456	render-epsilon-471	ok	4863.72	worker parser
5457	beta-zeta-472	fail	8143.46	socket epsilon
5458	token-lambda-473	skip	5564.41	parser sigma delta token parser
5459	route-gamma-474	ok	2866.30	index epsilon
5460	delta-beta-475	ok	5035.88	parser beta route gamma gamma
5461	epsilon-epsilon-476	ok	4289.85	parser queue delta
5462	alpha-queue-477	warn	8781.86	token beta omega token
5463	worker-route-478	ok	4496.98	stream index render
5464	index-parser-479	ok	3533.04	worker route worker omega
5465	render-index-480	skip	7983.91	theta beta sigma beta
5466	cache-omega-481	skip	5676.14	alpha sigma
5467	socket-parser-482	ok	4366.07	zeta queue omega route
5468	epsilon-sigma-483	skip	8423.81	zeta alpha index
5469	cache-zeta-484	ok	116.42	alpha lambda
5470	socket-render-485	ok	2110.57	cache stream alpha stream cache
5471	route-alpha-486	skip	2995.67	epsilon queue socket delta
5472	gamma-sigma-487	skip	3279.44	socket kappa omega token queue
5473	gamma-beta-488	skip	3625.36	token token gamma epsilon epsilon
5474	zeta-socket-489	fail	9362.64	theta worker alpha lambda
5475	worker-kappa-490	fail	2720.00	sigma alpha omega render
5476	index-cache-491	ok	4139.81	zeta worker
5477	epsilon-beta-492	ok	3530.58	socket kappa
5478	epsilon-cache-493	fail	6950.02	parser sigma lambda
5479	parser-omega-494	fail	4856.10	gamma epsilon queue alpha
5480	route-queue-495	warn	2298.67	route epsilon
5481	stream-beta-496	ok	2034.17	parser index delta route
5482	delta-token-497	skip	1741.65	index cache stream token route
5483	token-index-498	warn	287.97	omega gamma parser omega kappa
5484	route-theta-499	fail	4554.59	index token route theta
5485	lambda-cache-500	warn	6463.83	epsilon gamma epsilon
5486	epsilon-alpha-501	ok	4862.30	epsilon index route theta
5487	queue-beta-502	ok	2888.78	index cache cache
5488	zeta-parser-503	skip	3539.12	epsilon epsilon
5489	stream-gamma-504	warn	7826.54	kappa worker kappa lambda
5490	beta-stream-505	skip	2024.33	delta sigma
5491	delta-queue-506	fail	6315.45	route alpha
5492	index-delta-507	skip	9047.55	lambda omega omega queue token
5493	render-kappa-508	warn	51.81	socket epsilon beta
5494	index-index-509	warn	2184.04	worker kappa
5495	render-omega-510	warn	6083.64	stream kappa delta worker gamma
5496	omega-beta-511	fail	6100.52	index delta stream
5497	kappa-omega-512	skip	3664.93	lambda index delta kappa
5498	queue-index-513	skip	1066.16	route theta
5499	stream-lambda-514	warn	7808.44	render queue delta delta gamma
5500	index-beta-515	ok	6318.57	epsilon gamma gamma
5501	parser-omega-516	skip	3361.38	route cache omega socket kappa
5502	epsilon-gamma-517	skip	6457.55	gamma cache
5503	sigma-alpha-518	skip	2111.08	omega alpha render
5504	kappa-worker-519	warn	6413.11	lambda worker alpha render stream
5505	route-route-520	ok	1796.20	token delta
5506	queue-theta-521	warn	1419.86	alpha omega queue lambda omega
5507	lambda-parser-522	ok	1207.14	worker beta theta queue delta
5508	theta-stream-523	skip	2667.57	theta worker token
5509	alpha-index-524	ok	2123.46	stream parser omega zeta
5510	epsilon-alpha-525	warn	3850.51	omega route alpha
5511	queue-queue-526	skip	3068.08	worker kappa route
5512	omega-kappa-527	warn	8005.75	zeta theta
5513	lambda-token-528	fail	11.29	kappa cache
5514	route-omega-529	skip	6019.32	queue zeta theta cache
5515	socket-route-530	skip	8190.22	zeta epsilon theta cache
5516	epsilon-parser-531	skip	6231.50	socket sigma kappa
5517	alpha-theta-532	ok	7835.45	cache route
5518	gamma-cache-533	skip	248.44	cache stream
5519	index-parser-534	fail	4298.01	lambda beta stream token epsilon
5520	alpha-render-535	warn	2882.80	kappa sigma
5521	delta-sigma-536	warn	1227.33	socket theta alpha
5522	index-zeta-537	ok	1038.26	parser stream beta delta worker
5523	omega-stream-538	ok	9293.98	stream theta
5524	kappa-alpha-539	ok	1407.85	parser token omega theta
5525	route-socket-540	skip	4103.39	alpha worker index alpha lambda
5526	epsilon-alpha-541	skip	3748.62	socket zeta token queue
5527	route-stream-542	ok	5534.10	parser parser sigma theta
5528	index-gamma-543	fail	3326.96	token lambda token lambda render
5529	route-sigma-544	ok	9310.76	stream epsilon socket
5530	omega-stream-545	fail	1477.36	delta queue gamma theta alpha
5531	parser-delta-546	warn	5185.96	gamma parser zeta sigma
5532	token-lambda-547	warn	2379.89	theta queue
5533	kappa-alpha-548	fail	2990.35	token epsilon index kappa
5534	alpha-epsilon-549	warn	9972.79	alpha sigma epsilon cache render
5535	gamma-cache-550	skip	8541.52	beta sigma epsilon worker
5536	zeta-worker-551	skip	7069.79	epsilon lambda cache
5537	beta-omega-552	skip	9357.81	omega cache
5538	cache-cache-553	skip	5120.30	route lambda
5539	sigma-gamma-554	fail	164.20	alpha queue parser omega
5540	alpha-socket-555	skip	1030.12	alpha parser theta
5541	stream-token-556	skip	6609.26	cache stream zeta
5542	worker-worker-557	skip	5917.84	sigma index sigma
5543	render-sigma-558	skip	7473.75	parser zeta parser theta
5544	cache-delta-559	ok	9428.83	gamma omega
5545	route-socket-560	warn	5578.79	sigma render parser
5546	theta-kappa-561	warn	4160.71	parser kappa queue omega route
5547	stream-delta-562	ok	7900.98	sigma theta queue
5548	alpha-zeta-563	warn	8802.86	alpha route worker stream beta
5549	gamma-zeta-564	ok	224.32	epsilon gamma delta
5550	kappa-lambda-565	ok	238.39	lambda socket queue
5551	parser-parser-566	warn	8738.76	delta token kappa theta
5552	stream-lambda-567	fail	3892.27	alpha cache worker render
5553	kappa-render-568	fail	6200.91	stream worker
5554	stream-route-569	warn	9317.55	alpha queue token beta
5555	queue-queue-570	skip	2571.47	socket render epsilon
5556	render-render-571	fail	5501.70	stream token stream route
5557	kappa-render-572	warn	7328.91	kappa stream stream socket
5558	gamma-theta-573	ok	8114.57	socket render route index kappa
5559	delta-queue-574	fail	5175.71	alpha alpha
5560	kappa-queue-575	fail	1389.10	queue cache alpha
5561	omega-socket-576	warn	7368.36	lambda stream stream omega omega
5562	token-omega-577	warn	3796.52	parser route render epsilon zeta
5563	gamma-stream-578	fail	2207.66	queue stream token
5564	kappa-stream-579	fail	2616.26	cache token
5565	delta-index-580	ok	6679.68	stream render lambda
5566	sigma-zeta-581	skip	9417.48	delta theta alpha parser
5567	route-omega-582	ok	4765.87	zeta token
5568	token-stream-583	warn	4915.10	token beta gamma parser socket
5569	omega-theta-584	ok	7188.51	parser parser gamma delta socket
5570	index-index-585	fail	265.17	token omega route index alpha
5571	index-zeta-586	ok	111.07	theta delta route
5572	parser-theta-587	warn	4244.95	render gamma render sigma sigma
5573	queue-sigma-588	warn	1649.85	gamma render stream index zeta
5574	socket-stream-589	skip	7863.18	queue zeta socket render
5575	omega-lambda-590	skip	1980.93	worker zeta token render
5576	theta-sigma-591	warn	1601.78	render socket index kappa
5577	token-theta-592	fail	688.70	kappa index parser zeta cache
5578	socket-gamma-593	fail	184.26	beta render index index cache
5579	token-stream-594	warn	2859.61	omega socket beta stream beta
5580	theta-gamma-595	warn	6686.58	render index
5581	zeta-alpha-596	fail	8796.51	render token
5582	parser-worker-597	skip	7668.14	omega omega alpha index
5583	zeta-queue-598	fail	5290.09	delta gamma kappa token gamma
5584	kappa-alpha-599	ok	172.89	zeta epsilon
5585	route-render-600	skip	3215.73	render zeta token
5586	sigma-lambda-601	skip	5528.80	delta alpha socket queue delta
5587	cache-parser-602	ok	2729.38	stream index theta queue worker
5588	index-gamma-603	fail	1138.09	theta beta theta
5589	parser-alpha-604	fail	3064.44	zeta gamma
5590	theta-render-605	fail	9251.88	omega route
5591	beta-beta-606	ok	2426.78	token lambda kappa gamma delta
5592	omega-epsilon-607	warn	7388.07	kappa queue
5593	socket-cache-608	fail	6111.63	worker theta route
5594	omega-beta-609	skip	7579.11	worker zeta socket
5595	delta-route-610	skip	1206.47	kappa omega
5596	route-parser-611	warn	4803.48	queue theta stream
5597	token-gamma-612	warn	5969.22	sigma stream token theta
5598	epsilon-cache-613	fail	2795.26	socket index socket alpha
5599	socket-gamma-614	skip	7424.85	stream queue beta stream delta
5600	alpha-parser-615	fail	5908.27	epsilon kappa socket route
5601	token-kappa-616	fail	8791.44	queue sigma delta kappa
5602	alpha-index-617	skip	7481.02	index cache gamma kappa beta
5603	lambda-socket-618	skip	2074.64	index socket stream
5604	kappa-parser-619	warn	5115.21	render cache alpha alpha token
5605	alpha-queue-620	fail	1072.06	render lambda epsilon index delta
5606	cache-theta-621	skip	1018.68	gamma zeta sigma token
5607	worker-stream-622	warn	3824.47	alpha beta
5608	omega-route-623	warn	7692.20	cache sigma cache
5609	epsilon-kappa-624	ok	7702.70	sigma omega kappa
5610	beta-route-625	fail	4433.95	beta omega epsilon parser
5611	worker-route-626	warn	1778.42	index zeta zeta
5612	route-parser-627	fail	5810.12	lambda index
5613	render-kappa-628	ok	4507.76	render render queue
5614	route-alpha-629	skip	285.15	stream cache render token zeta
5615	epsilon-queue-630	warn	5655.03	sigma parser queue
5616	index-epsilon-631	skip	5984.92	alpha lambda
5617	index-lambda-632	skip	5169.82	alpha render
5618	socket-stream-633	warn	4511.95	alpha stream theta epsilon
5619	alpha-sigma-634	fail	6555.23	parser index zeta zeta
5620	gamma-kappa-635	fail	7080.25	theta stream
5621	render-stream-636	fail	4514.32	route socket kappa parser
5622	index-kappa-637	skip	1817.52	lambda delta worker parser epsilon
5623	parser-beta-638	skip	6764.47	socket socket socket
5624	parser-kappa-639	fail	3045.48	worker cache
5625	render-sigma-640	fail	7344.46	theta alpha beta
5626	worker-sigma-641	warn	3657.28	delta lambda socket sigma
5627	zeta-omega-642	warn	3780.67	token delta epsilon alpha
5628	theta-gamma-643	ok	3286.31	zeta alpha theta kappa
5629	alpha-beta-644	fail	8737.80	theta gamma
5630	render-render-645	warn	7762.50	sigma queue worker alpha
5631	omega-token-646	skip	154.16	index queue
5632	epsilon-theta-647	skip	7205.06	worker index
5633	route-queue-648	fail	7739.10	route kappa theta socket
5634	cache-cache-649	fail	1556.76	cache cache
5635	queue-theta-650	warn	9542.99	parser cache render theta parser
5636	omega-render-651	warn	3083.24	render worker sigma render
5637	token-index-652	warn	3919.91	delta zeta sigma delta route
5638	index-cache-653	warn	151.91	kappa render epsilon index zeta
5639	lambda-cache-654	fail	1981.21	stream parser queue
5640	parser-lambda-655	ok	9223.35	lambda lambda gamma
5641	cache-gamma-656	skip	3961.94	queue parser socket
5642	route-queue-657	skip	6094.64	zeta socket kappa
5643	theta-theta-658	warn	4611.62	kappa lambda lambda queue worker
5644	beta-index-659	warn	4477.98	token index zeta lambda route
5645	epsilon-beta-660	ok	5120.00	parser alpha
5646	zeta-zeta-661	fail	8601.62	epsilon route
5647	cache-route-662	skip	1534.37	epsilon epsilon
5648	theta-delta-663	ok	5226.13	parser cache epsilon omega
5649	stream-worker-664	skip	4338.58	cache omega beta
5650	render-token-665	skip	1170.85	stream omega omega
5651	sigma-sigma-666	skip	2714.27	stream stream beta
5652	parser-queue-667	ok	9395.31	sigma omega stream lambda
5653	gamma-epsilon-668	fail	1820.65	parser zeta gamma parser
5654	cache-delta-669	skip	4261.38	parser index worker
5655	sigma-cache-670	fail	1815.23	token route
5656	queue-worker-671	fail	8317.56	alpha gamma
5657	zeta-zeta-672	skip	3899.09	lambda gamma beta
5658	queue-sigma-673	fail	5975.01	index route zeta theta
5659	socket-theta-674	ok	4758.19	worker lambda theta
5660	route-socket-675	skip	7386.50	beta sigma
5661	render-beta-676	warn	4788.52	render theta queue
5662	socket-theta-677	fail	9026.53	token delta stream cache
5663	delta-epsilon-678	warn	7630.68	omega stream token
5664	gamma-sigma-679	fail	7640.90	kappa kappa theta omega theta
5665	stream-alpha-680	skip	5357.13	worker parser kappa
5666	index-worker-681	warn	8256.16	queue kappa epsilon
5667	delta-sigma-682	fail	6486.93	lambda beta lambda delta gamma
5668	alpha-token-683	skip	9028.87	cache epsilon
5669	stream-index-684	fail	1887.71	zeta worker delta sigma epsilon
5670	route-route-685	warn	3686.96	zeta delta parser lambda gamma
5671	index-cache-686	fail	3931.71	index beta socket worker
5672	queue-token-687	fail	2395.24	lambda queue epsilon
5673	lambda-theta-688	fail	2922.32	beta render lambda gamma
5674	gamma-stream-689	fail	5004.19	omega kappa lambda delta
5675	route-queue-690	fail	30.08	alpha index
5676	token-sigma-691	warn	5932.85	lambda queue alpha
5677	cache-theta-692	fail	3206.72	sigma index index cache
5678	route-zeta-693	ok	6156.37	render gamma parser
5679	socket-sigma-694	ok	3876.96	index lambda stream
5680	epsilon-render-695	fail	6958.59	omega omega cache socket
5681	delta-lambda-696	fail	7274.76	gamma cache cache token
5682	delta-render-697	skip	1442.85	theta zeta worker omega
5683	gamma-omega-698	ok	2492.90	alpha theta worker
5684	queue-index-699	skip	9542.33	parser token
5685	socket-epsilon-700	warn	5562.62	kappa omega gamma queue cache
5686	gamma-delta-701	warn	139.82	epsilon token
5687	zeta-parser-702	warn	4865.38	lambda socket socket worker zeta
5688	parser-cache-703	warn	3272.23	queue kappa
5689	epsilon-alpha-704	skip	4757.92	alpha alpha kappa
5690	socket-index-705	warn	1331.20	parser theta zeta epsilon socket
5691	index-stream-706	warn	2691.52	socket epsilon sigma kappa lambda
5692	lambda-epsilon-707	skip	3566.14	sigma sigma route
5693	theta-socket-708	fail	6629.39	omega theta epsilon theta
5694	token-gamma-709	warn	4885.62	omega omega parser queue
5695	stream-lambda-710	warn	1096.56	gamma lambda gamma alpha stream
5696	gamma-delta-711	ok	7810.35	cache token
5697	beta-lambda-712	ok	8325.36	cache beta
5698	delta-index-713	warn	4150.62	parser zeta queue
5699	socket-stream-714	ok	3939.29	worker stream alpha index route
5700	beta-kappa-715	ok	6419.93	stream omega kappa delta
5701	cache-gamma-716	fail	1934.16	sigma kappa
5702	route-theta-717	warn	6641.51	index alpha queue epsilon
5703	beta-queue-718	skip	3807.90	queue kappa gamma
5704	socket-index-719	warn	6219.59	queue socket zeta gamma lambda
5705	route-worker-720	skip	6859.93	stream kappa alpha route render
5706	stream-worker-721	ok	2550.59	alpha zeta lambda epsilon socket
5707	epsilon-kappa-722	ok	9123.08	omega theta index worker render
5708	route-gamma-723	skip	2030.44	kappa delta kappa
5709	omega-lambda-724	warn	2699.94	worker gamma delta socket
5710	gamma-worker-725	ok	7939.24	zeta sigma queue
5711	delta-lambda-726	warn	719.98	socket render omega parser socket
5712	beta-socket-727	skip	1635.80	worker cache delta stream parser
5713	route-sigma-728	warn	6003.89	stream stream
5714	route-token-729	skip	9975.12	queue delta alpha
5715	zeta-zeta-730	ok	6920.92	theta beta
5716	epsilon-zeta-731	ok	124.90	queue alpha omega
5717	omega-index-732	ok	977.17	route worker delta token
5718	parser-worker-733	ok	6527.13	token kappa render index
5719	route-kappa-734	skip	3418.60	kappa kappa cache token zeta
5720	sigma-parser-735	warn	5018.28	stream token
5721	queue-lambda-736	warn	6839.13	sigma gamma token
5722	sigma-delta-737	warn	7763.04	parser stream kappa kappa cache
5723	zeta-socket-738	ok	1318.73	stream route delta
5724	omega-parser-739	ok	8042.53	index parser delta stream
5725	gamma-worker-740	ok	1500.85	alpha gamma kappa zeta lambda
5726	queue-route-741	ok	141.09	delta render
5727	delta-worker-742	ok	3590.99	omega worker omega index socket
5728	kappa-epsilon-743	ok	8443.41	token beta theta cache
5729	render-beta-744	ok	1023.82	gamma render stream worker
5730	omega-stream-745	ok	9638.64	omega socket
5731	delta-cache-746	fail	2358.66	omega kappa index epsilon token
5732	theta-kappa-747	fail	4590.13	stream alpha queue theta
5733	lambda-worker-748	warn	5693.09	zeta route beta route delta
5734	socket-gamma-749	skip	8353.05	alpha render
5735	delta-worker-750	warn	3598.55	parser render
5736	worker-epsilon-751	skip	4088.65	index zeta parser queue epsilon
5737	parser-sigma-752	ok	9569.68	epsilon stream stream theta parser
5738	delta-zeta-753	warn	7999.88	worker socket gamma queue theta
5739	omega-render-754	skip	5407.68	socket cache cache parser
5740	epsilon-render-755	warn	558.34	beta sigma
5741	index-worker-756	ok	3581.77	index cache theta queue beta
5742	stream-sigma-757	ok	1281.95	lambda delta zeta zeta
5743	alpha-delta-758	skip	4744.38	lambda parser omega theta
5744	queue-epsilon-759	fail	7457.17	parser alpha token render
5745	delta-beta-760	ok	7339.13	render route worker parser
5746	index-omega-761	ok	7389.55	delta index alpha
5747	theta-delta-762	skip	4251.75	worker parser render
5748	socket-kappa-763	warn	6954.54	omega zeta socket render cache
5749	delta-kappa-764	skip	375.80	cache beta sigma beta
5750	beta-alpha-765	fail	5453.48	epsilon beta zeta route
5751	worker-epsilon-766	warn	6056.91	omega worker beta route stream
5752	kappa-parser-767	fail	9722.82	socket epsilon
5753	cache-render-768	fail	1083.52	beta token index kappa alpha
5754	gamma-route-769	fail	5873.92	render delta kappa kappa
5755	socket-cache-770	fail	9659.68	token gamma alpha
5756	queue-delta-771	skip	6384.15	queue parser kappa index parser
5757	delta-delta-772	fail	2744.54	kappa socket epsilon worker token
5758	alpha-beta-773	ok	1521.61	sigma token zeta
5759	omega-stream-774	skip	9676.71	render lambda socket
5760	delta-alpha-775	fail	4217.77	index token epsilon
5761	zeta-zeta-776	skip	2795.98	gamma sigma theta queue cache
5762	sigma-render-777	ok	3032.76	sigma stream
5763	queue-parser-778	ok	6017.93	render parser kappa kappa token
5764	cache-theta-779	ok	9075.21	kappa alpha sigma delta zeta
5765	sigma-kappa-780	ok	7773.77	omega omega parser gamma
5766	worker-theta-781	warn	4464.07	zeta stream
5767	epsilon-omega-782	warn	2284.81	epsilon theta
5768	beta-lambda-783	ok	7391.41	socket stream cache token
5769	parser-delta-784	fail	6660.76	omega alpha kappa
5770	theta-delta-785	fail	7660.67	worker cache
5771	delta-zeta-786	ok	5435.42	token zeta zeta epsilon
5772	epsilon-theta-787	warn	2832.20	beta omega render token
5773	lambda-socket-788	fail	5833.01	worker theta delta cache gamma
5774	worker-index-789	warn	2502.45	beta alpha
5775	index-delta-790	fail	5798.20	kappa zeta
5776	token-worker-791	skip	9898.22	kappa sigma
5777	lambda-socket-792	fail	331.69	index alpha omega lambda
5778	omega-stream-793	skip	406.30	token cache
5779	sigma-queue-794	ok	6048.57	theta worker socket sigma
5780	zeta-token-795	ok	6521.67	route index gamma omega
5781	worker-beta-796	warn	3969.63	render gamma
5782	epsilon-gamma-797	skip	4080.32	socket gamma stream queue theta
5783	beta-beta-798	ok	9472.49	kappa queue alpha beta
5784	beta-token-799	ok	4490.75	stream token
5785	stream-worker-800	warn	9883.92	index lambda render
5786	cache-socket-801	ok	5546.59	lambda lambda alpha worker zeta
5787	beta-cache-802	skip	5169.10	alpha lambda route
5788	alpha-epsilon-803	warn	960.12	route kappa
5789	token-beta-804	warn	7869.37	kappa lambda
5790	queue-sigma-805	ok	751.16	sigma index
5791	omega-index-806	skip	5073.49	lambda sigma queue
5792	kappa-delta-807	fail	3779.29	worker queue render sigma worker
5793	kappa-kappa-808	skip	1969.47	stream index
5794	index-cache-809	warn	4584.20	render socket theta
5795	zeta-lambda-810	skip	8311.43	omega sigma
5796	delta-parser-811	ok	730.63	token delta route epsilon delta
5797	epsilon-beta-812	skip	4419.95	zeta kappa beta
5798	kappa-render-813	warn	3820.91	cache alpha theta
5799	index-omega-814	skip	7184.57	worker render
5800	theta-parser-815	warn	1915.40	stream render
5801	index-parser-816	skip	1325.67	stream beta kappa lambda
5802	index-gamma-817	fail	2912.57	queue beta
5803	token-route-818	ok	2405.72	kappa gamma index token cache
5804	kappa-sigma-819	warn	7674.63	kappa render theta
5805	socket-beta-820	warn	5234.71	theta gamma index
5806	parser-index-821	ok	1121.75	theta index render
5807	zeta-delta-822	fail	1398.51	lambda sigma token socket
5808	queue-beta-823	skip	474.26	alpha omega worker zeta cache
5809	render-epsilon-824	fail	7595.91	theta gamma token queue
5810	worker-sigma-825	warn	8422.41	render cache queue socket sigma
5811	beta-alpha-826	skip	6480.13	gamma epsilon omega
5812	alpha-lambda-827	fail	9932.20	alpha socket lambda token
5813	sigma-render-828	fail	6159.64	index token parser sigma
5814	stream-beta-829	warn	4428.24	omega alpha beta
5815	gamma-alpha-830	warn	2447.75	alpha route omega cache
5816	token-route-831	warn	5049.72	sigma lambda
5817	alpha-socket-832	skip	4563.10	worker sigma worker
5818	render-omega-833	warn	5846.46	epsilon delta
5819	route-cache-834	ok	108.96	kappa delta beta gamma
5820	epsilon-route-835	ok	3637.28	beta lambda
5821	zeta-sigma-836	warn	7114.97	lambda epsilon worker
5822	omega-cache-837	ok	7089.08	epsilon worker
5823	zeta-theta-838	skip	8584.33	cache epsilon cache
5824	gamma-beta-839	warn	2844.74	theta kappa
5825	route-route-840	fail	2290.44	queue omega gamma index theta
5826	socket-token-841	fail	9344.36	zeta alpha
5827	beta-gamma-842	warn	8291.19	socket alpha
5828	socket-delta-843	warn	4700.99	alpha socket sigma route
5829	beta-alpha-844	ok	5096.27	token epsilon socket
5830	token-render-845	skip	4252.27	parser token socket
5831	epsilon-beta-846	fail	5772.73	cache stream parser route
5832	zeta-lambda-847	warn	9884.35	kappa route
5833	alpha-route-848	fail	4999.75	alpha index epsilon omega parser
5834	cache-socket-849	skip	520.22	token parser zeta kappa zeta
5835	worker-alpha-850	ok	3867.30	delta gamma token
5836	sigma-kappa-851	fail	6769.39	alpha socket
5837	epsilon-cache-852	ok	7596.65	socket route
5838	zeta-queue-853	ok	7127.36	zeta socket route render queue
5839	epsilon-worker-854	ok	3611.00	lambda omega kappa token
5840	epsilon-socket-855	skip	2709.97	worker epsilon kappa zeta worker
5841	gamma-alpha-856	skip	2314.94	lambda index render omega
5842	epsilon-socket-857	skip	3891.28	token stream
5843	worker-stream-858	warn	7701.52	delta render lambda route
5844	beta-epsilon-859	warn	8762.88	token cache delta cache token
5845	route-delta-860	skip	9774.67	cache index index socket worker
5846	route-index-861	fail	3112.14	token epsilon
5847	beta-stream-862	skip	3266.11	kappa theta parser parser socket
5848	sigma-parser-863	warn	3318.04	render kappa gamma cache
5849	token-lambda-864	warn	8828.52	cache beta route
5850	epsilon-beta-865	skip	7246.71	epsilon queue cache index
5851	queue-epsilon-866	fail	1685.62	render sigma route render stream
5852	queue-socket-867	ok	3399.04	alpha gamma token beta sigma
5853	route-token-868	ok	501.62	beta worker token index kappa
5854	parser-route-869	skip	7456.67	stream theta lambda
5855	delta-alpha-870	warn	4732.66	zeta kappa omega
5856	stream-cache-871	skip	9453.87	token alpha
5857	theta-stream-872	ok	7980.96	cache stream sigma alpha
5858	index-lambda-873	skip	8404.39	gamma stream worker epsilon stream
5859	delta-stream-874	skip	200.79	parser zeta
5860	parser-zeta-875	ok	7382.62	lambda route
5861	zeta-omega-876	warn	9502.60	lambda delta index zeta
5862	token-gamma-877	skip	1146.41	route theta queue epsilon
5863	zeta-cache-878	skip	5235.94	sigma worker omega socket
5864	cache-stream-879	warn	2603.80	sigma worker lambda queue beta
5865	render-gamma-880	warn	6793.36	cache delta lambda kappa
5866	queue-alpha-881	skip	1943.31	zeta beta queue index
5867	parser-socket-882	ok	636.67	epsilon delta delta token
5868	theta-worker-883	warn	4831.40	queue queue render cache
5869	render-sigma-884	ok	5427.29	theta delta index worker stream
5870	alpha-parser-885	skip	5128.46	sigma index
5871	stream-route-886	skip	511.67	worker alpha cache theta
5872	delta-delta-887	warn	9539.00	token stream cache
5873	zeta-omega-888	fail	7108.01	epsilon alpha gamma gamma
5874	socket-zeta-889	warn	6265.60	route epsilon beta queue
5875	delta-socket-890	ok	6315.86	sigma token
5876	socket-lambda-891	ok	4865.62	stream gamma
5877	stream-stream-892	fail	533.85	sigma stream
5878	worker-delta-893	warn	4271.33	omega sigma alpha gamma kappa
5879	queue-route-894	skip	9923.51	cache gamma socket
5880	alpha-token-895	warn	994.77	epsilon token
5881	index-token-896	fail	9115.01	alpha parser beta worker stream
5882	kappa-route-897	fail	5826.08	stream index gamma zeta
5883	zeta-queue-898	skip	4841.64	stream queue
5884	worker-index-899	fail	5214.68	parser sigma queue sigma
5885	delta-zeta-900	warn	9819.20	alpha sigma
5886	index-zeta-901	fail	1349.39	epsilon zeta token theta zeta
5887	lambda-lambda-902	warn	409.93	worker socket cache
5888	stream-gamma-903	ok	719.26	beta gamma sigma
5889	render-lambda-904	warn	2923.19	beta beta worker omega
5890	theta-alpha-905	ok	6109.35	queue alpha token stream alpha
5891	beta-socket-906	warn	6404.14	index parser token epsilon
5892	zeta-route-907	fail	5371.12	lambda kappa index parser
5893	zeta-render-908	fail	6280.14	index zeta worker
5894	route-lambda-909	fail	9936.00	stream omega
5895	beta-parser-910	ok	3792.12	render render
5896	omega-index-911	ok	1566.55	kappa epsilon worker delta beta
5897	kappa-omega-912	skip	9171.13	cache token
5898	parser-worker-913	skip	2458.06	delta stream
5899	sigma-stream-914	warn	9075.11	zeta kappa kappa kappa socket
5900	queue-parser-915	ok	7052.48	epsilon token epsilon
5901	lambda-delta-916	ok	9198.96	lambda stream
5902	stream-gamma-917	warn	487.34	worker parser
5903	parser-route-918	fail	4385.45	delta zeta theta
5904	omega-route-919	skip	4158.95	lambda lambda socket render
5905	delta-cache-920	fail	8927.43	kappa render stream
5906	route-kappa-921	ok	4032.03	route alpha theta omega omega
5907	sigma-theta-922	fail	3345.46	epsilon delta
5908	theta-sigma-923	ok	6157.06	cache beta theta
5909	theta-cache-924	skip	2759.65	omega beta beta
5910	stream-lambda-925	fail	9062.83	zeta queue cache parser
5911	theta-render-926	ok	6458.58	alpha omega worker
5912	socket-zeta-927	fail	3729.57	alpha token stream
5913	alpha-socket-928	warn	663.55	beta queue alpha queue
5914	worker-zeta-929	ok	7473.97	route queue index stream queue
5915	kappa-lambda-930	skip	6876.56	beta worker
5916	socket-omega-931	warn	4752.69	theta parser alpha
5917	delta-omega-932	warn	2177.57	zeta socket
5918	socket-worker-933	skip	5541.93	render epsilon gamma
5919	gamma-lambda-934	skip	8747.76	parser socket cache queue cache
5920	parser-render-935	warn	3396.11	socket worker
5921	sigma-lambda-936	ok	7644.13	queue render render epsilon
5922	sigma-token-937	warn	1957.81	queue worker
5923	kappa-lambda-938	ok	2933.98	omega zeta
5924	socket-stream-939	ok	8676.13	socket beta beta theta
5925	alpha-delta-940	warn	9754.44	sigma theta cache lambda
5926	gamma-theta-941	skip	6285.05	zeta token
5927	gamma-zeta-942	fail	7677.45	render gamma queue stream
5928	cache-theta-943	fail	4567.09	beta render lambda token
5929	stream-parser-944	warn	3886.56	epsilon alpha token lambda
5930	sigma-lambda-945	ok	6825.27	theta parser
5931	gamma-alpha-946	skip	2561.80	epsilon epsilon
5932	sigma-lambda-947	warn	1027.43	cache stream socket alpha
5933	omega-stream-948	warn	3445.31	omega route
5934	worker-zeta-949	skip	7869.42	delta sigma beta
5935	cache-sigma-950	fail	542.80	token kappa socket epsilon
5936	epsilon-sigma-951	ok	5884.04	beta token route
5937	queue-worker-952	ok	6009.19	lambda route
5938	omega-route-953	fail	2335.74	sigma kappa worker socket alpha
5939	cache-delta-954	skip	8096.57	theta index render
5940	queue-socket-955	fail	1371.26	beta route
5941	zeta-alpha-956	skip	9890.05	worker alpha route cache theta
5942	render-sigma-957	fail	2056.00	render delta token stream
5943	zeta-worker-958	fail	3383.70	token parser beta queue
5944	route-token-959	skip	2695.69	worker token delta
5945	gamma-socket-960	skip	7761.55	sigma queue theta queue
5946	zeta-zeta-961	fail	6055.32	socket cache
5947	render-sigma-962	fail	7498.45	theta route token stream
5948	queue-lambda-963	skip	8796.67	alpha parser worker token
5949	alpha-route-964	skip	6822.64	omega queue cache delta
5950	theta-lambda-965	fail	3334.66	cache lambda queue delta route
5951	lambda-beta-966	fail	699.48	gamma worker token stream worker
5952	stream-socket-967	ok	6202.96	lambda lambda cache queue socket
5953	worker-epsilon-968	fail	602.92	kappa beta kappa
5954	omega-cache-969	warn	3825.17	cache kappa worker stream
5955	lambda-socket-970	fail	6212.73	alpha epsilon index
5956	stream-kappa-971	warn	5035.53	stream cache epsilon token theta
5957	socket-index-972	warn	2648.84	parser token lambda socket
5958	worker-render-973	warn	9663.89	index kappa
5959	omega-parser-974	skip	1874.02	worker theta
5960	alpha-delta-975	ok	4353.11	socket zeta
5961	parser-omega-976	warn	4241.67	lambda alpha
5962	gamma-cache-977	fail	4936.02	sigma route gamma
5963	delta-theta-978	skip	4173.30	kappa beta
5964	render-render-979	ok	9053.54	theta epsilon queue worker kappa
5965	route-queue-980	warn	5933.90	render token
5966	kappa-parser-981	ok	2966.80	worker render socket
5967	index-omega-982	warn	7702.96	stream alpha omega render kappa
5968	socket-zeta-983	fail	6891.11	gamma parser route zeta lambda
5969	socket-omega-984	skip	2951.21	token index theta
5970	delta-index-985	fail	4549.86	delta queue epsilon zeta gamma
5971	epsilon-cache-986	ok	8825.42	omega beta omega gamma sigma
5972	render-token-987	ok	4787.76	stream token socket delta
5973	route-index-988	skip	5123.65	render lambda omega parser
5974	render-zeta-989	skip	8094.17	epsilon delta
5975	gamma-socket-990	warn	7131.28	queue parser
5976	delta-gamma-991	skip	1068.80	kappa delta
5977	sigma-theta-992	fail	2151.71	cache route
5978	token-stream-993	fail	8356.86	delta zeta
5979	parser-sigma-994	fail	938.89	gamma gamma lambda
5980	stream-render-995	ok	7749.84	cache socket
5981	gamma-omega-996	warn	6285.64	parser index index render zeta
5982	worker-sigma-0	skip	3211.32	gamma token sigma lambda alpha
5983	socket-kappa-1	warn	6656.25	queue alpha
5984	alpha-sigma-2	ok	5510.41	alpha queue sigma gamma
5985	stream-queue-3	ok	5031.12	lambda token
5986	socket-gamma-4	skip	1532.66	lambda beta kappa
5987	beta-alpha-5	warn	2832.02	cache beta
5988	parser-cache-6	skip	2782.22	render cache omega
5989	theta-index-7	fail	4092.27	theta epsilon
5990	epsilon-epsilon-8	fail	7515.91	kappa zeta alpha
5991	lambda-zeta-9	warn	5512.13	cache index epsilon
5992	beta-route-10	fail	8549.88	omega omega route
5993	theta-worker-11	warn	4885.17	kappa delta beta
5994	delta-render-12	fail	7035.60	alpha alpha theta omega omega
5995	queue-omega-13	fail	7393.43	token alpha
5996	render-alpha-14	warn	3436.44	beta omega kappa gamma lambda
5997	socket-worker-15	ok	3082.43	stream kappa
5998	cache-theta-16	skip	2928.81	render queue
5999	lambda-gamma-17	warn	2683.39	alpha cache
6000	queue-sigma-18	fail	8093.73	lambda omega
6001	theta-theta-19	skip	8560.71	route socket stream
6002	kappa-token-20	skip	1497.73	route queue
6003	render-sigma-21	fail	9246.07	token omega
6004	index-socket-22	skip	7262.60	token render
6005	socket-queue-23	fail	3571.12	beta parser
6006	token-omega-24	skip	8761.07	zeta alpha worker
6007	sigma-omega-25	warn	3712.90	epsilon zeta
6008	cache-stream-26	ok	6614.33	alpha theta cache index
6009	gamma-alpha-27	fail	8322.59	queue kappa queue alpha queue
6010	alpha-lambda-28	fail	999.96	sigma render stream worker zeta
6011	queue-delta-29	ok	8025.11	token zeta
6012	lambda-epsilon-30	fail	2858.44	kappa omega
6013	sigma-route-31	skip	1441.65	zeta queue
6014	queue-omega-32	skip	9722.21	queue parser sigma
6015	worker-alpha-33	fail	686.99	beta parser stream
6016	queue-route-34	warn	1262.15	token index omega stream
6017	token-socket-35	fail	9936.36	zeta lambda index alpha kappa
6018	parser-lambda-36	skip	8412.85	kappa index cache
6019	socket-worker-37	warn	697.70	cache alpha alpha
6020	token-index-38	fail	6666.91	omega sigma render stream omega
6021	epsilon-render-39	warn	3256.43	route route
6022	theta-kappa-40	fail	4240.67	socket render
6023	zeta-index-41	ok	9246.82	queue alpha alpha stream
6024	queue-worker-42	skip	7380.27	beta render index
6025	omega-omega-43	skip	5599.21	render delta stream
6026	alpha-socket-44	warn	2966.52	cache socket
6027	cache-omega-45	warn	9017.47	zeta worker parser route
6028	stream-beta-46	fail	2990.65	token sigma stream
6029	theta-kappa-47	warn	4541.49	zeta index
6030	lambda-gamma-48	skip	4444.16	zeta socket
6031	kappa-omega-49	fail	3254.08	worker zeta parser parser gamma
6032	lambda-queue-50	skip	1936.88	token zeta stream index epsilon
6033	delta-queue-51	skip	737.22	lambda lambda theta
6034	route-parser-52	ok	440.74	epsilon index index route
6035	index-lambda-53	ok	88.78	queue token
6036	epsilon-sigma-54	skip	739.02	route render
6037	alpha-alpha-55	fail	1604.92	parser theta route
6038	delta-worker-56	fail	8624.27	cache theta epsilon index
6039	kappa-parser-57	warn	5632.10	sigma token
6040	token-gamma-58	warn	2051.03	index stream cache
6041	kappa-index-59	warn	8745.94	delta lambda cache
6042	omega-render-60	warn	1517.95	stream omega epsilon render
6043	cache-sigma-61	ok	1020.53	index cache sigma worker stream
6044	zeta-kappa-62	warn	9271.44	index worker route token zeta
6045	theta-gamma-63	warn	953.65	zeta token socket
6046	theta-render-64	warn	3453.61	sigma cache token
6047	omega-queue-65	fail	2080.96	socket gamma omega
6048	beta-theta-66	warn	5257.44	delta cache parser epsilon
6049	index-delta-67	fail	9410.18	stream alpha kappa parser worker
6050	delta-alpha-68	ok	8219.34	route parser
6051	worker-index-69	fail	7580.33	zeta beta epsilon
6052	alpha-index-70	skip	9712.12	index gamma socket
6053	kappa-theta-71	fail	5236.27	index kappa gamma stream
6054	route-gamma-72	fail	429.94	beta route
6055	stream-zeta-73	skip	4368.33	stream lambda index
6056	zeta-beta-74	fail	3347.86	route theta index
6057	alpha-stream-75	ok	8923.23	alpha beta
6058	beta-kappa-76	skip	3119.21	delta theta render
6059	cache-route-77	skip	7207.32	alpha lambda stream socket zeta
6060	zeta-render-78	ok	2004.93	omega beta
6061	socket-alpha-79	fail	8435.45	stream worker socket
6062	alpha-index-80	fail	2744.87	beta lambda sigma omega
6063	stream-worker-81	skip	5271.72	token worker sigma
6064	theta-render-82	warn	8701.38	omega render route
6065	queue-stream-83	ok	5555.11	epsilon gamma route route epsilon
6066	delta-sigma-84	ok	593.34	cache theta
6067	omega-cache-85	fail	1283.39	index parser gamma parser
6068	zeta-alpha-86	warn	8186.83	parser gamma token delta
6069	parser-route-87	ok	2081.30	stream beta theta kappa alpha
6070	parser-parser-88	fail	793.00	stream socket cache
6071	alpha-socket-89	skip	1747.47	token beta route delta
6072	socket-cache-90	warn	5339.34	omega epsilon
6073	parser-epsilon-91	warn	9854.51	theta gamma worker render queue
6074	stream-cache-92	ok	8982.60	worker theta cache gamma
6075	beta-stream-93	ok	8902.64	omega kappa zeta worker cache
6076	queue-sigma-94	skip	7521.52	sigma delta token stream
6077	gamma-epsilon-95	warn	2715.72	zeta beta epsilon
6078	zeta-gamma-96	ok	4091.68	render lambda epsilon kappa
6079	stream-alpha-97	warn	8209.15	epsilon index
6080	omega-cache-98	fail	422.96	delta token omega index
6081	alpha-gamma-99	skip	8111.65	theta stream index lambda
6082	lambda-token-100	skip	7195.42	kappa token epsilon epsilon
6083	theta-kappa-101	fail	7340.76	lambda delta route route cache
6084	cache-cache-102	skip	5549.77	lambda stream gamma
6085	socket-zeta-103	warn	2657.85	render alpha parser
6086	token-theta-104	warn	5812.29	queue beta
6087	socket-socket-105	skip	5546.44	theta theta
6088	render-beta-106	skip	1259.32	gamma route
6089	zeta-parser-107	fail	4814.43	alpha parser
6090	theta-stream-108	ok	5540.26	worker queue index parser
6091	stream-alpha-109	ok	7641.97	beta queue sigma delta cache
6092	parser-alpha-110	skip	8682.87	alpha beta epsilon
6093	delta-zeta-111	skip	1509.29	kappa index worker render epsilon
6094	alpha-theta-112	fail	5389.14	gamma sigma lambda route token
6095	index-route-113	warn	9150.52	index route route parser
6096	index-queue-114	ok	3951.57	sigma worker cache cache gamma
6097	worker-lambda-115	ok	6510.19	route index cache queue
6098	cache-delta-116	warn	1085.38	cache theta zeta
6099	worker-socket-117	ok	5223.09	gamma queue worker omega
6100	kappa-epsilon-118	fail	8013.86	stream queue cache worker
6101	omega-zeta-119	skip	834.07	parser queue
6102	lambda-epsilon-120	fail	5530.03	cache delta theta alpha cache
6103	theta-lambda-121	skip	2585.85	kappa beta socket
6104	route-delta-122	skip	9366.92	worker render
6105	kappa-parser-123	ok	2038.07	theta token queue gamma socket
6106	sigma-stream-124	fail	5605.16	delta kappa delta stream
6107	route-sigma-125	skip	3539.10	gamma zeta
6108	parser-theta-126	skip	2947.12	render epsilon beta
6109	gamma-gamma-127	warn	2857.14	kappa render omega theta socket
6110	zeta-cache-128	ok	2552.34	render beta zeta queue
6111	stream-delta-129	ok	5369.67	index parser delta theta
6112	zeta-parser-130	fail	6397.66	stream render omega sigma
6113	token-cache-131	warn	8368.41	kappa worker lambda epsilon
6114	epsilon-alpha-132	warn	8253.34	worker parser index index token
6115	route-queue-133	fail	6418.72	socket theta parser
6116	alpha-alpha-134	ok	6035.83	route worker lambda render zeta
6117	queue-omega-135	fail	2342.21	index render alpha
6118	alpha-index-136	warn	8544.07	omega theta stream socket zeta
6119	alpha-omega-137	warn	908.31	theta gamma
6120	render-omega-138	warn	9584.23	parser alpha stream epsilon epsilon
6121	alpha-zeta-139	ok	9033.18	sigma kappa worker epsilon
6122	cache-index-140	ok	7943.65	route lambda
6123	parser-delta-141	ok	4959.11	beta zeta worker index token
6124	render-token-142	warn	690.60	parser gamma
6125	sigma-parser-143	fail	9351.83	render omega sigma kappa
6126	theta-delta-144	skip	842.13	epsilon render lambda token kappa
6127	sigma-cache-145	ok	9364.42	delta index
6128	gamma-route-146	skip	1930.23	alpha beta socket zeta
6129	route-index-147	fail	3065.01	queue parser
6130	render-stream-148	warn	3386.22	epsilon alpha theta
6131	sigma-cache-149	ok	1417.84	beta socket index queue
6132	epsilon-theta-150	ok	657.28	queue delta render
6133	socket-stream-151	skip	2113.94	stream kappa alpha gamma parser
6134	parser-index-152	skip	4638.99	lambda kappa gamma cache queue
6135	alpha-theta-153	ok	2786.94	stream queue parser delta parser
6136	omega-stream-154	skip	3653.81	beta queue
6137	index-delta-155	ok	949.33	route alpha
6138	cache-render-156	skip	6095.26	kappa theta
6139	alpha-lambda-157	fail	6895.15	socket render
6140	render-route-158	warn	7020.19	gamma queue token lambda delta
6141	route-worker-159	ok	7171.94	parser stream epsilon
6142	alpha-lambda-160	skip	2049.36	gamma parser route cache
6143	lambda-socket-161	ok	351.76	beta epsilon worker index parser
6144	epsilon-cache-162	warn	2698.80	sigma index parser
6145	delta-omega-163	fail	4872.00	epsilon epsilon lambda worker queue
6146	lambda-stream-164	warn	461.50	delta render worker alpha
6147	theta-beta-165	fail	358.53	delta zeta
6148	render-render-166	skip	9865.39	epsilon render theta
6149	zeta-gamma-167	skip	3740.60	index stream epsilon parser lambda
6150	delta-stream-168	fail	1901.00	queue zeta
6151	omega-route-169	fail	4847.00	theta theta socket parser
6152	stream-lambda-170	skip	7477.34	alpha route queue
6153	route-route-171	ok	4242.26	omega lambda gamma index
6154	gamma-kappa-172	warn	4039.55	render cache alpha render
6155	sigma-theta-173	ok	5187.76	parser omega epsilon theta
6156	render-render-174	ok	7572.38	socket lambda kappa cache
6157	render-socket-175	skip	6191.77	zeta index gamma parser
6158	lambda-parser-176	ok	3463.24	alpha zeta
6159	index-alpha-177	warn	3142.35	lambda zeta zeta
6160	queue-omega-178	skip	6996.79	omega theta route gamma
6161	gamma-epsilon-179	fail	4093.85	queue route route index sigma
6162	alpha-zeta-180	warn	231.90	omega parser
6163	worker-sigma-181	warn	491.52	worker socket
6164	delta-cache-182	ok	6768.43	omega sigma
6165	token-lambda-183	ok	8760.48	cache zeta worker render
6166	cache-epsilon-184	warn	9681.52	epsilon sigma kappa epsilon
6167	beta-theta-185	warn	1854.45	omega parser beta render lambda
6168	delta-parser-186	fail	5398.71	lambda sigma token
6169	alpha-omega-187	warn	5334.96	theta queue stream kappa
6170	theta-sigma-188	skip	3333.57	kappa route
6171	beta-sigma-189	skip	3359.50	beta zeta stream worker route
6172	zeta-zeta-190	skip	7717.43	alpha epsilon omega
6173	theta-stream-191	skip	1591.67	kappa theta index socket zeta
6174	kappa-queue-192	warn	9189.71	parser lambda render
6175	parser-worker-193	skip	6220.98	render parser render omega omega
6176	epsilon-delta-194	ok	5421.21	zeta index kappa
6177	worker-omega-195	warn	1034.37	index kappa alpha stream token
6178	zeta-token-196	fail	4128.09	sigma theta
6179	theta-gamma-197	skip	9975.33	worker cache delta beta
6180	worker-index-198	skip	6441.85	stream theta render
6181	index-beta-199	warn	3238.69	gamma zeta
6182	cache-sigma-200	skip	874.84	alpha socket beta epsilon
6183	epsilon-sigma-201	ok	4628.84	omega epsilon render beta
6184	zeta-stream-202	fail	8932.35	omega omega lambda parser render
6185	token-route-203	ok	3532.68	queue alpha queue delta queue
6186	render-kappa-204	ok	6689.24	queue queue gamma route
6187	stream-route-205	ok	8541.22	lambda render token parser
6188	render-route-206	fail	5782.14	gamma theta index lambda
6189	token-route-207	warn	1234.73	omega zeta index worker lambda
6190	worker-parser-208	fail	6521.77	parser route parser
6191	route-alpha-209	warn	8862.06	queue delta queue beta
6192	kappa-delta-210	warn	4101.32	token parser omega theta socket
6193	kappa-sigma-211	skip	9700.51	zeta alpha
6194	gamma-sigma-212	warn	4371.58	socket beta
6195	kappa-kappa-213	warn	2034.06	kappa zeta gamma zeta beta
6196	omega-worker-214	warn	2309.90	cache omega worker
6197	lambda-alpha-215	skip	2078.82	render queue
6198	render-parser-216	skip	8339.05	queue lambda alpha
6199	theta-stream-217	fail	8068.71	gamma beta socket
6200	route-alpha-218	skip	1195.50	stream zeta worker index
6201	gamma-render-219	fail	7206.12	render sigma
6202	index-stream-220	warn	3807.06	queue delta kappa kappa
6203	gamma-omega-221	warn	4979.09	render zeta
6204	beta-worker-222	ok	3858.84	index zeta
6205	parser-parser-223	fail	4279.89	cache omega
6206	delta-stream-224	warn	2380.20	gamma zeta sigma
6207	theta-gamma-225	warn	7949.80	lambda alpha index beta render
6208	lambda-alpha-226	ok	8315.87	alpha delta worker zeta socket
6209	route-zeta-227	warn	2372.42	alpha route
6210	queue-parser-228	skip	8338.02	kappa sigma delta zeta sigma
6211	index-route-229	ok	3251.97	token queue
6212	lambda-worker-230	fail	2876.42	cache theta index theta
6213	sigma-alpha-231	skip	3888.62	stream parser
6214	worker-gamma-232	fail	5925.95	token parser kappa
6215	render-parser-233	warn	578.05	cache delta render
6216	lambda-sigma-234	fail	9336.29	beta index sigma stream
6217	alpha-delta-235	warn	5453.66	route index cache index omega
6218	gamma-omega-236	warn	9938.43	theta route
6219	omega-index-237	skip	2500.72	parser index socket gamma queue
6220	epsilon-render-238	ok	2885.73	gamma sigma
6221	lambda-worker-239	ok	609.09	theta zeta render epsilon
6222	gamma-stream-240	ok	244.19	parser beta route gamma sigma
6223	token-lambda-241	skip	9473.85	delta zeta socket
6224	gamma-route-242	ok	4664.87	socket gamma cache omega render
6225	socket-parser-243	skip	706.75	gamma omega queue queue lambda
6226	alpha-omega-244	ok	8407.43	omega render
6227	token-zeta-245	skip	5689.97	render delta stream epsilon beta
6228	index-queue-246	ok	2209.82	socket omega stream zeta lambda
6229	parser-render-247	ok	7306.69	token token
6230	queue-sigma-248	warn	7174.84	route socket render render
6231	parser-parser-249	fail	5315.42	parser token sigma socket queue
6232	socket-route-250	skip	3607.85	parser cache route
6233	token-route-251	fail	6389.31	route theta index stream route
6234	parser-parser-252	warn	1592.49	delta index gamma sigma
6235	render-render-253	skip	3721.39	gamma render parser beta worker
6236	parser-parser-254	warn	403.27	worker stream token sigma
6237	stream-delta-255	fail	7161.55	zeta token
6238	kappa-theta-256	fail	8067.48	theta gamma stream epsilon
6239	render-epsilon-257	fail	7171.59	token socket route
6240	kappa-queue-258	ok	3531.47	epsilon theta
6241	cache-zeta-259	fail	3842.65	stream stream route worker beta
6242	parser-socket-260	skip	5891.32	token kappa delta
6243	epsilon-zeta-261	ok	2715.58	theta zeta route token
6244	socket-kappa-262	warn	947.04	gamma socket kappa socket socket
6245	kappa-token-263	warn	2582.27	kappa omega kappa
6246	index-lambda-264	fail	218.85	alpha lambda epsilon route theta
6247	omega-zeta-265	ok	722.04	route gamma
6248	cache-gamma-266	ok	6125.24	omega stream socket stream route
6249	alpha-kappa-267	ok	8281.91	beta index alpha epsilon delta
6250	gamma-alpha-268	fail	1376.85	route sigma
6251	gamma-index-269	fail	5980.97	render stream gamma index index
6252	socket-kappa-270	fail	8482.83	beta queue zeta epsilon worker
6253	queue-epsilon-271	skip	4702.77	lambda sigma sigma zeta kappa
6254	epsilon-route-272	warn	6766.26	queue worker stream zeta stream
6255	theta-worker-273	ok	5836.23	worker render
6256	kappa-lambda-274	warn	4524.84	beta sigma alpha theta
6257	parser-omega-275	fail	7291.92	token route theta epsilon lambda
6258	omega-route-276	ok	486.09	queue token
6259	theta-omega-277	ok	4379.63	delta cache route alpha theta
6260	delta-index-278	skip	3783.57	sigma token
6261	sigma-stream-279	warn	5873.48	gamma zeta omega
6262	gamma-alpha-280	ok	2851.55	theta gamma lambda epsilon
6263	token-beta-281	skip	3506.76	worker index worker theta index
6264	epsilon-theta-282	fail	9659.65	omega index token omega token
6265	beta-index-283	warn	6572.93	gamma epsilon zeta index
6266	epsilon-socket-284	warn	5833.19	render socket cache
6267	queue-queue-285	skip	203.92	zeta index
6268	delta-stream-286	warn	914.48	render worker
6269	parser-epsilon-287	skip	9564.62	cache kappa zeta
6270	cache-cache-288	warn	1194.81	omega theta
6271	zeta-parser-289	fail	5686.54	render parser theta socket
6272	stream-epsilon-290	ok	5368.31	token alpha beta theta
6273	parser-epsilon-291	warn	482.67	sigma alpha sigma lambda
6274	socket-worker-292	ok	3254.86	cache sigma omega gamma
6275	token-gamma-293	fail	6658.78	theta worker worker omega cache
6276	sigma-index-294	skip	4497.12	worker theta zeta render
6277	theta-socket-295	skip	4596.30	index alpha render token
6278	queue-theta-296	ok	2234.50	route epsilon index zeta epsilon
6279	route-lambda-297	skip	3861.27	kappa cache
6280	queue-render-298	ok	8208.23	gamma delta
6281	theta-sigma-299	skip	5083.43	token parser epsilon zeta
6282	sigma-sigma-300	fail	8361.58	epsilon socket worker route beta
6283	omega-render-301	warn	8759.61	parser lambda zeta stream
6284	delta-sigma-302	warn	4191.88	render route alpha sigma theta
6285	stream-epsilon-303	ok	3275.43	zeta worker
6286	stream-alpha-304	warn	5631.28	kappa parser epsilon
6287	sigma-beta-305	skip	5677.12	route beta queue
6288	gamma-kappa-306	ok	2543.30	route alpha
6289	render-omega-307	warn	9887.10	socket theta delta render zeta
6290	worker-parser-308	fail	8349.95	zeta zeta
6291	parser-socket-309	fail	3534.05	gamma worker sigma
6292	render-socket-310	warn	5595.66	queue sigma
6293	epsilon-theta-311	skip	3753.65	epsilon lambda token queue gamma
6294	worker-stream-312	warn	585.62	theta sigma lambda cache render
6295	socket-gamma-313	skip	2663.86	render render cache beta gamma
6296	sigma-epsilon-314	ok	4309.16	zeta queue socket token token
6297	lambda-queue-315	fail	1117.44	epsilon stream
6298	cache-render-316	fail	9375.34	kappa token index route parser
6299	theta-gamma-317	ok	6908.69	index index lambda socket
6300	index-worker-318	skip	3260.22	omega gamma route alpha
6301	worker-socket-319	ok	5346.82	stream worker stream omega
6302	omega-theta-320	skip	2026.10	zeta queue omega render
6303	route-socket-321	ok	9631.14	lambda cache
6304	route-socket-322	warn	7488.41	sigma theta token socket render
6305	socket-route-323	skip	784.21	stream gamma sigma socket
6306	lambda-gamma-324	ok	8301.46	parser theta stream route worker
6307	theta-theta-325	skip	6268.01	lambda route
6308	stream-kappa-326	ok	9229.91	token index gamma theta stream
6309	gamma-render-327	warn	4213.51	beta zeta
6310	index-beta-328	ok	4466.30	index delta epsilon zeta
6311	lambda-alpha-329	fail	1971.56	route omega socket
6312	route-alpha-330	warn	4015.00	index render
6313	kappa-gamma-331	warn	486.44	sigma worker index
6314	omega-render-332	fail	669.54	zeta gamma lambda delta
6315	queue-index-333	skip	9548.38	cache beta worker delta socket
6316	worker-alpha-334	skip	5845.18	socket worker parser queue render
6317	stream-kappa-335	fail	5982.61	parser beta
6318	beta-beta-336	ok	7113.15	gamma kappa gamma theta delta
6319	gamma-theta-337	ok	88.00	omega render epsilon
6320	index-zeta-338	ok	1206.38	delta zeta
6321	omega-cache-339	fail	7554.86	sigma alpha queue socket token
6322	render-queue-340	warn	366.87	worker gamma
6323	index-sigma-341	fail	3599.57	index gamma index
6324	beta-stream-342	ok	1088.75	omega epsilon parser
6325	worker-render-343	skip	8664.52	theta stream socket socket parser
6326	gamma-parser-344	warn	5950.71	route worker cache gamma sigma
6327	route-stream-345	skip	9642.44	delta index parser
6328	route-theta-346	ok	6503.47	zeta queue lambda queue
6329	kappa-socket-347	warn	3747.33	zeta delta gamma socket
6330	epsilon-stream-348	ok	2098.83	socket zeta
6331	queue-lambda-349	skip	3888.86	token sigma lambda beta
6332	token-theta-350	warn	1908.59	cache theta theta stream
6333	omega-socket-351	warn	829.73	queue queue
6334	index-parser-352	skip	8600.49	socket queue render worker
6335	cache-cache-353	warn	424.69	sigma zeta gamma
6336	delta-delta-354	skip	7428.36	theta lambda worker
6337	zeta-gamma-355	warn	623.40	render delta render
6338	lambda-queue-356	ok	6908.79	worker route
6339	alpha-cache-357	ok	193.65	alpha cache
6340	route-alpha-358	fail	5893.09	socket lambda
6341	socket-socket-359	fail	3795.64	lambda index delta
6342	delta-gamma-360	warn	5245.40	queue zeta socket worker beta
6343	socket-gamma-361	fail	8567.55	route gamma
6344	queue-delta-362	skip	887.42	zeta parser theta
6345	cache-render-363	warn	5115.61	token epsilon theta cache
6346	zeta-parser-364	warn	3347.85	token cache omega delta
6347	lambda-gamma-365	fail	4512.76	cache socket
6348	beta-gamma-366	warn	5263.22	beta token stream zeta lambda
6349	zeta-socket-367	warn	1352.75	route index kappa cache worker
6350	route-cache-368	skip	3237.63	route omega zeta
6351	gamma-sigma-369	warn	7939.21	route parser zeta socket
6352	zeta-worker-370	fail	6800.23	kappa token
6353	render-beta-371	ok	1476.19	stream omega
6354	alpha-omega-372	skip	5160.69	omega queue theta cache render
6355	omega-index-373	ok	3968.95	socket gamma omega
6356	token-worker-374	skip	3550.78	gamma lambda kappa worker
6357	queue-socket-375	skip	7215.20	queue parser cache omega
6358	route-delta-376	fail	3438.65	cache lambda queue
6359	stream-cache-377	warn	4566.45	omega cache epsilon cache
6360	lambda-beta-378	warn	7034.14	epsilon omega epsilon
6361	index-cache-379	warn	3462.44	kappa render
6362	cache-gamma-380	skip	4822.58	socket render
6363	parser-theta-381	warn	7319.32	worker delta
6364	lambda-stream-382	warn	9851.28	zeta token socket socket sigma
6365	socket-lambda-383	skip	2240.45	token render
6366	gamma-beta-384	skip	8650.92	index delta cache parser
6367	alpha-worker-385	fail	2240.57	zeta alpha queue sigma
6368	cache-beta-386	fail	2344.01	zeta token
6369	gamma-cache-387	ok	9553.14	socket worker cache sigma
6370	lambda-epsilon-388	ok	9048.56	queue index lambda zeta gamma
6371	omega-beta-389	skip	4837.06	cache stream
6372	lambda-render-390	warn	8834.72	theta socket render lambda
6373	parser-route-391	warn	6260.15	render worker kappa kappa zeta
6374	queue-queue-392	fail	1690.53	gamma queue epsilon
6375	route-epsilon-393	skip	8886.77	lambda worker render stream epsilon
6376	kappa-queue-394	ok	3760.41	epsilon delta
6377	cache-queue-395	warn	249.65	index route beta parser
6378	delta-gamma-396	skip	460.22	gamma kappa lambda
6379	alpha-stream-397	fail	8808.63	kappa lambda route kappa
6380	kappa-sigma-398	warn	9772.07	beta token omega parser sigma
6381	sigma-epsilon-399	fail	259.52	token worker worker beta
6382	parser-stream-400	fail	9507.71	worker theta
6383	alpha-gamma-401	fail	5411.63	kappa index queue sigma stream
6384	index-theta-402	fail	1882.40	lambda token
6385	render-theta-403	fail	8716.02	socket token cache queue lambda
6386	sigma-epsilon-404	skip	2195.46	delta route zeta token
6387	render-alpha-405	ok	72.86	worker sigma socket
6388	omega-kappa-406	warn	8437.68	stream route route beta
6389	beta-parser-407	skip	9654.21	render queue epsilon
6390	kappa-cache-408	warn	1976.20	socket delta parser parser zeta
6391	socket-index-409	ok	3732.35	cache beta parser render
6392	worker-stream-410	fail	7071.99	sigma lambda omega
6393	index-stream-411	skip	1486.71	alpha omega socket
6394	theta-kappa-412	warn	9959.96	delta alpha delta stream worker
6395	delta-beta-413	skip	9721.50	gamma queue route
6396	epsilon-route-414	fail	7350.88	beta index
6397	sigma-beta-415	warn	4644.13	alpha socket
6398	beta-omega-416	fail	7537.50	gamma parser
6399	parser-theta-417	skip	6551.89	kappa cache worker beta token
6400	render-lambda-418	fail	6879.54	zeta zeta
6401	lambda-sigma-419	warn	5482.41	stream queue alpha
6402	omega-epsilon-420	ok	9712.01	queue render delta lambda lambda
6403	kappa-queue-421	warn	2374.29	epsilon stream worker alpha
6404	token-gamma-422	fail	7526.80	alpha route index beta
6405	lambda-route-423	warn	2263.46	queue beta gamma theta
6406	beta-index-424	ok	6392.74	theta sigma socket
6407	parser-cache-425	skip	9593.08	socket worker kappa render
6408	delta-index-426	skip	1934.05	token theta epsilon theta omega
6409	delta-render-427	warn	5015.24	cache delta
6410	socket-omega-428	skip	6895.71	queue lambda
6411	parser-worker-429	fail	3040.65	zeta kappa worker sigma
6412	index-gamma-430	warn	3621.42	omega beta socket
6413	worker-sigma-431	fail	9263.79	gamma alpha theta delta token
6414	epsilon-theta-432	warn	9027.41	epsilon stream theta omega
6415	cache-zeta-433	skip	8060.90	parser lambda zeta
6416	beta-kappa-434	fail	4085.43	parser omega sigma epsilon lambda
6417	index-epsilon-435	fail	332.08	delta delta index token
6418	kappa-cache-436	ok	9480.09	gamma parser kappa
6419	lambda-lambda-437	ok	6523.59	epsilon kappa theta socket
6420	beta-lambda-438	skip	7343.11	parser socket zeta theta
6421	socket-kappa-439	warn	8645.93	zeta cache sigma delta
6422	omega-zeta-440	skip	5901.77	gamma zeta worker
6423	index-token-441	warn	5986.93	stream theta
6424	token-alpha-442	fail	5071.95	delta gamma worker kappa
6425	theta-kappa-443	ok	8128.81	theta gamma lambda cache delta
6426	socket-alpha-444	fail	4205.75	worker beta gamma kappa sigma
6427	epsilon-gamma-445	skip	5692.46	render cache route worker beta
6428	kappa-beta-446	fail	574.01	sigma sigma
6429	stream-parser-447	ok	5282.56	beta worker cache parser
6430	route-epsilon-448	ok	1816.50	index theta zeta gamma alpha
6431	token-zeta-449	skip	3572.07	worker parser delta
6432	socket-index-450	fail	4365.34	route queue
6433	worker-lambda-451	fail	4939.81	worker render route alpha
6434	route-stream-452	ok	6959.37	token theta
6435	worker-zeta-453	ok	5389.40	token delta gamma sigma
6436	socket-socket-454	fail	6496.42	parser gamma beta worker theta
6437	lambda-stream-455	ok	8954.23	cache worker zeta worker
6438	sigma-alpha-456	skip	8572.04	delta beta render alpha
6439	stream-index-457	ok	2332.82	theta socket zeta kappa omega
6440	alpha-index-458	ok	6448.50	queue omega
6441	render-gamma-459	skip	1176.77	gamma zeta kappa epsilon delta
6442	parser-beta-460	skip	6630.11	cache omega theta lambda
6443	stream-token-461	skip	2898.05	delta omega theta zeta route
6444	lambda-kappa-462	fail	6758.42	omega index
6445	stream-sigma-463	skip	5544.97	queue gamma
6446	render-theta-464	fail	6899.27	zeta epsilon route queue
6447	beta-parser-465	skip	8880.59	delta render
6448	delta-cache-466	ok	6859.86	token sigma zeta zeta
6449	theta-alpha-467	fail	9644.40	render gamma token index
6450	delta-route-468	fail	9909.68	sigma token beta zeta beta
6451	route-theta-469	skip	81.82	zeta route alpha
6452	beta-sigma-470	ok	1642.17	epsilon sigma
6453	stream-theta-471	fail	1084.82	stream lambda delta omega
6454	omega-epsilon-472	warn	1212.87	alpha alpha theta
6455	render-theta-473	skip	8825.74	omega stream epsilon route
6456	queue-index-474	fail	3027.00	worker cache parser queue index
6457	sigma-route-475	warn	8302.45	parser beta route route index
6458	parser-token-476	fail	8597.98	sigma epsilon alpha
6459	epsilon-token-477	fail	9115.30	render omega beta queue
6460	omega-lambda-478	warn	6032.30	kappa zeta cache
6461	sigma-theta-479	fail	4606.02	theta stream route
6462	theta-sigma-480	fail	3242.61	sigma delta delta token route
6463	worker-stream-481	fail	937.06	token alpha omega stream queue
6464	socket-index-482	skip	4880.15	socket gamma beta
6465	epsilon-parser-483	warn	6633.12	queue socket
6466	stream-alpha-484	warn	3868.90	beta alpha worker
6467	token-token-485	skip	5910.60	delta kappa worker
6468	beta-index-486	fail	7172.17	kappa render socket stream
6469	zeta-kappa-487	fail	7992.30	epsilon omega index cache
6470	alpha-sigma-488	skip	6937.32	alpha parser token epsilon socket
6471	queue-lambda-489	warn	2258.59	token queue stream
6472	socket-worker-490	ok	3233.21	delta omega zeta kappa
6473	index-alpha-491	ok	7163.77	kappa worker gamma sigma
6474	epsilon-parser-492	fail	1753.26	queue epsilon cache zeta
6475	stream-beta-493	fail	4253.83	socket index zeta
6476	socket-parser-494	fail	9552.13	route worker socket render token
6477	gamma-token-495	fail	125.91	sigma delta socket parser
6478	cache-index-496	skip	1609.61	cache token lambda sigma lambda
6479	queue-kappa-497	fail	2777.41	sigma index index
6480	zeta-zeta-498	fail	8334.51	beta route alpha socket
6481	kappa-worker-499	skip	5493.71	render beta cache token epsilon
6482	delta-render-500	ok	3520.48	delta cache sigma
6483	gamma-index-501	warn	8791.82	cache beta
6484	worker-render-502	ok	6748.13	worker token stream queue token
6485	zeta-alpha-503	warn	811.30	theta worker
6486	beta-epsilon-504	ok	9163.28	theta delta worker lambda
6487	theta-delta-505	skip	697.14	kappa zeta beta stream delta
6488	beta-token-506	skip	6412.50	socket worker
6489	cache-queue-507	warn	9874.11	render stream sigma render
6490	stream-delta-508	skip	433.23	epsilon gamma
6491	token-kappa-509	warn	7313.77	kappa cache zeta
6492	index-sigma-510	fail	3131.82	route alpha
6493	queue-omega-511	warn	2591.96	kappa lambda socket
6494	cache-alpha-512	warn	8663.96	stream sigma token omega beta
6495	delta-lambda-513	ok	7104.63	lambda epsilon socket
6496	kappa-lambda-514	skip	3469.77	queue alpha token stream
6497	render-sigma-515	skip	132.14	route worker
6498	alpha-epsilon-516	skip	8.12	gamma route
6499	lambda-stream-517	fail	7970.63	cache stream alpha token kappa
6500	socket-kappa-518	warn	4711.99	worker render delta delta
6501	worker-omega-519	warn	5287.15	alpha zeta omega alpha gamma
6502	render-alpha-520	ok	8955.75	queue render
6503	queue-stream-521	fail	5324.05	gamma theta
6504	gamma-epsilon-522	ok	1749.09	delta index alpha
6505	socket-parser-523	skip	77.20	index kappa
6506	stream-cache-524	fail	7702.07	index render delta gamma worker
6507	parser-stream-525	ok	5156.19	alpha beta epsilon epsilon alpha
6508	parser-omega-526	fail	4589.02	epsilon gamma beta
6509	zeta-queue-527	skip	1081.32	alpha queue kappa
6510	parser-token-528	skip	3933.24	socket epsilon lambda zeta parser
6511	index-worker-529	ok	8763.23	queue cache socket socket index
6512	index-worker-530	warn	2202.55	parser zeta sigma
6513	theta-token-531	fail	639.60	sigma delta index stream delta
6514	queue-theta-532	warn	259.64	index lambda
6515	parser-parser-533	skip	4216.82	epsilon alpha beta cache
6516	parser-omega-534	ok	7067.85	zeta stream
6517	render-zeta-535	ok	6755.53	epsilon stream lambda route
6518	theta-worker-536	warn	8498.97	kappa omega
6519	stream-socket-537	fail	5134.40	lambda delta beta cache
6520	kappa-stream-538	skip	7622.83	epsilon queue cache worker
6521	route-stream-539	fail	535.23	index epsilon
6522	delta-token-540	ok	4772.58	delta queue
6523	alpha-beta-541	fail	4415.31	stream render route
6524	worker-beta-542	warn	6538.02	kappa gamma render
6525	zeta-render-543	ok	4276.58	token gamma token queue token
6526	cache-sigma-544	skip	4343.47	zeta alpha sigma render epsilon
6527	lambda-token-545	fail	5414.69	delta zeta gamma omega route
6528	render-stream-546	fail	3955.22	worker route lambda token alpha
6529	worker-token-547	fail	7851.97	worker parser beta lambda
6530	render-zeta-548	skip	2087.55	kappa delta
6531	delta-omega-549	skip	7920.58	socket token
6532	parser-epsilon-550	fail	9061.02	index worker omega worker socket
6533	route-kappa-551	ok	2156.14	alpha stream
6534	alpha-worker-552	ok	9047.44	token render route stream
6535	queue-delta-553	skip	1476.03	alpha omega cache theta queue
6536	epsilon-parser-554	skip	9297.25	lambda gamma render worker parser
6537	lambda-gamma-555	fail	7712.21	socket socket lambda token index
6538	parser-gamma-556	ok	8079.99	beta epsilon
6539	socket-route-557	skip	8772.05	sigma stream token
6540	stream-cache-558	ok	6872.29	zeta epsilon gamma theta
6541	socket-queue-559	skip	5610.25	beta theta theta parser
6542	lambda-theta-560	warn	8375.41	queue zeta worker stream
6543	omega-queue-561	skip	2244.55	beta queue
6544	stream-worker-562	ok	7302.66	socket socket beta gamma queue
6545	stream-queue-563	warn	4753.13	delta cache worker
6546	gamma-parser-564	warn	5070.10	socket route queue render omega
6547	omega-epsilon-565	skip	1993.79	gamma index beta
6548	theta-theta-566	fail	6290.17	beta theta worker theta
6549	kappa-gamma-567	warn	6302.64	stream kappa socket
6550	alpha-cache-568	fail	2815.86	stream theta sigma
6551	route-stream-569	warn	3462.62	parser socket
6552	parser-worker-570	fail	8662.11	socket theta render
6553	parser-epsilon-571	ok	4781.15	omega omega socket lambda
6554	zeta-index-572	skip	5313.95	parser omega
6555	sigma-route-573	warn	733.27	parser render token stream
6556	epsilon-cache-574	fail	3469.15	delta delta index route omega
6557	render-socket-575	skip	2222.61	delta zeta cache
6558	gamma-token-576	fail	6595.71	gamma socket gamma worker
6559	route-alpha-577	ok	372.04	token cache
6560	queue-beta-578	fail	4172.11	parser lambda zeta sigma alpha
6561	token-zeta-579	ok	3332.13	theta parser
6562	index-gamma-580	warn	4502.65	theta theta sigma route
6563	kappa-worker-581	skip	1467.55	token parser delta index kappa
6564	zeta-kappa-582	skip	5414.22	sigma token stream
6565	lambda-stream-583	skip	1657.84	stream stream
6566	lambda-token-584	fail	9134.47	omega index stream index
6567	theta-lambda-585	skip	1243.63	lambda omega
6568	stream-gamma-586	ok	6435.70	sigma render
6569	epsilon-parser-587	warn	9472.39	sigma route
6570	alpha-route-588	fail	9002.22	index socket epsilon stream parser
6571	theta-index-589	ok	2941.86	cache theta index gamma
6572	lambda-worker-590	skip	4664.06	kappa lambda
6573	worker-zeta-591	ok	7258.27	theta stream zeta gamma
6574	socket-zeta-592	skip	577.67	index gamma cache render
6575	socket-gamma-593	warn	1873.40	index kappa
6576	token-stream-594	ok	7377.08	cache theta lambda gamma theta
6577	epsilon-sigma-595	skip	6781.47	alpha stream route cache
6578	kappa-gamma-596	warn	5436.74	sigma socket token sigma worker
6579	theta-stream-597	ok	6959.83	sigma route kappa
6580	queue-queue-598	ok	2975.52	index sigma socket parser
6581	theta-beta-599	warn	6482.27	stream gamma omega sigma beta
6582	epsilon-render-600	ok	9928.40	render token sigma
6583	theta-parser-601	skip	2555.72	gamma parser cache beta cache
6584	delta-worker-602	fail	3538.58	worker stream
6585	gamma-socket-603	ok	8693.59	token cache sigma lambda epsilon
6586	worker-stream-604	ok	8020.56	worker stream alpha beta theta
6587	queue-beta-605	ok	2915.76	kappa render cache alpha
6588	token-worker-606	fail	442.80	zeta worker
6589	stream-index-607	skip	2181.50	omega route theta
6590	cache-route-608	skip	6440.10	parser zeta
6591	socket-socket-609	warn	456.36	gamma alpha gamma
6592	omega-zeta-610	fail	3341.56	delta gamma sigma socket
6593	beta-token-611	fail	6178.46	route index sigma delta cache
6594	kappa-queue-612	warn	4776.11	kappa token epsilon alpha alpha
6595	token-sigma-613	ok	6213.96	queue gamma
6596	beta-token-614	fail	8806.16	queue kappa
6597	cache-gamma-615	warn	6655.45	index parser kappa delta
6598	gamma-beta-616	ok	6302.73	index theta lambda omega
6599	queue-omega-617	fail	6771.67	stream epsilon route
6600	stream-theta-618	warn	577.98	beta lambda stream sigma
6601	sigma-alpha-619	skip	8201.90	kappa index epsilon zeta zeta
6602	beta-parser-620	ok	4540.51	zeta kappa kappa sigma token
6603	alpha-gamma-621	skip	7149.12	index worker epsilon route parser
6604	index-route-622	warn	2777.73	cache socket parser lambda
6605	parser-lambda-623	ok	6869.90	parser index
6606	index-kappa-624	warn	7815.82	token token sigma theta
6607	worker-gamma-625	warn	8291.58	token parser delta
6608	epsilon-worker-626	skip	5983.48	socket parser omega worker
6609	zeta-worker-627	fail	6681.27	stream beta zeta cache
6610	omega-kappa-628	fail	9401.25	stream queue beta parser epsilon
6611	sigma-cache-629	ok	5464.63	theta parser route delta theta
6612	cache-stream-630	warn	4818.54	queue queue lambda index cache
6613	parser-index-631	ok	2020.45	epsilon delta queue
6614	token-lambda-632	fail	6784.00	socket render epsilon sigma render
6615	cache-queue-633	warn	8644.82	delta kappa route omega zeta
6616	route-token-634	fail	9608.90	theta cache cache token epsilon
6617	cache-stream-635	warn	373.31	beta beta
6618	index-alpha-636	skip	939.28	delta alpha kappa
6619	socket-queue-637	ok	442.86	epsilon omega
6620	token-gamma-638	fail	9455.32	token theta
6621	worker-theta-639	skip	8855.84	socket render alpha
6622	zeta-stream-640	skip	3040.04	cache route beta delta parser
6623	parser-route-641	fail	1183.74	parser zeta token render
6624	route-worker-642	fail	5876.88	sigma omega omega stream socket
6625	sigma-beta-643	warn	9430.27	stream socket index lambda index
6626	gamma-lambda-644	ok	7621.17	alpha route
6627	delta-route-645	skip	3907.92	delta route sigma
6628	render-cache-646	warn	7527.03	zeta sigma
6629	gamma-sigma-647	skip	4116.65	gamma index cache
6630	render-cache-648	fail	3871.32	queue beta sigma
6631	delta-index-649	fail	8542.77	lambda epsilon cache delta
6632	stream-theta-650	warn	5415.87	beta theta epsilon
6633	delta-queue-651	skip	7324.27	token lambda kappa index theta
6634	stream-lambda-652	fail	1097.68	epsilon beta zeta
6635	route-sigma-653	ok	5690.66	stream queue token parser
6636	lambda-token-654	ok	5038.62	sigma theta socket
6637	stream-beta-655	ok	1812.16	cache delta
6638	queue-socket-656	skip	4220.12	alpha socket epsilon render
6639	gamma-socket-657	fail	6161.62	kappa lambda
6640	worker-stream-658	skip	9287.78	omega worker index
6641	omega-cache-659	skip	9515.19	index beta render alpha gamma
6642	render-beta-660	skip	1892.49	beta route stream
6643	stream-route-661	fail	9667.84	epsilon alpha stream
6644	omega-index-662	skip	7112.60	stream stream route
6645	worker-gamma-663	warn	532.96	delta zeta
6646	stream-token-664	fail	7981.45	parser epsilon socket worker
6647	worker-socket-665	ok	8280.18	token route index cache beta
6648	epsilon-index-666	skip	5920.11	theta delta alpha omega token
6649	stream-socket-667	ok	7427.16	queue sigma
6650	token-lambda-668	warn	1692.70	gamma zeta socket
6651	sigma-worker-669	fail	4123.44	alpha render parser queue omega
6652	worker-worker-670	ok	3675.43	worker epsilon zeta
6653	beta-render-671	skip	8041.31	gamma index
6654	beta-alpha-672	warn	3386.80	token epsilon
6655	token-lambda-673	ok	4527.58	worker index alpha
6656	sigma-cache-674	ok	8632.20	delta worker
6657	epsilon-zeta-675	fail	9287.26	alpha zeta lambda omega gamma
6658	route-sigma-676	warn	4268.48	omega epsilon parser
6659	socket-route-677	ok	486.66	lambda render
6660	parser-alpha-678	skip	7433.08	token socket stream token beta
6661	cache-gamma-679	skip	9937.95	index index
6662	alpha-zeta-680	fail	136.98	route epsilon
6663	socket-epsilon-681	warn	8940.65	kappa beta kappa
6664	parser-gamma-682	fail	2622.14	delta gamma lambda
6665	beta-token-683	skip	4290.75	alpha worker parser
6666	socket-alpha-684	skip	2094.53	kappa zeta socket lambda worker
6667	theta-omega-685	ok	75.98	alpha stream omega socket zeta
6668	token-stream-686	ok	6724.21	cache epsilon
6669	socket-theta-687	skip	5099.75	kappa sigma render render alpha
6670	sigma-epsilon-688	warn	401.37	omega lambda render
6671	index-omega-689	skip	1113.70	token token token kappa
6672	parser-gamma-690	ok	1333.69	route route alpha zeta
6673	kappa-beta-691	skip	1308.58	lambda stream zeta queue
6674	index-socket-692	ok	1049.59	beta theta lambda sigma parser
6675	alpha-socket-693	fail	1552.27	gamma beta kappa alpha render
6676	queue-queue-694	fail	459.97	delta lambda index
6677	queue-sigma-695	warn	4194.09	parser socket
6678	gamma-stream-696	skip	4972.82	zeta stream queue queue
6679	beta-zeta-697	skip	4581.42	lambda zeta lambda theta
6680	worker-gamma-698	ok	1995.97	socket queue sigma
6681	delta-worker-699	fail	7145.72	delta token kappa socket
6682	route-render-700	fail	8626.62	gamma kappa token theta
6683	queue-render-701	fail	1591.35	omega beta
6684	epsilon-theta-702	ok	68.31	zeta queue beta zeta
6685	cache-beta-703	skip	2293.06	parser theta
6686	lambda-sigma-704	fail	6326.88	theta beta index worker token
6687	route-worker-705	ok	1084.65	kappa parser epsilon
6688	index-epsilon-706	ok	385.11	alpha queue
6689	epsilon-render-707	warn	4691.60	socket epsilon
6690	alpha-alpha-708	ok	21.29	parser worker socket
6691	queue-index-709	warn	8847.73	zeta alpha
6692	socket-index-710	warn	4936.86	omega epsilon delta stream
6693	gamma-cache-711	ok	3943.70	delta sigma beta zeta
6694	queue-kappa-712	ok	710.61	kappa render lambda
6695	render-gamma-713	fail	5247.28	zeta alpha lambda epsilon worker
6696	token-delta-714	warn	4707.58	socket cache
6697	cache-route-715	skip	5633.39	omega queue socket stream render
6698	zeta-sigma-716	ok	3237.98	cache sigma alpha epsilon
6699	queue-index-717	warn	8035.84	epsilon zeta render kappa
6700	token-parser-718	fail	1191.41	theta gamma token queue delta
6701	socket-delta-719	skip	2304.35	epsilon render sigma index
6702	omega-omega-720	warn	9425.74	cache sigma cache
6703	lambda-stream-721	fail	506.62	worker beta index sigma sigma
6704	queue-render-722	ok	749.41	alpha render
6705	gamma-sigma-723	ok	3562.36	token route
6706	queue-render-724	skip	1311.94	omega index parser
6707	epsilon-index-725	warn	4175.56	omega beta
6708	omega-index-726	skip	3113.49	omega render alpha render
6709	route-omega-727	warn	568.47	delta stream index epsilon socket
6710	stream-stream-728	ok	6426.60	cache epsilon gamma sigma kappa
6711	theta-token-729	ok	1856.04	worker zeta queue worker
6712	kappa-epsilon-730	warn	6790.47	gamma queue parser epsilon stream
6713	render-zeta-731	ok	2517.68	epsilon index cache socket beta
6714	kappa-delta-732	ok	6921.30	stream lambda epsilon stream delta
6715	epsilon-theta-733	ok	1975.48	render render
6716	queue-alpha-734	ok	174.59	parser alpha
6717	sigma-lambda-735	fail	9793.50	epsilon delta parser
6718	route-socket-736	fail	2120.80	route kappa kappa render
6719	epsilon-epsilon-737	fail	4467.06	cache lambda sigma
6720	beta-theta-738	warn	7013.99	index stream
6721	omega-render-739	skip	529.60	worker beta token socket
6722	kappa-beta-740	ok	6280.81	route omega
6723	cache-sigma-741	ok	9807.67	alpha worker
6724	stream-index-742	ok	6382.80	beta sigma
6725	index-sigma-743	skip	3139.40	epsilon queue lambda render omega
6726	queue-socket-744	ok	1075.42	omega theta route sigma alpha
6727	alpha-cache-745	warn	8314.40	alpha beta delta zeta
6728	token-stream-746	fail	3415.42	zeta worker kappa
6729	parser-render-747	ok	5172.14	beta stream beta parser
6730	zeta-alpha-748	warn	2024.85	theta stream worker render
6731	cache-beta-749	skip	8278.95	stream epsilon cache
6732	cache-beta-750	fail	1411.53	sigma theta kappa beta
6733	index-token-751	ok	7812.95	zeta token delta zeta theta
6734	zeta-beta-752	fail	8597.71	beta theta cache socket
6735	worker-omega-753	skip	2648.54	alpha delta worker stream
6736	token-gamma-754	ok	4567.06	queue sigma cache epsilon
6737	socket-delta-755	fail	2404.48	cache worker cache
6738	sigma-cache-756	fail	5641.92	parser render socket
6739	worker-kappa-757	ok	1073.93	beta gamma
6740	stream-queue-758	warn	2554.94	sigma zeta index
6741	render-kappa-759	warn	7049.15	index beta theta
6742	cache-zeta-760	warn	5691.22	sigma alpha gamma zeta
6743	beta-queue-761	fail	4176.70	sigma socket theta token
6744	index-stream-762	fail	7664.32	omega stream delta
6745	zeta-index-763	warn	7001.70	queue token
6746	queue-index-764	skip	8485.20	kappa route lambda zeta
6747	worker-worker-765	ok	8137.01	zeta cache sigma
6748	route-delta-766	warn	6958.21	gamma epsilon kappa alpha render
6749	cache-route-767	ok	5098.89	zeta lambda zeta gamma alpha
6750	index-stream-768	ok	8192.85	omega index delta queue worker
6751	sigma-render-769	skip	251.96	lambda gamma queue
6752	parser-lambda-770	warn	3478.52	cache gamma lambda
6753	sigma-worker-771	fail	5997.51	stream index
6754	beta-kappa-772	warn	7959.82	theta beta beta route omega
6755	delta-route-773	fail	5463.42	theta alpha theta socket alpha
6756	alpha-theta-774	fail	1472.66	theta render
6757	epsilon-cache-775	ok	5691.17	stream sigma omega
6758	worker-theta-776	ok	4658.72	cache token
6759	cache-socket-777	skip	2615.14	token beta
6760	socket-omega-778	warn	796.24	worker render
6761	theta-queue-779	fail	2106.03	alpha worker
6762	theta-kappa-780	fail	9997.88	epsilon zeta
6763	index-queue-781	skip	2930.52	beta beta
6764	token-render-782	fail	7739.79	cache delta delta socket omega
6765	kappa-gamma-783	ok	9236.42	beta queue parser
6766	theta-index-784	ok	1670.22	worker zeta socket
6767	index-gamma-785	ok	6114.62	parser lambda stream gamma
6768	epsilon-beta-786	ok	1584.34	parser kappa
6769	stream-queue-787	warn	6154.33	gamma lambda socket lambda kappa
6770	token-queue-788	warn	1656.55	delta delta socket
6771	omega-worker-789	warn	6323.97	cache beta render
6772	zeta-socket-790	warn	5798.00	stream beta kappa theta beta
6773	cache-token-791	skip	3195.12	alpha lambda lambda delta
6774	theta-delta-792	fail	975.58	render alpha lambda parser route
6775	cache-cache-793	fail	5220.12	gamma stream worker kappa
6776	socket-kappa-794	warn	6513.80	theta beta parser render delta
6777	alpha-alpha-795	skip	5139.26	queue zeta
6778	delta-route-796	ok	8253.86	theta socket worker cache
6779	token-socket-797	ok	1687.29	stream route zeta socket socket
6780	cache-alpha-798	warn	1213.14	route worker lambda
6781	parser-lambda-799	fail	3544.14	beta gamma parser render
6782	route-sigma-800	fail	635.44	render beta
6783	epsilon-gamma-801	skip	3991.34	kappa queue kappa alpha
6784	sigma-alpha-802	warn	2738.65	sigma render
6785	zeta-socket-803	skip	466.06	route stream gamma
6786	gamma-omega-804	fail	9653.41	sigma alpha render delta
6787	token-delta-805	skip	2839.57	token route
6788	socket-omega-806	ok	615.69	render kappa omega parser queue
6789	render-token-807	warn	9243.07	omega alpha delta render socket
6790	index-stream-808	warn	4757.66	epsilon sigma
6791	lambda-delta-809	warn	6730.90	alpha sigma worker
6792	parser-queue-810	warn	4038.20	kappa lambda
6793	kappa-cache-811	warn	7340.70	token epsilon index parser
6794	socket-token-812	fail	5252.31	lambda epsilon stream worker
6795	sigma-token-813	warn	2149.13	worker worker
6796	index-queue-814	skip	6416.92	index alpha
6797	epsilon-socket-815	fail	2635.18	theta route kappa lambda cache
6798	parser-alpha-816	fail	2229.71	token omega stream queue
6799	parser-delta-817	skip	4064.41	render stream kappa
6800	route-worker-818	warn	5784.35	sigma parser queue render index
6801	epsilon-index-819	fail	4971.41	cache alpha
6802	theta-alpha-820	fail	5041.55	lambda token stream
6803	queue-render-821	warn	9642.38	epsilon cache sigma theta
6804	omega-worker-822	ok	9237.98	zeta omega cache
6805	parser-omega-823	warn	9491.97	queue index index beta sigma
6806	index-theta-824	warn	7322.96	worker socket omega
6807	token-socket-825	ok	6235.24	sigma sigma worker delta
6808	index-alpha-826	warn	1516.62	cache render queue
6809	beta-beta-827	skip	4102.25	delta index stream alpha
6810	gamma-index-828	skip	7162.68	worker beta
6811	gamma-beta-829	warn	3564.05	stream queue
6812	epsilon-theta-830	skip	5345.89	lambda lambda
6813	stream-render-831	skip	433.45	token gamma
6814	delta-parser-832	ok	8524.24	alpha kappa render
6815	kappa-theta-833	warn	6204.36	route omega
6816	gamma-stream-834	warn	1195.89	epsilon token render
6817	theta-socket-835	skip	5127.56	delta gamma index
6818	index-route-836	skip	8265.62	sigma omega index stream
6819	index-zeta-837	skip	2332.21	token render omega gamma
6820	beta-kappa-838	fail	4241.97	gamma beta queue beta
6821	render-zeta-839	warn	3670.93	delta theta
6822	stream-zeta-840	fail	6563.47	gamma zeta parser parser delta
6823	omega-theta-841	ok	1869.29	route sigma stream alpha index
6824	render-cache-842	skip	309.27	epsilon socket omega
6825	zeta-worker-843	fail	7188.61	gamma lambda
6826	delta-queue-844	ok	7896.50	beta cache
6827	alpha-kappa-845	fail	3807.86	delta cache
6828	cache-token-846	skip	2165.27	worker index parser alpha
6829	cache-worker-847	warn	9020.25	epsilon parser epsilon cache
6830	queue-token-848	ok	8167.90	gamma lambda
6831	lambda-gamma-849	skip	293.83	queue route epsilon
6832	gamma-queue-850	fail	9710.54	lambda sigma alpha
6833	token-queue-851	skip	8414.41	queue delta alpha
6834	sigma-omega-852	ok	8236.17	queue socket beta
6835	token-sigma-853	warn	9618.30	alpha parser token omega alpha
6836	worker-omega-854	ok	2065.27	alpha render queue render cache
6837	sigma-route-855	ok	6577.62	sigma epsilon sigma render index
6838	index-gamma-856	fail	2173.55	sigma alpha queue worker
6839	token-worker-857	fail	9141.01	sigma kappa socket parser sigma
6840	token-epsilon-858	fail	8349.42	index cache token render socket
6841	index-sigma-859	skip	6481.56	render route alpha worker stream
6842	omega-gamma-860	skip	6754.14	omega stream render
6843	beta-worker-861	warn	8160.91	lambda alpha
6844	index-token-862	ok	3742.34	stream beta
6845	delta-render-863	fail	8012.93	cache kappa parser route cache
6846	delta-parser-864	ok	8621.80	epsilon delta stream
6847	stream-stream-865	warn	1276.14	theta index epsilon queue socket
6848	zeta-cache-866	warn	4668.76	route gamma
6849	beta-render-867	fail	1192.55	token worker cache alpha
6850	queue-zeta-868	ok	2701.59	sigma render
6851	cache-queue-869	skip	41.24	index omega
6852	sigma-delta-870	warn	4084.18	omega queue
6853	epsilon-gamma-871	ok	1321.73	theta zeta queue token
6854	render-omega-872	warn	7414.27	token token worker sigma
6855	zeta-alpha-873	ok	4498.78	render parser alpha
6856	index-delta-874	warn	953.95	lambda kappa render
6857	omega-parser-875	fail	3222.78	worker lambda gamma
6858	epsilon-render-876	ok	1763.87	cache gamma
6859	stream-index-877	skip	3574.29	epsilon kappa gamma index
6860	gamma-render-878	skip	852.96	stream theta
6861	lambda-beta-879	fail	7195.86	delta zeta socket token
6862	epsilon-omega-880	skip	3971.58	cache queue stream sigma
6863	delta-epsilon-881	ok	2497.02	route sigma beta
6864	kappa-cache-882	warn	6730.57	delta beta omega kappa worker
6865	cache-beta-883	ok	4687.78	render socket zeta
6866	sigma-omega-884	ok	506.91	queue token
6867	beta-alpha-885	warn	4010.92	sigma worker epsilon sigma worker
6868	delta-zeta-886	warn	9651.01	sigma delta token
6869	parser-delta-887	fail	4239.04	worker zeta epsilon gamma epsilon
6870	beta-zeta-888	ok	3915.95	lambda beta zeta index beta
6871	omega-route-889	ok	1600.02	lambda stream
6872	stream-theta-890	fail	7010.84	queue sigma index worker
6873	route-zeta-891	fail	7842.98	lambda gamma cache zeta gamma
6874	sigma-cache-892	fail	9395.38	cache socket parser
6875	stream-epsilon-893	skip	7008.76	delta socket token stream
6876	worker-queue-894	fail	6515.19	socket beta cache alpha
6877	gamma-cache-895	skip	5936.16	epsilon cache kappa queue
6878	stream-sigma-896	warn	6206.87	theta beta socket
6879	alpha-cache-897	warn	5804.44	zeta sigma
6880	worker-gamma-898	skip	3081.52	stream sigma omega route socket
6881	index-index-899	fail	5401.66	omega theta render
6882	worker-index-900	warn	4228.82	render omega alpha gamma gamma
6883	token-socket-901	skip	2676.60	queue parser route gamma
6884	theta-omega-902	warn	6882.93	sigma cache epsilon route
6885	delta-zeta-903	warn	6655.26	kappa parser
6886	delta-route-904	ok	2759.98	gamma zeta epsilon
6887	omega-delta-905	ok	3173.45	socket queue zeta route
6888	queue-token-906	fail	6959.33	worker index
6889	token-lambda-907	ok	8914.97	queue parser render stream index
6890	cache-worker-908	skip	1129.28	theta epsilon delta
6891	beta-epsilon-909	ok	5703.84	kappa alpha kappa zeta queue
6892	beta-epsilon-910	warn	6880.81	index delta epsilon cache lambda
6893	render-alpha-911	fail	3475.68	kappa cache kappa
6894	zeta-omega-912	fail	8064.17	beta queue
6895	stream-worker-913	skip	6615.39	queue kappa render worker
6896	index-omega-914	ok	2913.48	alpha socket token parser stream
6897	worker-route-915	skip	3160.53	socket sigma index kappa
6898	stream-socket-916	skip	2357.96	route stream beta
6899	lambda-lambda-917	warn	9025.87	zeta delta
6900	gamma-theta-918	ok	3392.97	socket alpha theta beta index
6901	socket-queue-919	fail	8377.81	gamma queue render
6902	theta-epsilon-920	ok	2243.45	beta index
6903	theta-socket-921	fail	9534.76	worker kappa route
6904	stream-render-922	warn	545.96	kappa omega sigma
6905	omega-worker-923	warn	2073.32	gamma stream parser stream
6906	lambda-beta-924	warn	7438.61	token zeta
6907	theta-render-925	fail	6160.71	stream stream delta sigma
6908	beta-worker-926	fail	8895.70	parser zeta route stream
6909	cache-queue-927	ok	9772.61	worker lambda stream render
6910	zeta-zeta-928	ok	9630.36	cache kappa index
6911	index-omega-929	fail	2268.02	sigma token
6912	zeta-kappa-930	ok	992.48	lambda beta parser
6913	epsilon-kappa-931	ok	3732.29	omega alpha token epsilon delta
6914	theta-stream-932	ok	2929.57	token lambda gamma
6915	token-parser-933	fail	1737.67	delta index
6916	gamma-token-934	warn	5939.40	zeta render worker zeta route
6917	index-gamma-935	skip	2411.23	queue index token gamma
6918	token-lambda-936	skip	9938.24	parser omega omega
6919	lambda-sigma-937	warn	7867.40	beta parser worker alpha alpha
6920	cache-worker-938	ok	2270.76	beta omega gamma epsilon
6921	delta-parser-939	skip	8168.47	lambda theta omega alpha
6922	token-worker-940	warn	3734.62	sigma epsilon sigma
6923	token-cache-941	fail	580.17	render route token
6924	epsilon-delta-942	fail	6450.85	render token socket epsilon queue
6925	kappa-cache-943	skip	4396.62	render epsilon beta
6926	cache-lambda-944	skip	1444.61	parser worker kappa zeta kappa
6927	parser-route-945	ok	7828.31	kappa token parser cache
6928	socket-sigma-946	warn	9171.88	sigma theta
6929	delta-parser-947	fail	7983.68	delta kappa beta alpha
6930	stream-delta-948	warn	1007.27	gamma sigma
6931	route-kappa-949	fail	4685.66	lambda delta lambda
6932	cache-gamma-950	warn	6587.01	stream socket socket
6933	delta-sigma-951	ok	9307.90	worker sigma theta cache
6934	cache-cache-952	ok	5959.78	gamma token stream
6935	cache-gamma-953	warn	9495.28	worker delta zeta theta
6936	zeta-worker-954	warn	8799.89	zeta epsilon sigma kappa
6937	alpha-route-955	warn	4667.82	cache alpha index
6938	queue-queue-956	ok	9219.40	token alpha parser
6939	parser-route-957	ok	1418.68	stream cache token alpha
6940	alpha-epsilon-958	skip	1057.62	beta theta worker zeta gamma
6941	lambda-render-959	fail	6503.60	render render sigma lambda
6942	omega-epsilon-960	ok	6175.20	stream queue
6943	token-omega-961	skip	5142.74	lambda theta render cache
6944	worker-lambda-962	ok	4293.01	worker render
6945	sigma-kappa-963	skip	2313.06	zeta kappa worker alpha
6946	index-delta-964	fail	7359.99	queue sigma
6947	queue-beta-965	fail	88.33	stream sigma stream
6948	queue-worker-966	ok	3631.69	sigma alpha worker
6949	omega-route-967	warn	1072.31	beta zeta
6950	cache-index-968	skip	5943.66	cache socket queue
6951	gamma-lambda-969	ok	1631.13	index gamma cache
6952	lambda-render-970	skip	7846.50	lambda delta
6953	alpha-token-971	warn	5749.74	worker lambda socket
6954	route-sigma-972	warn	4365.24	theta queue zeta
6955	alpha-route-973	fail	2949.81	alpha cache cache
6956	alpha-stream-974	ok	1585.72	omega alpha route route
6957	socket-delta-975	fail	6113.15	route parser kappa lambda delta
6958	beta-gamma-976	warn	4403.57	sigma kappa queue lambda token
6959	cache-worker-977	ok	3740.24	delta render
6960	worker-zeta-978	ok	1344.31	cache cache
6961	delta-render-979	warn	4294.93	index render delta cache token
6962	token-kappa-980	ok	6561.86	stream index omega
6963	cache-omega-981	fail	2664.31	zeta delta
6964	lambda-alpha-982	ok	7309.77	parser delta stream
6965	parser-index-983	ok	7272.60	lambda zeta socket beta epsilon
6966	queue-zeta-984	warn	2291.99	socket index omega gamma
6967	render-token-985	fail	1934.62	token alpha
6968	socket-theta-986	ok	5479.39	stream queue socket
6969	socket-token-987	ok	9406.02	theta gamma epsilon parser socket
6970	socket-lambda-988	warn	9572.98	socket cache route
6971	delta-sigma-989	ok	4193.00	parser lambda parser queue
6972	token-lambda-990	skip	3793.73	parser zeta epsilon
6973	route-sigma-991	warn	7672.59	socket cache alpha parser cache
6974	delta-socket-992	fail	4467.12	alpha alpha zeta
6975	queue-worker-993	warn	3013.97	theta queue
6976	theta-render-994	fail	4407.92	beta theta token
6977	route-token-995	fail	8314.43	socket gamma
6978	beta-render-996	ok	6710.22	route sigma gamma index
6979	zeta-sigma-0	ok	9269.23	theta render
6980	route-gamma-1	skip	2154.46	route beta
6981	kappa-worker-2	skip	5136.64	gamma index queue kappa cache
6982	alpha-queue-3	warn	6212.78	gamma sigma kappa
6983	socket-gamma-4	warn	2063.39	route gamma
6984	sigma-stream-5	ok	7563.16	token socket
6985	token-delta-6	ok	6537.46	zeta lambda omega
6986	route-sigma-7	skip	4379.90	cache stream
6987	index-epsilon-8	skip	3824.19	alpha cache cache
6988	delta-render-9	warn	9564.21	parser token gamma stream
6989	sigma-zeta-10	skip	110.54	token lambda omega parser
6990	zeta-render-11	fail	7682.61	render cache socket stream
6991	theta-queue-12	skip	2801.27	delta kappa index
6992	delta-sigma-13	skip	4121.62	lambda stream kappa render beta
6993	alpha-gamma-14	skip	8555.00	gamma queue sigma
6994	parser-omega-15	skip	3325.45	worker sigma worker cache
6995	queue-omega-16	fail	2494.67	zeta socket render omega
6996	zeta-worker-17	skip	632.76	epsilon alpha token lambda zeta
6997	index-render-18	warn	4463.46	worker parser kappa
6998	sigma-alpha-19	warn	8997.02	alpha kappa index alpha lambda
6999	token-theta-20	skip	7389.53	zeta token
7000	alpha-zeta-21	ok	723.80	alpha socket cache socket
7001	beta-lambda-22	fail	7405.37	epsilon parser
7002	worker-zeta-23	fail	6493.88	token token
7003	lambda-gamma-24	ok	1839.25	parser parser cache lambda epsilon
7004	beta-token-25	warn	3893.96	lambda cache worker gamma
7005	epsilon-cache-26	fail	4101.94	token kappa
7006	alpha-kappa-27	skip	4800.32	route route sigma
7007	sigma-lambda-28	skip	8835.96	theta cache omega beta
7008	index-stream-29	ok	7249.51	sigma zeta
7009	delta-lambda-30	warn	9033.28	theta zeta
7010	kappa-token-31	warn	5800.21	token queue queue
7011	socket-parser-32	warn	8805.05	queue alpha
7012	parser-sigma-33	warn	3456.00	omega parser index
7013	lambda-alpha-34	warn	8732.29	socket parser epsilon zeta
7014	theta-socket-35	skip	36.79	token delta
7015	cache-gamma-36	warn	3824.60	cache render
7016	beta-index-37	ok	6271.34	sigma queue queue queue
7017	parser-parser-38	warn	1128.15	theta stream epsilon
7018	token-omega-39	fail	3890.05	theta beta
7019	delta-gamma-40	warn	8226.06	alpha epsilon beta cache index
7020	worker-alpha-41	skip	8295.50	parser delta
7021	route-gamma-42	fail	7910.79	worker render beta
7022	epsilon-epsilon-43	ok	8583.13	render token alpha parser
7023	epsilon-omega-44	skip	2996.54	queue index delta
7024	omega-render-45	ok	3989.84	epsilon queue
7025	alpha-worker-46	fail	5040.92	omega parser
7026	omega-zeta-47	fail	4896.06	parser beta beta
7027	index-render-48	fail	357.29	delta route beta theta
7028	parser-queue-49	fail	1638.88	token delta beta gamma
7029	alpha-route-50	ok	8261.56	worker alpha lambda
7030	omega-render-51	fail	353.82	alpha delta
7031	gamma-render-52	warn	5389.90	zeta token queue
7032	omega-token-53	skip	4019.31	theta token parser
7033	gamma-kappa-54	fail	1660.18	render token delta zeta
7034	socket-stream-55	skip	8523.23	delta route stream beta
7035	zeta-stream-56	fail	2334.69	beta kappa worker
7036	index-beta-57	fail	7466.57	index stream token sigma
7037	sigma-route-58	fail	1732.75	kappa worker worker worker token
7038	worker-worker-59	fail	5044.03	omega sigma
7039	alpha-epsilon-60	skip	1037.28	stream theta
7040	lambda-stream-61	ok	2851.32	cache socket omega delta cache
7041	cache-token-62	skip	4709.76	gamma omega queue alpha beta
7042	token-beta-63	warn	203.43	cache token zeta
7043	worker-queue-64	fail	6647.74	index gamma parser parser
7044	parser-cache-65	warn	1467.38	zeta sigma
7045	omega-gamma-66	skip	5599.84	parser route delta
7046	route-kappa-67	ok	2379.12	theta zeta parser
7047	kappa-sigma-68	fail	3208.94	alpha worker
7048	cache-lambda-69	ok	7671.23	gamma socket beta parser
7049	kappa-theta-70	warn	6459.25	render stream delta lambda
7050	render-lambda-71	fail	9403.97	gamma zeta index parser
7051	worker-beta-72	skip	8907.61	worker stream
7052	beta-alpha-73	warn	6105.62	route beta alpha
7053	token-queue-74	fail	468.42	sigma socket
7054	socket-index-75	warn	1950.88	sigma kappa worker beta kappa
7055	beta-parser-76	skip	7897.53	stream worker
7056	token-worker-77	warn	1436.47	worker stream index index
7057	token-route-78	warn	4443.63	epsilon omega worker
7058	kappa-cache-79	skip	4889.50	parser cache parser
7059	lambda-lambda-80	skip	3169.89	zeta delta
7060	theta-epsilon-81	warn	1696.31	theta route
7061	epsilon-parser-82	fail	8173.88	render stream delta worker beta
7062	kappa-alpha-83	ok	5185.06	index parser
7063	delta-lambda-84	skip	2927.35	cache parser
7064	theta-worker-85	warn	194.91	cache gamma lambda delta token
7065	render-route-86	fail	959.55	kappa zeta sigma gamma
7066	lambda-worker-87	skip	273.69	token render stream lambda
7067	stream-stream-88	fail	3882.17	render stream alpha gamma zeta
7068	lambda-parser-89	warn	2833.02	index delta socket lambda
7069	kappa-epsilon-90	skip	1404.26	socket token
7070	route-worker-91	ok	3553.46	cache delta gamma
7071	queue-kappa-92	ok	8680.54	theta stream kappa cache cache
7072	queue-sigma-93	warn	533.15	index stream zeta alpha gamma
7073	lambda-gamma-94	warn	610.55	stream render gamma index queue
7074	beta-queue-95	fail	272.12	alpha route gamma
7075	omega-route-96	fail	5189.62	epsilon omega socket
7076	kappa-epsilon-97	ok	7616.25	delta omega zeta index render
7077	alpha-epsilon-98	fail	1808.64	token token delta
7078	theta-index-99	warn	2517.81	gamma worker
7079	queue-stream-100	fail	8474.28	route theta gamma
7080	sigma-render-101	skip	8155.65	render parser epsilon cache delta
7081	socket-zeta-102	ok	2811.68	epsilon omega
7082	render-beta-103	skip	3013.96	render route
7083	queue-cache-104	ok	4913.48	theta epsilon
7084	render-token-105	fail	6090.59	kappa gamma index zeta
7085	zeta-delta-106	warn	9889.46	beta stream
7086	token-socket-107	fail	2690.72	socket cache index
7087	zeta-socket-108	warn	3671.63	render cache
7088	worker-socket-109	warn	7225.82	gamma stream socket stream alpha
7089	socket-gamma-110	ok	6219.41	cache sigma socket alpha
7090	render-render-111	skip	7388.25	lambda index socket epsilon
7091	alpha-queue-112	ok	5789.74	kappa cache zeta cache
7092	gamma-zeta-113	fail	2511.44	socket socket theta zeta
7093	gamma-kappa-114	warn	8963.65	parser alpha beta
7094	stream-index-115	warn	1151.97	delta lambda lambda
7095	theta-lambda-116	skip	418.91	queue beta delta render
7096	zeta-render-117	warn	7122.01	stream worker kappa parser route
7097	theta-delta-118	fail	8807.81	token delta
7098	epsilon-epsilon-119	fail	3967.93	omega omega cache parser stream
7099	cache-lambda-120	ok	8274.49	beta gamma gamma render omega
7100	zeta-route-121	ok	2038.04	sigma index
7101	route-beta-122	skip	7149.89	sigma delta
7102	beta-parser-123	fail	4667.08	epsilon stream
7103	theta-cache-124	ok	367.69	route parser zeta stream
7104	render-lambda-125	skip	5836.49	epsilon gamma stream
7105	zeta-zeta-126	warn	2327.23	zeta delta delta
7106	cache-queue-127	ok	7663.40	queue queue zeta theta render
7107	socket-worker-128	ok	2817.87	gamma parser
7108	omega-alpha-129	ok	6138.89	route lambda sigma
7109	kappa-route-130	skip	5920.09	omega index theta sigma render
7110	route-parser-131	warn	3471.88	kappa parser
7111	queue-parser-132	fail	8539.16	stream cache delta
7112	stream-epsilon-133	ok	2577.17	stream worker render sigma delta
7113	route-kappa-134	fail	125.68	theta index sigma token beta
7114	index-beta-135	warn	5873.77	delta theta omega stream omega
7115	cache-alpha-136	warn	7530.94	delta socket gamma
7116	zeta-sigma-137	ok	4956.28	delta socket theta queue
7117	delta-zeta-138	ok	8073.66	omega theta
7118	socket-alpha-139	fail	1080.08	worker lambda socket
7119	stream-zeta-140	ok	9014.48	worker theta epsilon
7120	index-socket-141	ok	8843.09	beta index theta beta lambda
7121	socket-gamma-142	ok	4755.06	lambda index kappa
7122	stream-lambda-143	skip	2537.57	theta theta gamma
7123	lambda-worker-144	fail	5283.93	worker kappa sigma cache
7124	omega-omega-145	warn	8400.90	gamma gamma
7125	token-gamma-146	skip	6198.97	stream queue socket
7126	alpha-alpha-147	skip	2658.68	stream omega index
7127	gamma-worker-148	warn	7849.36	zeta epsilon
7128	socket-theta-149	warn	1283.02	index theta token route
7129	omega-route-150	warn	5963.21	epsilon epsilon
7130	cache-parser-151	fail	2800.85	beta index sigma
7131	beta-gamma-152	skip	4593.73	index stream
7132	stream-epsilon-153	fail	5489.90	gamma sigma alpha cache
7133	lambda-zeta-154	ok	6097.39	alpha route
7134	worker-alpha-155	ok	7958.80	socket theta token worker beta
7135	kappa-theta-156	warn	1583.60	index cache
7136	sigma-lambda-157	skip	625.92	index worker worker epsilon
7137	token-theta-158	skip	4244.65	zeta sigma index
7138	epsilon-sigma-159	skip	3482.30	beta alpha beta index gamma
7139	kappa-epsilon-160	warn	419.71	sigma render kappa
7140	route-socket-161	skip	1507.22	parser lambda epsilon
7141	alpha-index-162	warn	9264.59	kappa omega parser token
7142	epsilon-lambda-163	fail	1625.83	sigma cache
7143	index-theta-164	skip	6082.13	omega route beta
7144	token-zeta-165	fail	2859.82	alpha omega token theta sigma
7145	omega-token-166	ok	5612.71	render worker
7146	delta-parser-167	warn	9843.75	queue token render lambda omega
7147	token-socket-168	fail	1513.22	zeta index alpha kappa
7148	route-gamma-169	warn	3478.97	index zeta zeta socket socket
7149	zeta-delta-170	warn	5028.55	lambda queue stream
7150	gamma-render-171	ok	2803.92	token omega
7151	worker-queue-172	warn	3781.24	token parser token parser
7152	token-parser-173	ok	6320.26	sigma token parser worker zeta
7153	queue-stream-174	skip	4033.05	route zeta cache
7154	kappa-kappa-175	ok	5226.85	alpha theta parser kappa epsilon
7155	token-route-176	ok	5926.57	queue epsilon socket parser
7156	alpha-beta-177	skip	3710.57	zeta queue index route theta
7157	render-token-178	skip	653.20	queue parser socket sigma
7158	cache-worker-179	fail	3824.11	alpha lambda worker
7159	socket-worker-180	ok	6848.21	socket kappa theta
7160	epsilon-epsilon-181	ok	1410.61	index zeta sigma worker
7161	omega-gamma-182	fail	7201.93	render stream
7162	gamma-omega-183	fail	5560.82	render parser socket route
7163	kappa-index-184	warn	7758.55	omega lambda
7164	token-delta-185	ok	2643.15	route parser route
7165	epsilon-worker-186	ok	61.88	epsilon stream
7166	route-lambda-187	warn	3443.74	route zeta cache
7167	omega-render-188	fail	6366.04	stream stream omega route
7168	beta-theta-189	ok	516.84	cache stream
7169	beta-parser-190	fail	2494.15	delta index lambda
7170	lambda-beta-191	fail	6788.76	render worker worker
7171	kappa-alpha-192	ok	588.32	lambda gamma delta index
7172	lambda-route-193	warn	7936.45	zeta parser kappa zeta lambda
7173	route-beta-194	skip	9576.73	theta lambda theta gamma
7174	worker-cache-195	skip	9444.68	parser sigma beta
7175	worker-epsilon-196	skip	838.20	token worker sigma token
7176	zeta-zeta-197	ok	3273.90	token queue parser delta
7177	cache-queue-198	warn	4120.61	beta omega
7178	omega-stream-199	skip	2683.03	alpha parser omega
7179	alpha-worker-200	ok	7219.90	worker zeta beta index theta
7180	render-zeta-201	ok	1688.09	render omega alpha
7181	render-socket-202	ok	9246.60	route epsilon theta index
7182	socket-gamma-203	ok	5441.00	token sigma
7183	gamma-beta-204	ok	4826.16	omega token sigma
7184	token-lambda-205	warn	2677.01	gamma omega
7185	delta-queue-206	warn	5721.64	stream render epsilon delta epsilon
7186	kappa-delta-207	ok	4711.21	beta route alpha render beta
7187	sigma-queue-208	warn	9329.33	zeta stream sigma
7188	cache-zeta-209	fail	2334.09	index lambda stream theta
7189	index-alpha-210	skip	5108.48	kappa sigma cache socket
7190	omega-parser-211	fail	1130.55	route lambda socket alpha delta
7191	epsilon-lambda-212	fail	2891.18	lambda lambda cache index theta
7192	sigma-stream-213	warn	6297.26	alpha parser
7193	token-gamma-214	fail	7849.31	render cache lambda alpha socket
7194	parser-epsilon-215	warn	3866.23	index alpha epsilon beta zeta
7195	socket-sigma-216	ok	9984.12	route queue gamma socket
7196	parser-sigma-217	ok	5905.87	sigma alpha
7197	parser-gamma-218	warn	2669.37	theta kappa worker token worker
7198	worker-token-219	skip	3466.54	sigma kappa stream
7199	parser-sigma-220	warn	3730.94	theta zeta omega
7200	kappa-lambda-221	fail	6396.43	render sigma index alpha
7201	kappa-gamma-222	skip	5825.62	socket socket gamma route gamma
7202	beta-socket-223	warn	9948.12	epsilon token delta
7203	epsilon-alpha-224	skip	6253.70	render queue
7204	worker-gamma-225	fail	6251.07	stream route alpha alpha theta
7205	beta-alpha-226	warn	9546.80	sigma token lambda
7206	theta-epsilon-227	skip	1384.07	theta token parser
7207	token-stream-228	warn	1152.70	cache worker queue theta
7208	token-stream-229	ok	103.68	gamma stream theta worker theta
7209	beta-theta-230	fail	2494.23	stream token lambda gamma beta
7210	worker-route-231	warn	8393.76	parser worker stream epsilon
7211	socket-omega-232	skip	9199.01	zeta render stream
7212	queue-stream-233	warn	671.87	kappa kappa cache
7213	queue-sigma-234	warn	5484.70	token sigma kappa index
7214	beta-lambda-235	ok	7775.53	gamma sigma parser
7215	sigma-alpha-236	ok	2731.87	omega zeta
7216	epsilon-cache-237	fail	2026.35	render token omega gamma
7217	sigma-beta-238	warn	2279.24	render zeta alpha
7218	theta-route-239	warn	3226.41	sigma alpha omega
7219	sigma-worker-240	ok	1564.50	kappa parser socket
7220	beta-index-241	fail	3321.78	parser zeta route
7221	index-token-242	fail	7876.40	worker index
7222	worker-zeta-243	fail	3350.98	theta worker token
7223	kappa-alpha-244	fail	898.97	delta worker
7224	token-omega-245	fail	7930.42	gamma render
7225	parser-zeta-246	ok	2681.36	queue worker
7226	token-cache-247	fail	5009.29	socket theta
7227	token-cache-248	ok	1488.67	render socket token lambda
7228	stream-kappa-249	ok	4126.70	queue queue parser beta
7229	stream-epsilon-250	ok	1068.41	omega epsilon index socket
7230	sigma-socket-251	skip	9598.65	sigma token render route render
7231	epsilon-parser-252	warn	3872.56	sigma stream
7232	sigma-gamma-253	ok	7647.91	kappa socket render
7233	queue-index-254	warn	2236.74	delta worker index cache
7234	parser-sigma-255	warn	6626.72	token gamma beta token index
7235	worker-omega-256	fail	6031.19	socket stream alpha
7236	kappa-socket-257	ok	7440.09	index beta kappa omega
7237	beta-queue-258	warn	877.10	beta epsilon worker delta delta
7238	zeta-delta-259	warn	7510.91	omega stream cache
7239	lambda-omega-260	fail	9127.81	worker lambda theta render
7240	zeta-theta-261	warn	734.20	kappa worker omega alpha
7241	worker-index-262	skip	8326.44	cache stream cache
7242	lambda-queue-263	skip	4075.50	zeta queue queue worker gamma
7243	lambda-zeta-264	warn	9755.16	zeta queue delta render cache
7244	kappa-queue-265	fail	6138.76	token worker theta parser stream
7245	omega-zeta-266	fail	4085.43	sigma queue token parser
7246	route-cache-267	skip	8531.91	epsilon socket stream beta
7247	lambda-epsilon-268	skip	3061.21	token token
7248	beta-cache-269	skip	1263.83	alpha gamma
7249	beta-delta-270	skip	1833.65	beta sigma worker alpha worker
7250	kappa-parser-271	ok	3016.58	gamma token sigma zeta
7251	delta-cache-272	fail	7207.97	queue epsilon kappa epsilon lambda
7252	delta-parser-273	skip	6405.85	render gamma sigma
7253	queue-alpha-274	ok	9814.62	stream queue alpha
7254	queue-delta-275	warn	2276.62	beta alpha delta delta
7255	beta-render-276	ok	4686.03	parser epsilon kappa socket
7256	epsilon-zeta-277	ok	2972.33	index route kappa beta
7257	parser-kappa-278	skip	8119.63	token gamma route
7258	sigma-render-279	ok	649.27	token delta worker alpha stream
7259	stream-cache-280	fail	918.43	kappa queue sigma alpha
7260	sigma-route-281	skip	4776.26	socket zeta alpha route
7261	sigma-epsilon-282	fail	7506.18	cache socket delta socket
7262	theta-token-283	fail	294.45	render index beta
7263	epsilon-index-284	warn	9982.19	socket stream zeta alpha
7264	worker-socket-285	skip	1763.52	render theta
7265	theta-epsilon-286	warn	350.29	lambda worker token sigma
7266	gamma-index-287	skip	7861.36	queue sigma kappa beta worker
7267	sigma-stream-288	fail	5437.78	lambda epsilon route worker
7268	alpha-epsilon-289	warn	1321.73	kappa route zeta kappa
7269	token-route-290	fail	8149.95	queue zeta lambda beta worker
7270	parser-beta-291	skip	2221.24	zeta delta
7271	sigma-kappa-292	skip	8740.03	lambda cache theta
7272	delta-index-293	fail	3520.41	omega socket worker stream worker
7273	epsilon-gamma-294	fail	663.04	index zeta omega index socket
7274	lambda-stream-295	fail	7023.13	gamma theta delta gamma worker
7275	stream-lambda-296	warn	9725.19	kappa epsilon theta
7276	index-route-297	warn	8319.40	socket stream worker stream
7277	kappa-route-298	warn	2291.56	index theta delta
7278	token-cache-299	skip	4760.47	render epsilon
7279	queue-route-300	warn	4817.69	gamma queue cache cache
7280	render-cache-301	warn	4276.21	epsilon sigma kappa stream index
7281	index-worker-302	skip	2060.04	epsilon route
7282	omega-index-303	ok	4808.56	alpha theta beta token
7283	route-route-304	fail	6080.66	socket worker delta lambda
7284	socket-route-305	ok	6066.73	sigma lambda
7285	cache-worker-306	warn	8089.99	cache cache beta
7286	epsilon-cache-307	skip	7869.65	kappa route render socket epsilon
7287	epsilon-sigma-308	fail	8692.12	zeta beta
7288	beta-lambda-309	skip	2949.13	zeta render token theta
7289	parser-socket-310	warn	7030.08	zeta theta queue lambda
7290	gamma-cache-311	fail	7732.48	cache gamma queue
7291	beta-worker-312	ok	3482.26	parser parser beta omega
7292	token-token-313	warn	2766.87	queue render
7293	socket-token-314	skip	9949.57	cache index lambda sigma index
7294	worker-parser-315	skip	3453.83	stream queue
7295	worker-socket-316	fail	643.62	cache lambda delta queue
7296	epsilon-cache-317	fail	4690.80	epsilon stream beta lambda zeta
7297	sigma-zeta-318	skip	4985.27	render lambda sigma
7298	sigma-parser-319	fail	1897.85	delta stream zeta omega
7299	epsilon-parser-320	skip	8490.61	lambda route
7300	delta-index-321	skip	4331.49	stream kappa lambda
7301	cache-kappa-322	skip	7731.96	omega beta
7302	alpha-lambda-323	ok	66.03	kappa zeta
7303	lambda-gamma-324	fail	5387.71	beta worker sigma kappa
7304	worker-render-325	fail	4885.54	cache kappa queue parser
7305	zeta-gamma-326	warn	7944.84	kappa epsilon worker gamma
7306	alpha-token-327	warn	4377.47	alpha alpha
7307	worker-sigma-328	skip	3897.83	stream queue render kappa
7308	gamma-socket-329	skip	283.19	index lambda cache
7309	socket-gamma-330	fail	1855.96	cache delta
7310	worker-token-331	warn	6263.94	gamma alpha parser cache index
7311	cache-theta-332	fail	5919.52	kappa cache
7312	queue-index-333	warn	596.61	gamma index omega token
7313	alpha-beta-334	warn	3586.66	alpha stream delta omega index
7314	zeta-sigma-335	ok	9569.62	render worker epsilon cache
7315	index-beta-336	skip	2139.23	token kappa lambda kappa
7316	gamma-delta-337	ok	4122.32	render lambda beta worker
7317	socket-epsilon-338	warn	5566.92	queue gamma epsilon kappa
7318	alpha-gamma-339	skip	9152.81	theta epsilon
7319	socket-omega-340	ok	1653.70	kappa beta omega socket
7320	queue-render-341	warn	6284.25	index omega
7321	omega-beta-342	skip	3018.96	zeta token
7322	route-sigma-343	skip	6593.57	beta route
7323	omega-parser-344	warn	9210.53	sigma omega lambda
7324	worker-token-345	fail	1985.97	theta epsilon delta route lambda
7325	delta-epsilon-346	warn	752.70	delta stream
7326	stream-zeta-347	fail	3252.62	queue sigma token cache token
7327	theta-socket-348	warn	8337.30	queue gamma delta epsilon
7328	stream-cache-349	fail	4452.21	alpha zeta stream route
7329	socket-theta-350	fail	5022.53	lambda worker delta beta
7330	stream-parser-351	warn	3530.89	socket omega stream
7331	sigma-kappa-352	warn	7557.45	gamma cache alpha
7332	zeta-route-353	warn	2057.79	index worker parser
7333	lambda-alpha-354	ok	9735.99	delta index socket
7334	token-kappa-355	ok	8916.72	theta token
7335	alpha-token-356	fail	9104.79	omega stream
7336	delta-render-357	fail	1399.29	cache stream alpha
7337	stream-delta-358	fail	8854.05	cache zeta route delta token
7338	index-cache-359	ok	6715.56	cache theta alpha stream token
7339	lambda-delta-360	skip	6988.04	queue zeta stream
7340	theta-delta-361	skip	5905.81	beta alpha beta worker stream
7341	token-lambda-362	ok	3607.53	worker queue theta theta cache
7342	index-gamma-363	fail	6743.94	socket token lambda
7343	stream-omega-364	skip	1338.15	parser worker index
7344	epsilon-delta-365	skip	1820.77	omega omega sigma zeta zeta
7345	lambda-queue-366	skip	6838.88	route cache
7346	token-kappa-367	skip	5268.17	epsilon token stream
7347	sigma-route-368	fail	6813.35	sigma index theta delta
7348	render-socket-369	warn	321.70	parser socket zeta parser
7349	stream-socket-370	skip	5891.79	worker worker token theta epsilon
7350	render-beta-371	skip	1665.57	gamma delta queue
7351	gamma-socket-372	fail	2225.94	token omega worker worker
7352	kappa-token-373	fail	7313.85	kappa route stream
7353	kappa-queue-374	skip	6462.24	zeta parser route parser
7354	kappa-kappa-375	ok	5592.86	lambda alpha
7355	socket-kappa-376	fail	5170.73	route worker kappa
7356	omega-zeta-377	ok	4679.42	token route stream
7357	index-zeta-378	fail	784.72	lambda theta render
7358	zeta-render-379	skip	3048.91	lambda render
7359	delta-stream-380	warn	902.17	alpha stream worker delta token
7360	token-queue-381	fail	574.25	socket parser cache queue token
7361	sigma-render-382	warn	8691.09	cache cache lambda sigma omega
7362	socket-route-383	skip	7202.80	kappa cache sigma queue beta
7363	parser-beta-384	fail	470.61	socket worker
7364	lambda-omega-385	ok	7424.37	epsilon gamma epsilon socket
7365	delta-kappa-386	fail	7589.20	omega lambda delta
7366	token-queue-387	skip	8562.61	token parser cache
7367	sigma-lambda-388	warn	3222.65	omega gamma index
7368	beta-beta-389	ok	7479.37	index zeta
7369	worker-route-390	ok	4928.11	worker epsilon
7370	worker-zeta-391	ok	2861.09	alpha stream cache token worker
7371	beta-alpha-392	ok	1598.90	omega theta beta
7372	render-stream-393	ok	2942.30	cache kappa omega socket stream
7373	render-render-394	skip	6141.33	delta cache
7374	beta-sigma-395	ok	9329.29	alpha delta omega omega
7375	index-route-396	warn	2048.92	omega gamma omega route theta
7376	theta-lambda-397	fail	2608.44	token stream parser delta parser
7377	gamma-lambda-398	fail	2287.59	stream sigma
7378	alpha-queue-399	fail	765.65	omega zeta render render
7379	delta-render-400	skip	7556.70	delta route theta stream kappa
7380	parser-kappa-401	warn	4911.74	gamma worker stream gamma
7381	gamma-alpha-402	skip	1282.88	lambda index
7382	index-sigma-403	ok	9635.87	socket token kappa stream
7383	gamma-theta-404	warn	4028.44	render lambda omega queue stream
7384	queue-cache-405	skip	8770.78	gamma theta kappa sigma
7385	queue-socket-406	fail	4910.06	zeta omega omega sigma
7386	worker-lambda-407	ok	5014.72	cache route parser beta
7387	worker-route-408	ok	2517.94	render render
7388	omega-delta-409	warn	6052.17	token kappa token
7389	cache-render-410	ok	4676.96	lambda sigma render
7390	epsilon-delta-411	warn	1663.90	kappa zeta
7391	render-sigma-412	fail	5851.36	epsilon parser worker delta epsilon
7392	route-lambda-413	ok	6669.17	cache epsilon
7393	delta-render-414	fail	5557.05	kappa token
7394	theta-queue-415	ok	1677.27	render parser
7395	alpha-parser-416	ok	9509.81	lambda delta sigma index theta
7396	parser-zeta-417	ok	1941.57	lambda socket route kappa
7397	worker-kappa-418	warn	3943.36	omega lambda cache route
7398	route-sigma-419	fail	2096.67	alpha token stream route alpha
7399	sigma-delta-420	fail	6091.27	route kappa epsilon queue gamma
7400	parser-epsilon-421	warn	3118.23	beta token theta beta zeta
7401	stream-socket-422	ok	2822.14	route socket worker
7402	lambda-stream-423	skip	2679.42	queue route parser
7403	sigma-omega-424	ok	760.12	sigma render sigma route worker
7404	sigma-alpha-425	fail	6905.19	route gamma alpha
7405	zeta-kappa-426	warn	1801.44	epsilon beta stream
7406	beta-index-427	skip	2523.57	queue render kappa zeta
7407	route-render-428	skip	3588.41	queue delta delta
7408	queue-gamma-429	warn	1444.97	render worker
7409	lambda-cache-430	skip	2963.35	stream cache queue epsilon
7410	parser-lambda-431	skip	9036.45	delta beta token index
7411	render-queue-432	fail	1045.62	render zeta zeta socket kappa
7412	worker-cache-433	skip	8982.10	omega zeta
7413	index-socket-434	ok	7469.67	stream kappa alpha gamma
7414	omega-theta-435	ok	5126.53	worker stream
7415	omega-worker-436	ok	8258.87	sigma alpha token stream token
7416	alpha-cache-437	skip	1451.65	index beta
7417	token-zeta-438	fail	4646.11	queue theta gamma sigma index
7418	delta-render-439	fail	5775.00	delta token gamma parser alpha
7419	lambda-epsilon-440	fail	8940.86	cache index epsilon
7420	render-lambda-441	warn	6127.98	alpha route delta cache
7421	alpha-alpha-442	fail	5957.02	render sigma zeta socket gamma
7422	lambda-delta-443	skip	3516.42	parser epsilon zeta delta kappa
7423	parser-index-444	fail	4226.36	worker worker
7424	queue-epsilon-445	fail	4991.91	theta theta
7425	theta-sigma-446	warn	1593.08	stream omega kappa alpha
7426	omega-gamma-447	fail	1429.48	queue route
7427	index-socket-448	warn	6329.59	alpha kappa alpha
7428	kappa-alpha-449	fail	585.93	alpha epsilon socket zeta alpha
7429	worker-gamma-450	ok	7542.37	cache queue
7430	kappa-index-451	warn	4075.62	token omega alpha
7431	theta-omega-452	skip	5936.40	epsilon socket
7432	token-index-453	skip	173.86	omega epsilon beta delta
7433	cache-sigma-454	fail	2809.54	stream alpha beta cache alpha
7434	stream-worker-455	skip	3135.49	epsilon socket
7435	beta-lambda-456	fail	878.99	index index
7436	socket-delta-457	warn	2076.44	omega route delta queue
7437	zeta-zeta-458	warn	3354.65	beta render beta worker
7438	render-index-459	fail	1366.45	sigma cache stream theta alpha
7439	queue-omega-460	warn	5372.50	epsilon gamma parser theta token
7440	socket-gamma-461	fail	9684.36	stream sigma
7441	token-index-462	ok	5140.60	stream index delta render socket
7442	stream-beta-463	warn	3984.34	worker render
7443	zeta-render-464	fail	158.75	alpha beta zeta beta socket
7444	route-omega-465	fail	5252.03	cache worker sigma stream
7445	sigma-omega-466	fail	3933.05	epsilon route
7446	socket-zeta-467	skip	5078.54	stream kappa cache zeta route
7447	theta-token-468	skip	6082.17	render epsilon sigma parser worker
7448	socket-socket-469	fail	740.23	sigma worker sigma index
7449	route-alpha-470	warn	6799.92	kappa epsilon theta worker queue
7450	cache-route-471	ok	3372.06	queue delta
7451	route-parser-472	ok	8246.21	alpha sigma alpha beta lambda
7452	socket-index-473	skip	962.94	gamma stream
7453	token-stream-474	ok	4504.14	cache worker stream render
7454	zeta-socket-475	ok	4976.49	lambda socket theta omega socket
7455	render-zeta-476	ok	8587.80	beta lambda stream lambda
7456	socket-parser-477	ok	3842.06	render zeta queue
7457	beta-worker-478	ok	3478.84	stream gamma stream
7458	lambda-delta-479	warn	2596.46	kappa zeta token
7459	lambda-route-480	skip	3102.89	index cache sigma omega
7460	render-index-481	skip	1719.05	epsilon kappa index alpha sigma
7461	worker-stream-482	fail	925.50	omega theta parser omega parser
7462	stream-theta-483	fail	7059.04	zeta token
7463	queue-cache-484	warn	7670.22	route theta
7464	socket-gamma-485	warn	3333.50	epsilon parser render worker delta
7465	route-cache-486	fail	7522.51	gamma sigma route epsilon
7466	epsilon-beta-487	fail	8952.43	stream cache socket
7467	index-alpha-488	warn	3200.02	beta cache
7468	kappa-socket-489	warn	4907.26	omega socket route render parser
7469	omega-delta-490	ok	8870.90	socket theta queue
7470	sigma-cache-491	ok	133.27	gamma token cache
7471	alpha-parser-492	ok	1760.20	parser delta sigma lambda token
7472	route-omega-493	ok	5694.56	stream alpha
7473	delta-beta-494	ok	4970.44	delta epsilon kappa
7474	zeta-epsilon-495	skip	6646.37	token worker delta
7475	lambda-queue-496	ok	5606.66	theta lambda route alpha zeta
7476	token-cache-497	skip	8120.93	parser theta gamma socket beta
7477	epsilon-delta-498	ok	3707.64	sigma render gamma queue worker
7478	index-render-499	fail	3377.89	socket epsilon delta
7479	alpha-queue-500	fail	8902.27	index cache omega
7480	worker-sigma-501	ok	4728.74	lambda route
7481	kappa-queue-502	ok	1547.12	render beta index parser
7482	sigma-token-503	skip	7491.35	cache token zeta kappa delta
7483	gamma-worker-504	fail	3076.82	cache kappa queue
7484	omega-index-505	warn	2258.16	gamma render render queue sigma
7485	token-stream-506	warn	7666.71	index lambda epsilon
7486	kappa-stream-507	ok	6777.01	lambda cache
7487	worker-gamma-508	fail	2159.39	alpha index worker zeta lambda
7488	worker-token-509	ok	4933.36	theta parser sigma
7489	render-stream-510	ok	405.71	route socket queue
7490	omega-epsilon-511	warn	8939.04	beta epsilon gamma worker queue
7491	theta-render-512	ok	5757.48	delta sigma
7492	delta-gamma-513	warn	4444.63	epsilon index worker kappa parser
7493	render-zeta-514	fail	768.87	gamma zeta render cache cache
7494	beta-omega-515	fail	361.92	gamma sigma epsilon
7495	kappa-render-516	ok	97.59	token epsilon gamma
7496	delta-epsilon-517	ok	4041.50	omega sigma
7497	zeta-parser-518	skip	9813.88	render delta index
7498	queue-socket-519	skip	7385.10	epsilon route delta index
7499	parser-render-520	skip	9651.84	delta token beta alpha
7500	queue-delta-521	warn	4664.08	theta theta stream cache queue
7501	omega-token-522	skip	5402.36	socket token epsilon theta parser
7502	theta-socket-523	fail	2454.94	lambda cache
7503	queue-worker-524	skip	1043.91	index kappa parser gamma
7504	gamma-omega-525	skip	2677.85	token token zeta zeta
7505	socket-alpha-526	warn	3548.63	epsilon token token worker
7506	index-zeta-527	skip	6319.58	stream route theta render omega
7507	worker-lambda-528	fail	1158.04	stream sigma beta kappa epsilon
7508	gamma-zeta-529	fail	577.73	stream stream index zeta render
7509	alpha-kappa-530	ok	1788.53	render kappa zeta delta
7510	render-cache-531	skip	1808.67	delta queue index parser
7511	socket-epsilon-532	skip	1084.35	index beta
7512	epsilon-alpha-533	ok	1844.95	epsilon queue sigma
7513	lambda-render-534	fail	5798.16	omega parser token cache
7514	index-socket-535	ok	8313.92	worker token theta cache
7515	omega-parser-536	skip	4709.68	route sigma zeta
7516	parser-stream-537	fail	6897.89	socket token omega worker
7517	route-theta-538	skip	3973.18	zeta parser
7518	lambda-kappa-539	skip	2888.41	parser delta
7519	kappa-sigma-540	fail	9001.93	parser parser route socket
7520	lambda-route-541	ok	7323.61	queue stream kappa
7521	theta-gamma-542	ok	5866.08	worker zeta route theta parser
7522	stream-epsilon-543	ok	3378.92	lambda cache parser alpha
7523	render-epsilon-544	skip	6646.16	worker worker
7524	alpha-sigma-545	skip	2112.00	queue epsilon
7525	kappa-parser-546	skip	6949.89	kappa render epsilon omega epsilon
7526	kappa-index-547	skip	5532.87	parser delta omega alpha alpha
7527	zeta-cache-548	skip	3150.42	delta route render kappa
7528	theta-index-549	fail	6894.81	worker render epsilon
7529	token-omega-550	fail	1588.94	omega zeta cache
7530	route-zeta-551	warn	7882.50	epsilon sigma omega lambda
7531	omega-worker-552	warn	914.48	route token queue gamma
7532	alpha-zeta-553	warn	8893.99	stream queue
7533	gamma-socket-554	warn	694.65	socket beta
7534	omega-cache-555	warn	399.59	alpha worker worker omega
7535	render-zeta-556	ok	7520.69	queue worker cache epsilon kappa
7536	delta-route-557	ok	2111.97	alpha render index
7537	token-route-558	fail	151.15	lambda stream beta token token
7538	zeta-stream-559	skip	1945.40	kappa lambda worker parser zeta
7539	theta-worker-560	fail	5564.90	lambda theta cache
7540	socket-delta-561	ok	2058.23	route sigma token sigma lambda
7541	token-token-562	ok	3951.03	sigma route kappa kappa
7542	epsilon-queue-563	ok	4204.00	worker omega
7543	queue-index-564	ok	6599.61	socket alpha queue sigma gamma
7544	parser-render-565	warn	7090.45	sigma cache
7545	route-queue-566	skip	7641.91	worker cache epsilon
7546	zeta-epsilon-567	ok	9282.46	route route cache parser
7547	stream-cache-568	fail	1001.92	zeta beta route theta
7548	render-queue-569	ok	822.75	render omega sigma queue
7549	alpha-epsilon-570	warn	6539.47	worker kappa omega
7550	stream-socket-571	skip	5529.97	stream cache worker
7551	omega-parser-572	fail	8134.65	beta epsilon kappa queue
7552	gamma-render-573	skip	1812.14	cache queue index epsilon
7553	render-index-574	skip	2712.90	sigma beta stream socket
7554	index-route-575	fail	4450.93	queue delta queue
7555	route-sigma-576	ok	7129.51	zeta kappa
7556	kappa-queue-577	ok	8211.33	theta zeta alpha render
7557	alpha-worker-578	skip	9014.59	lambda lambda render socket stream
7558	gamma-cache-579	warn	1085.95	token theta parser gamma
7559	beta-alpha-580	fail	7893.45	delta kappa
7560	route-delta-581	ok	2352.04	lambda cache lambda kappa
7561	delta-lambda-582	skip	2476.42	token route
7562	zeta-zeta-583	ok	2387.94	delta gamma zeta omega
7563	delta-sigma-584	skip	5715.66	gamma kappa beta
7564	queue-zeta-585	fail	9963.06	theta cache index delta
7565	beta-beta-586	ok	1438.25	lambda index render queue
7566	lambda-delta-587	fail	1466.48	epsilon epsilon
7567	omega-render-588	fail	5690.21	kappa lambda
7568	cache-kappa-589	ok	7455.95	cache beta
7569	worker-sigma-590	skip	801.96	lambda socket lambda lambda
7570	zeta-delta-591	warn	2329.50	token omega socket delta delta
7571	render-route-592	skip	1709.98	worker parser epsilon
7572	token-sigma-593	fail	3905.09	stream stream delta socket
7573	queue-render-594	warn	8115.82	lambda socket
7574	render-sigma-595	fail	1242.70	delta stream alpha
7575	delta-zeta-596	skip	8871.50	worker alpha gamma socket
7576	theta-parser-597	skip	8400.32	epsilon parser gamma lambda token
7577	zeta-theta-598	fail	1327.32	alpha theta cache
7578	epsilon-worker-599	skip	2487.87	parser render render
7579	lambda-epsilon-600	ok	3090.65	lambda parser lambda delta render
7580	route-beta-601	ok	4999.88	socket kappa render cache
7581	sigma-kappa-602	fail	4361.38	render token zeta delta
7582	index-beta-603	ok	3759.32	gamma gamma index socket parser
7583	epsilon-omega-604	fail	1289.60	lambda render render
7584	queue-theta-605	warn	8200.46	parser index
7585	kappa-lambda-606	fail	2671.02	alpha socket epsilon
7586	queue-index-607	ok	555.10	alpha cache lambda
7587	omega-queue-608	ok	322.32	theta theta
7588	lambda-delta-609	warn	4983.03	index index index socket
7589	worker-lambda-610	fail	1703.49	cache cache stream
7590	cache-lambda-611	skip	655.10	kappa index queue socket alpha
7591	kappa-parser-612	ok	4768.87	epsilon worker kappa render
7592	worker-cache-613	skip	6529.31	cache theta parser theta route
7593	delta-alpha-614	skip	1410.52	gamma beta sigma zeta
7594	parser-worker-615	skip	507.73	parser render epsilon epsilon
7595	sigma-token-616	fail	4396.45	cache beta beta
7596	delta-epsilon-617	warn	2275.33	stream socket beta beta
7597	index-epsilon-618	fail	5882.64	lambda kappa socket stream sigma
7598	render-kappa-619	ok	1362.34	lambda beta beta sigma
7599	parser-worker-620	fail	5913.37	lambda stream parser
7600	stream-gamma-621	fail	4044.83	parser gamma queue parser beta
7601	theta-omega-622	skip	1092.34	parser parser token sigma sigma
7602	socket-gamma-623	ok	9195.31	lambda parser index
7603	index-socket-624	skip	193.82	omega gamma theta
7604	cache-beta-625	fail	4426.11	render worker gamma epsilon delta
7605	cache-lambda-626	ok	7438.84	delta socket queue omega
7606	lambda-index-627	warn	5052.00	kappa lambda render queue
7607	worker-queue-628	warn	3824.94	token gamma index
7608	omega-delta-629	warn	5573.26	theta gamma
7609	socket-socket-630	fail	3762.54	epsilon route index index cache
7610	alpha-epsilon-631	skip	3772.52	kappa zeta omega alpha sigma
7611	alpha-sigma-632	warn	7120.37	render index route beta token
7612	alpha-worker-633	ok	3784.48	delta delta parser route
7613	token-theta-634	ok	4635.93	route omega lambda theta stream
7614	epsilon-gamma-635	ok	1297.62	index worker beta
7615	parser-gamma-636	skip	5817.81	cache alpha
7616	lambda-route-637	fail	8016.38	render parser zeta zeta
7617	lambda-omega-638	ok	3749.68	stream socket socket token route
7618	queue-socket-639	fail	9339.31	token beta
7619	delta-gamma-640	ok	8321.88	theta omega
7620	zeta-omega-641	skip	2650.85	route queue stream render
7621	theta-stream-642	fail	2635.70	delta stream
7622	lambda-index-643	fail	1607.25	zeta omega gamma gamma
7623	queue-cache-644	skip	110.34	queue route delta parser
7624	stream-gamma-645	warn	827.86	epsilon alpha render route index
7625	gamma-gamma-646	fail	6209.09	omega sigma worker render
7626	queue-socket-647	warn	7580.41	stream index
7627	theta-token-648	fail	703.50	route worker cache lambda
7628	queue-index-649	warn	6734.53	delta sigma cache epsilon route
7629	delta-omega-650	skip	327.79	sigma sigma beta
7630	zeta-theta-651	ok	2442.02	theta omega omega
7631	alpha-route-652	fail	5544.03	route index beta token gamma
7632	token-render-653	warn	9327.35	beta lambda
7633	kappa-delta-654	ok	7283.42	socket epsilon
7634	index-route-655	fail	7969.95	beta socket cache zeta
7635	zeta-worker-656	ok	8392.15	route omega lambda
7636	token-sigma-657	skip	233.23	epsilon parser token parser token
7637	stream-route-658	skip	4212.16	index cache sigma theta
7638	socket-token-659	ok	7238.19	gamma theta queue
7639	theta-parser-660	fail	6381.64	sigma delta index parser gamma
7640	theta-parser-661	fail	667.09	lambda parser token render queue
7641	delta-sigma-662	warn	29.82	queue epsilon kappa
7642	token-index-663	fail	223.18	theta zeta
7643	lambda-stream-664	skip	3509.10	token lambda stream
7644	epsilon-index-665	warn	8964.79	token render alpha render
7645	lambda-stream-666	fail	234.70	beta sigma render
7646	render-theta-667	ok	7729.02	token render
7647	route-kappa-668	ok	374.95	worker delta delta beta
7648	sigma-queue-669	ok	3930.26	socket delta render
7649	gamma-index-670	ok	1250.66	zeta delta
7650	gamma-route-671	warn	9106.09	gamma omega socket worker
7651	epsilon-theta-672	skip	1462.74	render route gamma
7652	socket-lambda-673	ok	6673.64	worker render omega delta route
7653	cache-delta-674	skip	9103.13	route socket token cache
7654	zeta-lambda-675	skip	1141.80	queue route route alpha parser
7655	theta-omega-676	fail	8014.34	cache kappa delta delta
7656	gamma-route-677	ok	6948.82	sigma zeta delta kappa
7657	alpha-epsilon-678	ok	7175.26	queue queue gamma beta socket
7658	beta-index-679	warn	964.91	socket cache
7659	epsilon-parser-680	skip	2305.13	route stream lambda
7660	token-kappa-681	warn	6481.65	index lambda
7661	parser-zeta-682	warn	9961.44	queue cache worker delta lambda
7662	kappa-sigma-683	ok	3971.50	worker parser gamma zeta token
7663	cache-epsilon-684	skip	1954.25	alpha token epsilon socket parser
7664	sigma-worker-685	skip	6847.50	stream index
7665	gamma-sigma-686	ok	5195.96	alpha route sigma
7666	sigma-delta-687	fail	3472.83	lambda beta
7667	cache-parser-688	ok	8704.18	queue stream
7668	queue-lambda-689	ok	4708.18	zeta parser worker delta
7669	gamma-parser-690	skip	8967.04	delta sigma gamma index cache
7670	sigma-kappa-691	skip	8431.86	alpha gamma alpha
7671	zeta-sigma-692	ok	8389.11	index cache zeta
7672	stream-beta-693	skip	7637.75	theta token worker delta
7673	route-epsilon-694	fail	3813.70	render zeta beta lambda cache
7674	queue-lambda-695	ok	1263.01	stream index zeta render
7675	omega-cache-696	warn	4894.63	token cache zeta queue
7676	route-gamma-697	skip	3883.90	cache cache sigma cache
7677	route-token-698	skip	6426.96	socket stream delta queue render
7678	gamma-omega-699	skip	7980.97	worker beta zeta render zeta
7679	omega-queue-700	skip	1030.60	gamma lambda sigma
7680	sigma-lambda-701	ok	8341.84	lambda gamma gamma kappa
7681	render-parser-702	warn	7784.46	sigma omega parser delta
7682	epsilon-delta-703	warn	2043.53	worker index alpha stream
7683	render-kappa-704	fail	1865.70	alpha kappa sigma
7684	route-socket-705	ok	7506.99	worker zeta theta
7685	lambda-cache-706	skip	6769.57	route render zeta
7686	parser-kappa-707	warn	5498.25	sigma gamma route queue
7687	delta-cache-708	skip	1582.99	theta worker render delta
7688	theta-theta-709	fail	9279.24	queue alpha cache
7689	beta-delta-710	ok	4206.53	route render sigma queue
7690	gamma-parser-711	skip	2276.28	stream cache sigma omega
7691	zeta-route-712	fail	1192.00	socket stream alpha
7692	sigma-parser-713	ok	6459.84	socket stream kappa gamma gamma
7693	parser-cache-714	skip	1187.47	gamma alpha index lambda lambda
7694	lambda-stream-715	warn	5399.17	token theta
7695	epsilon-route-716	fail	5839.97	gamma worker index omega
7696	theta-alpha-717	warn	7942.20	socket lambda theta socket worker
7697	cache-alpha-718	ok	1922.90	theta index
7698	socket-queue-719	skip	3283.67	alpha lambda token
7699	route-render-720	warn	1180.68	socket route token worker omega
7700	lambda-route-721	ok	6105.23	epsilon render
7701	gamma-alpha-722	warn	7148.28	lambda worker parser
7702	token-lambda-723	warn	3775.59	token render theta index render
7703	theta-theta-724	skip	9690.44	queue gamma cache cache
7704	sigma-theta-725	ok	8817.27	parser parser alpha
7705	cache-kappa-726	warn	362.28	parser render theta
7706	lambda-beta-727	fail	3285.22	index cache token delta
7707	gamma-beta-728	warn	9931.39	alpha parser
7708	delta-theta-729	warn	9814.02	kappa omega index
7709	delta-gamma-730	ok	1443.12	gamma stream gamma
7710	index-theta-731	fail	8622.56	render index
7711	stream-sigma-732	skip	3071.77	omega zeta route worker
7712	route-alpha-733	ok	5281.45	epsilon alpha cache sigma gamma
7713	gamma-kappa-734	fail	4602.48	index queue gamma cache sigma
7714	token-beta-735	skip	7905.44	kappa token
7715	parser-worker-736	ok	5379.96	worker beta worker alpha gamma
7716	zeta-stream-737	warn	3102.80	lambda kappa theta
7717	queue-token-738	fail	8416.64	beta theta epsilon parser
7718	alpha-beta-739	fail	9123.54	cache worker
7719	cache-alpha-740	warn	981.96	theta index lambda render
7720	gamma-epsilon-741	ok	1455.68	worker kappa stream theta
7721	gamma-theta-742	skip	8294.90	delta index parser stream
7722	index-gamma-743	warn	9686.32	zeta render kappa delta
7723	render-theta-744	fail	6718.02	token token index route
7724	index-socket-745	warn	4034.49	queue delta delta index gamma
7725	route-worker-746	skip	3803.99	theta theta
7726	lambda-route-747	ok	3384.23	zeta worker theta
7727	stream-lambda-748	skip	4671.14	token delta
7728	omega-theta-749	ok	2215.95	epsilon gamma route worker omega
7729	delta-zeta-750	warn	6945.51	stream omega sigma route stream
7730	theta-stream-751	fail	4490.98	queue stream
7731	socket-route-752	warn	2331.51	sigma parser zeta
7732	socket-epsilon-753	skip	8730.27	worker route kappa
7733	sigma-omega-754	fail	778.16	render socket worker lambda omega
7734	zeta-cache-755	skip	2646.17	delta index cache beta
7735	gamma-index-756	ok	7940.84	zeta token delta
7736	omega-zeta-757	warn	4875.35	index kappa stream token
7737	gamma-cache-758	warn	2456.16	kappa beta
7738	route-alpha-759	ok	7228.61	index alpha alpha omega render
7739	lambda-index-760	warn	1948.80	socket queue theta
7740	parser-gamma-761	warn	2011.82	parser parser gamma queue
7741	cache-kappa-762	ok	908.33	index lambda alpha zeta zeta
7742	zeta-worker-763	ok	4639.09	theta parser gamma route
7743	route-beta-764	skip	9308.39	omega queue socket
7744	zeta-gamma-765	warn	2062.07	epsilon queue
7745	delta-sigma-766	ok	5892.68	theta sigma lambda render zeta
7746	token-worker-767	warn	8900.82	epsilon cache gamma lambda
7747	route-epsilon-768	skip	2428.73	stream route
7748	zeta-kappa-769	warn	3177.92	epsilon theta kappa delta stream
7749	beta-sigma-770	warn	6117.85	index omega
7750	socket-gamma-771	ok	9956.80	theta beta index socket
7751	queue-epsilon-772	ok	834.60	render socket
7752	worker-sigma-773	fail	2975.44	omega gamma parser render
7753	cache-kappa-774	skip	2137.96	worker worker beta route stream
7754	epsilon-parser-775	fail	7884.81	omega kappa
7755	gamma-token-776	fail	2457.28	socket gamma beta delta stream
7756	alpha-render-777	ok	7149.77	sigma index alpha kappa
7757	sigma-sigma-778	fail	798.76	kappa alpha cache theta
7758	kappa-queue-779	ok	3080.43	kappa theta token zeta worker
7759	zeta-zeta-780	ok	8123.08	zeta render
7760	zeta-cache-781	skip	9825.03	token index
7761	socket-epsilon-782	warn	92.49	zeta theta beta cache parser
7762	queue-sigma-783	ok	4281.42	theta queue epsilon worker
7763	token-beta-784	fail	454.12	beta token zeta
7764	cache-theta-785	fail	3786.91	alpha zeta token queue
7765	delta-epsilon-786	ok	8546.90	worker kappa
7766	epsilon-delta-787	fail	884.78	token token
7767	parser-parser-788	warn	2828.72	worker token lambda stream token
7768	socket-route-789	fail	6099.73	parser lambda parser
7769	theta-parser-790	warn	66.37	beta theta
7770	omega-gamma-791	warn	154.65	zeta worker worker
7771	lambda-kappa-792	ok	8041.85	render worker
7772	socket-parser-793	ok	7880.75	parser route epsilon theta gamma
7773	beta-alpha-794	ok	4686.21	lambda epsilon queue route
7774	delta-zeta-795	ok	2863.90	theta token kappa socket
7775	route-alpha-796	fail	1250.70	beta parser render token
7776	kappa-token-797	warn	3366.34	delta theta
7777	theta-stream-798	skip	2409.11	stream lambda epsilon
7778	zeta-epsilon-799	fail	3104.50	zeta socket
7779	zeta-delta-800	fail	8328.66	gamma worker delta sigma route
7780	index-zeta-801	skip	6063.21	queue token gamma socket theta
7781	token-route-802	fail	4955.01	beta delta
7782	index-stream-803	fail	2409.41	parser zeta kappa parser token
7783	alpha-sigma-804	fail	1909.20	cache zeta lambda parser
7784	theta-token-805	skip	6361.20	kappa beta sigma
7785	parser-omega-806	skip	6438.83	worker lambda theta
7786	render-sigma-807	ok	6078.59	delta queue worker
7787	alpha-alpha-808	fail	5032.50	zeta render
7788	sigma-kappa-809	skip	2548.51	index parser theta
7789	omega-lambda-810	skip	2379.16	theta cache
7790	zeta-omega-811	ok	4204.87	socket beta worker
7791	kappa-cache-812	skip	8927.08	cache index socket
7792	queue-route-813	warn	9993.01	token gamma queue index
7793	cache-queue-814	fail	8945.62	theta stream sigma cache socket
7794	zeta-delta-815	fail	61.70	route kappa
7795	epsilon-worker-816	fail	5037.64	index zeta theta index
7796	gamma-epsilon-817	fail	7923.31	alpha gamma parser route
7797	stream-socket-818	ok	8102.13	queue gamma epsilon route parser
7798	zeta-beta-819	skip	9167.79	parser zeta
7799	omega-parser-820	ok	7648.50	sigma parser
7800	worker-delta-821	fail	2686.68	sigma worker delta
7801	sigma-kappa-822	skip	5388.38	queue socket worker
7802	route-stream-823	fail	4436.28	epsilon token
7803	socket-lambda-824	warn	2789.65	theta token beta
7804	cache-route-825	ok	3964.28	index parser
7805	epsilon-kappa-826	skip	5359.19	render alpha
7806	queue-beta-827	skip	4890.88	zeta parser render
7807	stream-kappa-828	skip	5596.52	sigma stream omega queue kappa
7808	token-alpha-829	ok	1042.64	socket parser theta gamma
7809	socket-lambda-830	ok	9421.56	socket sigma alpha lambda alpha
7810	queue-lambda-831	skip	4277.68	index gamma sigma
7811	stream-stream-832	skip	4319.95	gamma stream kappa sigma
7812	zeta-zeta-833	warn	7030.42	render lambda route
7813	kappa-parser-834	skip	5877.22	beta socket stream socket
7814	theta-index-835	ok	8473.07	socket beta delta omega cache
7815	parser-token-836	ok	3379.81	theta kappa alpha index
7816	zeta-theta-837	skip	5551.81	epsilon delta stream kappa
7817	omega-worker-838	fail	3669.83	beta cache theta queue zeta
7818	theta-index-839	skip	8103.51	theta token zeta zeta
7819	worker-kappa-840	skip	7568.53	epsilon sigma
7820	beta-parser-841	warn	747.30	sigma zeta token token
7821	queue-cache-842	fail	1880.36	index kappa epsilon cache parser
7822	socket-socket-843	ok	9602.07	worker epsilon parser queue route
7823	render-stream-844	ok	7748.66	cache omega omega parser
7824	worker-token-845	ok	7001.85	queue worker gamma index
7825	beta-sigma-846	ok	3852.36	omega parser parser sigma
7826	index-parser-847	fail	5280.91	index gamma epsilon
7827	sigma-lambda-848	warn	5991.88	alpha render route route
7828	render-index-849	warn	5475.71	sigma token
7829	socket-parser-850	warn	4956.06	zeta parser epsilon queue token
7830	delta-gamma-851	warn	6013.48	omega epsilon gamma sigma stream
7831	zeta-beta-852	fail	4413.33	zeta token lambda sigma socket
7832	epsilon-cache-853	ok	3552.09	kappa index sigma kappa
7833	gamma-sigma-854	fail	28.14	sigma kappa kappa
7834	cache-socket-855	fail	7249.92	lambda worker epsilon render
7835	gamma-token-856	skip	3013.07	token kappa theta route
7836	worker-render-857	skip	4199.45	gamma queue gamma
7837	delta-index-858	ok	9722.69	route theta render lambda
7838	alpha-render-859	ok	2158.72	cache queue index index
7839	sigma-sigma-860	warn	7055.60	alpha queue index
7840	gamma-theta-861	fail	4258.40	lambda delta
7841	socket-epsilon-862	skip	3599.36	worker sigma alpha lambda token
7842	omega-kappa-863	ok	8249.40	socket omega gamma sigma route
7843	render-cache-864	skip	7735.35	delta theta beta
7844	kappa-kappa-865	warn	2131.23	alpha token worker token
7845	socket-lambda-866	fail	2795.81	epsilon gamma gamma zeta
7846	stream-gamma-867	warn	8346.20	queue zeta stream omega zeta
7847	queue-socket-868	skip	1647.91	theta zeta cache queue worker
7848	render-stream-869	skip	5962.69	theta parser sigma
7849	alpha-index-870	warn	3431.28	route token epsilon
7850	sigma-queue-871	skip	9512.78	stream stream
7851	lambda-zeta-872	warn	127.49	route stream delta
7852	gamma-route-873	fail	4996.34	lambda parser gamma epsilon
7853	gamma-token-874	skip	9346.11	delta render
7854	gamma-socket-875	warn	5739.69	socket token alpha zeta
7855	lambda-delta-876	fail	1645.04	token lambda beta
7856	omega-alpha-877	skip	2413.34	stream delta theta
7857	beta-kappa-878	skip	1009.78	omega beta
7858	route-route-879	ok	4032.27	epsilon worker alpha cache
7859	queue-delta-880	fail	2819.48	delta epsilon queue epsilon
7860	alpha-socket-881	warn	8731.12	index omega parser
7861	route-zeta-882	skip	4688.86	sigma kappa stream token beta
7862	socket-theta-883	skip	4351.15	sigma gamma index
7863	omega-gamma-884	fail	4701.23	render kappa token omega
7864	render-index-885	ok	9366.53	token sigma omega token
7865	alpha-render-886	skip	5880.01	lambda sigma
7866	queue-queue-887	skip	345.54	token token queue
7867	stream-socket-888	fail	6764.60	delta token zeta omega delta
7868	render-worker-889	fail	9526.38	socket render socket
7869	zeta-index-890	warn	7775.33	theta token theta kappa
7870	alpha-kappa-891	fail	3701.29	cache theta lambda
7871	sigma-sigma-892	warn	5387.65	index beta delta zeta
7872	zeta-kappa-893	fail	7575.02	epsilon cache gamma lambda delta
7873	gamma-index-894	skip	3710.44	alpha alpha gamma render
7874	omega-gamma-895	warn	9356.57	sigma gamma zeta socket index
7875	cache-token-896	fail	6951.84	kappa theta worker
7876	beta-omega-897	fail	4237.68	render theta alpha sigma
7877	queue-lambda-898	skip	1431.12	parser gamma sigma cache
7878	delta-alpha-899	skip	3877.76	theta stream zeta omega worker
7879	token-route-900	fail	7841.79	worker lambda route
7880	delta-omega-901	fail	1862.07	index omega delta stream
7881	beta-cache-902	ok	2914.58	queue socket
7882	token-beta-903	warn	3833.30	socket render
7883	zeta-gamma-904	warn	983.53	queue socket zeta stream sigma
7884	sigma-beta-905	ok	7832.58	beta token sigma
7885	zeta-route-906	warn	7625.15	zeta zeta index sigma
7886	render-stream-907	fail	9464.98	epsilon beta omega
7887	omega-alpha-908	skip	5221.24	lambda parser kappa stream
7888	lambda-parser-909	fail	6261.93	delta gamma
7889	delta-alpha-910	skip	2808.64	stream cache
7890	route-epsilon-911	warn	7907.30	gamma theta stream
7891	zeta-zeta-912	fail	4197.24	token gamma stream
7892	omega-parser-913	fail	2922.96	omega alpha
7893	zeta-theta-914	ok	8520.33	sigma lambda token kappa alpha
7894	delta-beta-915	warn	2138.61	epsilon kappa stream
7895	alpha-epsilon-916	ok	723.86	socket gamma
7896	sigma-omega-917	fail	1250.64	beta render
7897	cache-token-918	warn	1409.52	cache sigma token epsilon
7898	gamma-index-919	fail	7248.09	theta queue parser route index
7899	omega-sigma-920	skip	4597.00	delta lambda index queue
7900	theta-socket-921	warn	4303.82	delta queue token
7901	cache-parser-922	ok	7053.96	gamma kappa delta route kappa
7902	gamma-render-923	warn	1621.67	lambda lambda alpha
7903	stream-alpha-924	ok	8162.95	delta omega
7904	socket-render-925	warn	5295.03	alpha lambda zeta route epsilon
7905	token-route-926	skip	8102.22	alpha cache socket kappa sigma
7906	worker-omega-927	ok	7056.55	cache token stream
7907	beta-kappa-928	skip	31.80	sigma kappa omega
7908	gamma-zeta-929	skip	2492.22	zeta gamma delta render
7909	gamma-stream-930	skip	5054.54	route beta beta
7910	sigma-beta-931	ok	6159.11	index lambda
7911	queue-sigma-932	fail	6536.58	cache alpha render route index
7912	socket-queue-933	warn	3681.01	lambda stream
7913	kappa-worker-934	skip	8860.96	zeta beta worker theta parser
7914	sigma-route-935	ok	5529.64	queue cache gamma
7915	route-socket-936	warn	5491.95	index token
7916	cache-gamma-937	warn	1438.95	delta route
7917	queue-queue-938	warn	9556.89	stream lambda cache theta stream
7918	index-theta-939	warn	9825.51	token lambda
7919	alpha-render-940	ok	7553.63	token beta worker
7920	index-epsilon-941	warn	6653.19	kappa theta lambda
7921	stream-socket-942	skip	1215.46	socket stream epsilon
7922	gamma-kappa-943	warn	2548.65	route cache epsilon lambda
7923	route-worker-944	skip	5284.72	kappa cache queue beta sigma
7924	sigma-worker-945	ok	7881.71	index index index sigma render
7925	kappa-omega-946	skip	7812.47	theta beta
7926	sigma-theta-947	warn	2229.74	queue socket
7927	theta-beta-948	fail	8904.73	theta index sigma parser epsilon
7928	stream-stream-949	ok	9366.31	gamma index zeta zeta
7929	lambda-gamma-950	skip	9212.52	render render
7930	route-route-951	warn	3913.01	delta kappa beta zeta kappa
7931	socket-parser-952	skip	929.58	gamma cache beta theta omega
7932	route-zeta-953	warn	4645.18	worker route lambda worker index
7933	parser-beta-954	fail	9000.66	worker theta index beta socket
7934	socket-render-955	ok	8012.70	alpha lambda gamma beta
7935	token-parser-956	warn	5267.18	parser beta token queue
7936	gamma-sigma-957	ok	5491.53	render worker socket route
7937	render-stream-958	fail	930.81	lambda alpha kappa
7938	parser-cache-959	fail	187.32	worker theta beta
7939	token-theta-960	fail	7452.20	parser token route gamma
7940	socket-zeta-961	warn	442.58	index index worker
7941	cache-zeta-962	warn	3313.04	index parser cache
7942	gamma-epsilon-963	skip	3909.80	beta gamma
7943	gamma-delta-964	fail	1275.23	index delta delta
7944	beta-route-965	warn	520.52	lambda delta kappa render worker
7945	cache-zeta-966	skip	70.22	stream gamma
7946	theta-zeta-967	fail	6549.31	beta gamma
7947	epsilon-alpha-968	ok	1712.27	stream omega cache
7948	socket-delta-969	warn	1514.54	parser beta theta cache route
7949	epsilon-socket-970	skip	3779.53	sigma parser cache
7950	token-queue-971	fail	8761.59	render render
7951	socket-token-972	ok	8908.16	route sigma worker zeta theta
7952	socket-queue-973	ok	3861.18	delta parser
7953	alpha-alpha-974	fail	4975.64	delta beta kappa epsilon queue
7954	epsilon-gamma-975	ok	1350.75	cache queue alpha render sigma
7955	lambda-zeta-976	ok	7788.90	stream render stream sigma delta
7956	theta-sigma-977	fail	2638.47	gamma alpha route cache sigma
7957	stream-cache-978	fail	8825.89	socket delta epsilon lambda omega
7958	cache-epsilon-979	warn	7079.26	render token
7959	alpha-gamma-980	skip	3723.97	beta theta zeta
7960	delta-index-981	fail	6239.65	route parser lambda
7961	index-worker-982	ok	8186.50	sigma worker
7962	render-render-983	ok	1308.45	omega index
7963	delta-index-984	ok	5176.94	sigma zeta parser
7964	zeta-token-985	skip	7863.81	beta index
7965	alpha-alpha-986	fail	1646.95	queue beta queue
7966	socket-cache-987	warn	7543.37	render token queue socket route
7967	cache-render-988	warn	3586.78	zeta index queue
7968	epsilon-alpha-989	fail	1404.47	alpha epsilon alpha
7969	gamma-worker-990	warn	4230.69	delta parser
7970	sigma-socket-991	skip	7088.57	parser route
7971	cache-token-992	skip	7608.04	omega stream kappa worker socket
7972	zeta-worker-993	warn	4740.73	index token
7973	parser-worker-994	fail	8847.77	kappa socket parser route
7974	theta-beta-995	ok	2985.30	epsilon epsilon
7975	theta-worker-996	ok	6959.48	zeta alpha
7976	delta-render-0	skip	5640.50	lambda sigma index alpha
7977	zeta-beta-1	skip	1408.55	delta stream token
7978	alpha-omega-2	skip	7898.34	sigma beta socket alpha
7979	lambda-alpha-3	ok	2007.50	sigma kappa delta route
7980	epsilon-route-4	fail	23.29	kappa kappa queue
7981	socket-epsilon-5	ok	5999.01	cache delta delta socket lambda
7982	alpha-worker-6	skip	396.20	lambda lambda parser sigma
7983	route-index-7	warn	1134.73	kappa worker delta theta
7984	beta-epsilon-8	ok	3130.09	gamma cache parser stream
7985	parser-sigma-9	ok	6686.89	socket alpha alpha epsilon render
7986	gamma-queue-10	ok	4512.27	cache stream index gamma
7987	parser-lambda-11	ok	4023.45	gamma alpha token delta
7988	stream-token-12	skip	8102.37	index zeta zeta alpha
7989	epsilon-index-13	skip	8233.33	worker worker socket
7990	theta-parser-14	skip	782.55	worker lambda
7991	theta-route-15	warn	5276.63	socket token sigma
7992	omega-zeta-16	fail	2480.15	epsilon sigma
7993	worker-delta-17	ok	1599.52	token gamma
7994	render-token-18	ok	3913.27	token cache kappa
7995	epsilon-alpha-19	fail	4581.15	worker omega beta kappa alpha
7996	zeta-kappa-20	fail	8002.42	zeta kappa parser cache token
7997	alpha-cache-21	skip	7594.75	sigma epsilon theta
7998	sigma-token-22	fail	2802.43	theta render stream worker
7999	omega-kappa-23	warn	8890.62	token sigma
8000	alpha-parser-24	warn	9610.68	route render index sigma
8001	cache-render-25	skip	1403.25	queue zeta epsilon sigma sigma
8002	sigma-lambda-26	fail	1679.97	sigma parser
8003	index-zeta-27	ok	1186.50	kappa epsilon
8004	zeta-socket-28	fail	794.23	epsilon gamma route beta
8005	zeta-kappa-29	fail	4367.36	theta theta cache
8006	beta-worker-30	skip	247.53	token gamma queue
8007	beta-alpha-31	ok	298.44	sigma kappa
8008	lambda-beta-32	fail	3084.93	index index
8009	lambda-epsilon-33	skip	559.78	index route epsilon stream epsilon
8010	epsilon-index-34	skip	8094.34	theta worker
8011	omega-parser-35	fail	5327.88	worker epsilon kappa parser
8012	omega-cache-36	skip	172.69	theta lambda render
8013	beta-lambda-37	skip	3717.92	index stream
8014	queue-parser-38	ok	1784.99	queue gamma zeta
8015	delta-worker-39	skip	64.54	cache kappa token alpha cache
8016	parser-stream-40	skip	5425.00	cache theta zeta omega
8017	delta-kappa-41	fail	9019.36	route zeta
8018	worker-beta-42	ok	6286.83	lambda socket token lambda
8019	route-token-43	warn	2146.04	alpha theta cache stream queue
8020	gamma-beta-44	ok	4833.33	queue beta cache lambda parser
8021	cache-theta-45	skip	5008.62	alpha worker
8022	token-alpha-46	skip	7277.39	socket token zeta alpha
8023	route-socket-47	warn	9133.79	token render parser zeta kappa
8024	gamma-gamma-48	skip	3727.68	delta lambda sigma token route
8025	omega-theta-49	fail	6822.64	worker kappa
8026	zeta-parser-50	skip	4053.26	stream epsilon index queue omega
8027	epsilon-epsilon-51	fail	8829.65	socket route route token
8028	gamma-worker-52	skip	7391.15	sigma sigma
8029	token-render-53	ok	7974.01	queue beta zeta delta
8030	queue-zeta-54	ok	6292.07	token cache queue parser delta
8031	theta-sigma-55	fail	5929.10	render delta
8032	sigma-route-56	warn	2772.91	epsilon alpha theta
8033	omega-gamma-57	ok	611.82	stream kappa omega worker
8034	omega-queue-58	warn	8911.49	token stream index epsilon delta
8035	alpha-socket-59	fail	3880.00	theta queue omega
8036	sigma-sigma-60	ok	6786.11	theta render parser gamma
8037	gamma-delta-61	skip	9345.74	cache parser lambda zeta stream
8038	render-alpha-62	fail	9750.99	token epsilon theta worker stream
8039	kappa-alpha-63	skip	4601.30	kappa lambda delta cache cache
8040	epsilon-lambda-64	ok	9965.08	worker zeta stream kappa
8041	gamma-cache-65	warn	3938.22	token omega kappa
8042	route-route-66	warn	7679.98	theta theta epsilon cache
8043	socket-render-67	fail	7624.34	index alpha alpha omega worker
8044	theta-socket-68	ok	4711.22	render delta kappa
8045	sigma-socket-69	skip	916.44	delta token worker socket token
8046	render-alpha-70	ok	3164.19	sigma queue
8047	lambda-sigma-71	ok	774.53	lambda worker worker
8048	socket-epsilon-72	warn	7959.08	sigma token lambda token parser
8049	theta-delta-73	warn	1526.63	socket route gamma
8050	stream-token-74	warn	9381.85	lambda zeta
8051	gamma-lambda-75	warn	2517.76	beta sigma beta parser parser
8052	worker-omega-76	warn	1002.14	token worker index epsilon
8053	stream-beta-77	fail	9940.77	token epsilon gamma gamma delta
8054	worker-alpha-78	skip	171.50	gamma index kappa gamma kappa
8055	zeta-parser-79	warn	3655.12	queue omega
8056	theta-alpha-80	warn	8406.05	stream worker queue
8057	index-sigma-81	ok	9694.12	parser theta route zeta
8058	epsilon-theta-82	warn	2989.76	zeta epsilon token socket alpha
8059	alpha-alpha-83	skip	4871.55	sigma epsilon beta token
8060	beta-token-84	ok	9772.30	sigma worker zeta stream
8061	epsilon-stream-85	warn	2369.15	token queue
8062	omega-kappa-86	skip	735.36	beta epsilon theta theta epsilon
8063	stream-route-87	warn	1737.77	delta gamma queue zeta alpha
8064	route-cache-88	fail	8593.27	parser stream token
8065	delta-lambda-89	ok	9725.07	delta gamma zeta epsilon
8066	stream-omega-90	warn	6576.74	parser delta queue alpha
8067	zeta-beta-91	ok	6382.18	route lambda delta zeta parser
8068	kappa-stream-92	skip	1868.25	delta delta queue delta kappa
8069	lambda-token-93	fail	9028.89	socket token epsilon theta sigma
8070	socket-stream-94	fail	9716.72	index cache token
8071	theta-token-95	fail	8833.46	omega beta theta index
8072	lambda-omega-96	warn	8547.24	omega sigma sigma beta
8073	zeta-alpha-97	skip	9094.13	socket kappa beta zeta
8074	worker-cache-98	ok	7003.13	index zeta render queue gamma
8075	cache-delta-99	warn	8511.77	render alpha zeta theta
8076	theta-stream-100	ok	1782.48	index gamma render
8077	gamma-kappa-101	warn	3600.06	index beta parser sigma worker
8078	epsilon-delta-102	ok	8059.33	omega delta
8079	stream-omega-103	ok	6254.79	socket index kappa worker
8080	kappa-lambda-104	fail	9449.36	delta gamma
8081	index-token-105	warn	7049.23	sigma delta stream
8082	kappa-parser-106	skip	8840.65	gamma beta sigma delta
8083	worker-epsilon-107	skip	716.88	kappa index index
8084	cache-worker-108	fail	3660.98	delta kappa
8085	route-cache-109	fail	2531.55	alpha alpha
8086	delta-alpha-110	skip	6641.28	alpha token
8087	sigma-parser-111	fail	8415.53	queue index route zeta
8088	socket-beta-112	warn	4972.83	cache epsilon lambda lambda
8089	lambda-token-113	fail	6794.93	cache kappa zeta parser epsilon
8090	zeta-delta-114	skip	7692.72	index gamma index omega beta
8091	zeta-zeta-115	skip	2960.52	omega theta delta stream
8092	epsilon-kappa-116	skip	1714.69	lambda delta queue kappa
8093	parser-render-117	warn	931.00	alpha zeta stream parser beta
8094	token-alpha-118	skip	687.01	kappa kappa
8095	index-sigma-119	skip	2012.17	cache kappa token
8096	theta-epsilon-120	fail	9682.01	socket lambda beta index
8097	beta-socket-121	fail	8213.18	socket zeta stream
8098	parser-kappa-122	skip	9760.54	delta render worker
8099	render-lambda-123	fail	6024.01	index stream
8100	route-index-124	warn	2074.57	gamma delta parser
8101	theta-sigma-125	skip	7335.62	render parser
8102	epsilon-omega-126	warn	2888.65	render kappa theta
8103	socket-omega-127	ok	2261.34	zeta delta sigma queue
8104	queue-theta-128	warn	5494.22	queue token
8105	sigma-sigma-129	skip	4508.84	cache socket worker lambda
8106	gamma-gamma-130	ok	623.83	gamma socket socket cache gamma
8107	omega-stream-131	skip	3160.37	omega stream sigma
8108	route-stream-132	warn	3338.66	render queue queue
8109	route-kappa-133	fail	7614.37	omega token socket
8110	parser-kappa-134	warn	3290.45	render kappa socket zeta
8111	render-alpha-135	warn	3816.22	epsilon delta delta alpha cache
8112	theta-theta-136	ok	1435.32	parser zeta
8113	queue-token-137	skip	5543.79	index theta epsilon
8114	epsilon-alpha-138	fail	2321.56	parser gamma socket lambda
8115	epsilon-epsilon-139	warn	7688.53	theta stream sigma
8116	alpha-kappa-140	fail	3559.50	epsilon worker index
8117	lambda-gamma-141	ok	1299.52	lambda worker
8118	parser-epsilon-142	fail	2588.21	cache beta alpha
8119	token-worker-143	fail	2270.58	render worker alpha sigma
8120	kappa-epsilon-144	warn	1311.64	route socket theta
8121	theta-parser-145	ok	5768.62	cache delta lambda
8122	theta-epsilon-146	warn	9905.88	delta theta
8123	worker-render-147	warn	1927.20	render token epsilon stream
8124	gamma-alpha-148	fail	8880.31	delta worker
8125	route-stream-149	fail	8922.58	sigma beta omega render
8126	index-sigma-150	fail	2287.15	render zeta
8127	theta-alpha-151	ok	5046.51	socket zeta
8128	epsilon-cache-152	warn	8540.07	worker alpha index index sigma
8129	kappa-socket-153	fail	9489.16	theta worker
8130	beta-stream-154	skip	9404.43	gamma beta queue parser stream
8131	beta-gamma-155	fail	8341.67	kappa beta route
8132	render-parser-156	warn	3668.59	gamma lambda lambda
8133	zeta-token-157	fail	1561.09	queue zeta
8134	route-sigma-158	fail	5029.53	epsilon token lambda parser token
8135	token-alpha-159	warn	8451.50	beta alpha
8136	omega-render-160	warn	3349.08	theta worker kappa beta parser
8137	delta-kappa-161	skip	4080.31	socket kappa lambda zeta
8138	alpha-cache-162	skip	3929.39	kappa alpha cache route
8139	delta-sigma-163	fail	6118.47	index beta delta theta cache
8140	zeta-queue-164	ok	7835.58	cache kappa token gamma
8141	parser-gamma-165	fail	6481.82	parser render
8142	theta-theta-166	warn	8777.09	gamma render lambda render
8143	lambda-epsilon-167	fail	2809.42	beta alpha
8144	sigma-socket-168	skip	9864.86	omega sigma gamma gamma
8145	worker-cache-169	ok	4235.39	theta route kappa sigma
8146	zeta-index-170	fail	7783.86	gamma stream alpha alpha
8147	worker-theta-171	ok	1940.33	route route socket
8148	index-zeta-172	warn	9008.44	kappa parser socket stream
8149	beta-kappa-173	warn	74.71	lambda stream index
8150	stream-stream-174	ok	5630.04	gamma parser gamma theta sigma
8151	omega-delta-175	skip	6166.83	index token
8152	cache-route-176	skip	983.04	beta epsilon
8153	queue-theta-177	fail	5098.02	omega omega
8154	kappa-stream-178	warn	2517.81	route beta token alpha kappa
8155	sigma-stream-179	ok	526.22	alpha token route
8156	index-zeta-180	ok	7810.97	parser alpha stream
8157	render-queue-181	warn	563.38	lambda token socket
8158	stream-theta-182	warn	9008.99	worker beta render route
8159	worker-theta-183	warn	6030.17	worker delta sigma
8160	gamma-gamma-184	warn	2466.02	lambda sigma token queue delta
8161	epsilon-lambda-185	skip	8768.44	socket stream token gamma
8162	parser-gamma-186	ok	7957.46	beta token beta
8163	index-stream-187	warn	8752.98	queue lambda cache alpha kappa
8164	gamma-theta-188	ok	9665.42	epsilon delta kappa socket zeta
8165	kappa-alpha-189	skip	1627.29	gamma token epsilon lambda queue
8166	worker-lambda-190	skip	7683.16	parser theta theta
8167	lambda-token-191	ok	8313.22	epsilon beta
8168	render-worker-192	fail	6149.92	socket lambda
8169	render-sigma-193	ok	9529.90	route route zeta gamma lambda
8170	stream-stream-194	fail	2438.39	render epsilon beta
8171	token-theta-195	skip	7642.15	lambda sigma parser omega
8172	socket-socket-196	ok	8309.84	omega index
8173	gamma-cache-197	skip	3424.99	beta sigma parser queue
8174	sigma-beta-198	fail	7218.27	epsilon worker route socket
8175	alpha-beta-199	warn	8934.51	render beta route socket theta
8176	route-cache-200	skip	4613.27	worker theta parser cache
8177	epsilon-gamma-201	skip	9005.44	theta token route gamma
8178	socket-epsilon-202	warn	8414.96	route socket socket omega index
8179	kappa-route-203	fail	7070.45	token gamma token
8180	worker-beta-204	warn	861.80	epsilon alpha theta
8181	delta-delta-205	ok	4403.29	epsilon alpha cache
8182	zeta-epsilon-206	warn	5239.09	omega index route lambda
8183	gamma-theta-207	ok	5200.54	index beta kappa
8184	route-sigma-208	ok	3970.05	zeta kappa gamma stream
8185	route-omega-209	fail	9646.24	cache beta worker
8186	theta-index-210	fail	6135.77	sigma index theta index
8187	delta-token-211	ok	9251.64	beta zeta render lambda
8188	socket-epsilon-212	warn	3110.55	delta token kappa
8189	queue-index-213	ok	5960.08	cache socket kappa
8190	cache-index-214	warn	7219.76	sigma delta parser index cache
8191	worker-omega-215	ok	633.81	zeta queue
8192	socket-epsilon-216	skip	2151.64	cache render route socket
8193	omega-parser-217	warn	9893.57	alpha token delta omega
8194	index-route-218	fail	8366.83	cache worker omega omega index
8195	zeta-index-219	ok	2217.50	epsilon stream queue queue
8196	lambda-stream-220	skip	6563.29	delta delta delta
8197	delta-stream-221	warn	6645.32	route theta beta theta delta
8198	alpha-token-222	fail	4831.25	queue socket omega omega
8199	epsilon-index-223	ok	1017.39	zeta alpha cache
8200	epsilon-gamma-224	fail	5164.12	parser queue
8201	worker-kappa-225	fail	8947.76	zeta index route socket
8202	render-render-226	skip	2232.83	stream token delta socket theta
8203	kappa-omega-227	warn	6484.74	stream alpha stream zeta stream
8204	token-sigma-228	fail	7457.86	sigma cache
8205	route-kappa-229	skip	4395.12	alpha socket theta delta
8206	gamma-delta-230	warn	6862.38	alpha index
8207	alpha-render-231	fail	1598.89	render alpha route
8208	socket-parser-232	skip	5187.99	alpha epsilon sigma route socket
8209	gamma-token-233	skip	3367.71	theta delta worker beta render
8210	worker-worker-234	ok	7753.68	route cache token token
8211	epsilon-beta-235	skip	2612.46	gamma sigma queue zeta zeta
8212	beta-kappa-236	ok	5867.17	epsilon zeta kappa index
8213	delta-queue-237	fail	1338.78	omega theta lambda index stream
8214	zeta-socket-238	skip	1851.90	omega kappa token sigma
8215	kappa-stream-239	fail	4449.05	render stream
8216	gamma-zeta-240	warn	2096.68	kappa index stream sigma delta
8217	socket-stream-241	ok	1993.28	zeta delta lambda lambda
8218	gamma-lambda-242	warn	8097.98	delta epsilon
8219	zeta-sigma-243	ok	8012.03	render omega lambda socket token
8220	beta-beta-244	ok	2741.63	worker queue render parser index
8221	token-worker-245	ok	9708.61	zeta lambda parser
8222	gamma-gamma-246	ok	7094.61	render sigma socket parser render
8223	queue-lambda-247	fail	3830.80	render stream lambda zeta alpha
8224	alpha-epsilon-248	fail	8611.20	alpha queue omega
8225	worker-route-249	fail	7580.96	token socket socket sigma theta
8226	theta-parser-250	skip	709.24	zeta sigma lambda route
8227	omega-sigma-251	ok	8763.68	index socket lambda queue theta
8228	stream-epsilon-252	skip	2254.52	route epsilon index
8229	alpha-stream-253	skip	4651.16	kappa theta
8230	alpha-worker-254	fail	2253.66	socket sigma zeta delta
8231	lambda-worker-255	ok	7370.58	socket delta token stream socket
8232	epsilon-worker-256	warn	9572.96	token render route parser
8233	queue-sigma-257	fail	6811.48	beta beta
8234	sigma-gamma-258	skip	1552.91	socket gamma zeta
8235	worker-zeta-259	fail	943.77	lambda beta
8236	kappa-worker-260	ok	3054.39	queue theta stream sigma parser
8237	kappa-route-261	skip	9899.39	stream cache
8238	index-parser-262	warn	6339.25	cache gamma cache
8239	cache-sigma-263	fail	9083.22	kappa gamma route
8240	cache-sigma-264	ok	5806.19	worker index index kappa
8241	sigma-cache-265	ok	7007.65	omega beta
8242	token-queue-266	warn	3125.01	beta theta render alpha
8243	parser-index-267	warn	7082.39	lambda render omega delta
8244	cache-epsilon-268	skip	1998.32	theta omega zeta cache
8245	omega-index-269	warn	8310.50	zeta kappa token omega
8246	route-parser-270	skip	59.67	epsilon parser socket index alpha
8247	zeta-gamma-271	fail	5137.92	beta epsilon
8248	render-gamma-272	ok	2531.54	beta lambda zeta
8249	cache-queue-273	ok	1577.27	sigma epsilon parser sigma delta
8250	kappa-zeta-274	skip	8960.08	sigma route epsilon parser
8251	queue-socket-275	warn	4531.74	index cache
8252	token-theta-276	skip	6413.45	gamma alpha
8253	alpha-beta-277	ok	3797.65	gamma lambda kappa alpha
8254	gamma-lambda-278	ok	3386.34	delta theta socket
8255	beta-omega-279	fail	1739.45	beta socket index
8256	theta-cache-280	skip	6339.92	gamma render socket lambda zeta
8257	kappa-queue-281	fail	9690.08	sigma queue delta lambda kappa
8258	beta-alpha-282	fail	9100.85	beta beta
8259	cache-theta-283	fail	4422.03	render zeta delta
8260	gamma-kappa-284	fail	7086.63	queue queue zeta
8261	token-beta-285	ok	6371.03	render delta omega zeta
8262	zeta-parser-286	warn	4404.27	route socket delta theta
8263	socket-gamma-287	skip	5393.83	parser route worker
8264	zeta-token-288	warn	6858.95	delta epsilon theta token theta
8265	cache-cache-289	fail	401.68	omega beta
8266	socket-cache-290	skip	3387.43	beta lambda omega
8267	lambda-kappa-291	skip	5347.62	parser token delta index index
8268	theta-gamma-292	fail	4931.81	sigma lambda worker sigma
8269	kappa-render-293	fail	5961.83	gamma gamma
8270	alpha-alpha-294	ok	8495.53	index render zeta lambda index
8271	worker-worker-295	warn	1377.35	beta epsilon index omega
8272	worker-theta-296	fail	3552.35	alpha gamma stream sigma
8273	beta-beta-297	fail	1518.64	queue theta
8274	alpha-lambda-298	fail	3348.59	zeta socket
8275	index-kappa-299	skip	2859.21	alpha theta
8276	omega-cache-300	ok	361.96	epsilon alpha
8277	zeta-route-301	fail	6637.42	epsilon beta zeta stream parser
8278	delta-kappa-302	fail	5301.33	cache queue render lambda
8279	zeta-delta-303	skip	6713.79	stream omega index
8280	index-omega-304	ok	7882.30	theta omega stream
8281	omega-kappa-305	fail	1091.51	gamma kappa
8282	omega-sigma-306	fail	7507.60	theta delta
8283	sigma-gamma-307	skip	9992.54	queue sigma
8284	kappa-route-308	warn	817.26	stream alpha alpha
8285	theta-cache-309	fail	351.81	epsilon route theta
8286	socket-lambda-310	skip	8516.87	token stream beta omega token
8287	alpha-delta-311	warn	2860.30	socket stream theta
8288	queue-worker-312	warn	3488.53	parser lambda omega
8289	socket-render-313	fail	4291.06	queue sigma
8290	route-alpha-314	ok	5084.97	epsilon render
8291	parser-zeta-315	fail	6839.96	theta worker worker
8292	render-token-316	ok	2819.13	zeta delta kappa beta
8293	sigma-parser-317	ok	2979.61	token theta stream lambda
8294	worker-omega-318	ok	6898.77	omega cache zeta kappa gamma
8295	sigma-route-319	fail	8896.13	socket worker
8296	queue-cache-320	ok	8674.21	delta zeta sigma render render
8297	index-cache-321	skip	6066.35	render gamma queue cache
8298	lambda-lambda-322	skip	260.96	gamma token alpha sigma token
8299	index-gamma-323	warn	6244.15	token theta
8300	worker-render-324	skip	9695.95	lambda lambda
8301	cache-theta-325	ok	4388.18	alpha beta socket beta
8302	zeta-delta-326	warn	9946.83	gamma queue socket epsilon
8303	cache-cache-327	ok	1603.39	theta epsilon socket lambda worker
8304	zeta-epsilon-328	fail	8284.89	worker kappa route socket zeta
8305	token-worker-329	fail	8675.64	omega index route parser
8306	omega-zeta-330	warn	9449.45	queue sigma alpha
8307	beta-route-331	ok	8064.90	zeta omega
8308	queue-route-332	skip	4656.34	delta sigma index token
8309	parser-gamma-333	warn	4345.89	alpha socket theta queue delta
8310	render-stream-334	warn	39.28	queue queue token
8311	theta-parser-335	ok	1719.16	gamma kappa epsilon
8312	token-queue-336	fail	9906.77	omega delta parser token beta
8313	stream-index-337	ok	5516.59	sigma sigma omega gamma
8314	lambda-worker-338	warn	6113.60	beta theta
8315	stream-queue-339	warn	860.17	queue omega index zeta
8316	cache-stream-340	ok	4681.42	alpha socket theta parser socket
8317	socket-parser-341	ok	3801.32	zeta kappa token socket
8318	queue-index-342	fail	5494.43	alpha render parser zeta delta
8319	theta-delta-343	warn	380.73	stream omega epsilon
8320	zeta-index-344	ok	6292.85	parser parser render
8321	kappa-queue-345	fail	4004.24	omega epsilon kappa zeta token
8322	stream-kappa-346	ok	1298.47	lambda worker cache sigma render
8323	gamma-socket-347	warn	3696.33	render route zeta
8324	sigma-kappa-348	skip	6960.09	sigma route gamma
8325	stream-socket-349	warn	7843.26	alpha epsilon omega lambda
8326	cache-epsilon-350	warn	448.65	omega omega route parser delta
8327	socket-lambda-351	skip	3431.93	beta queue cache
8328	gamma-render-352	ok	8688.02	worker theta zeta theta omega
8329	alpha-omega-353	skip	129.71	queue lambda socket kappa render
8330	gamma-cache-354	fail	1649.10	lambda stream delta route parser
8331	worker-omega-355	skip	9542.33	kappa parser token
8332	sigma-zeta-356	ok	9658.36	route lambda render
8333	cache-delta-357	warn	2019.44	socket epsilon epsilon route socket
8334	delta-beta-358	warn	2063.38	zeta cache
8335	lambda-worker-359	fail	5601.24	render kappa
8336	omega-delta-360	ok	7320.28	route render queue beta
8337	zeta-kappa-361	warn	7417.98	worker stream
8338	zeta-gamma-362	skip	1338.32	route sigma stream
8339	worker-alpha-363	skip	7413.77	render token
8340	epsilon-socket-364	warn	6233.13	stream parser
8341	lambda-omega-365	fail	3252.29	parser sigma lambda delta
8342	socket-worker-366	fail	1448.74	gamma stream route theta
8343	queue-token-367	skip	4220.52	sigma zeta render alpha socket
8344	kappa-gamma-368	skip	9301.89	render socket zeta parser stream
8345	route-epsilon-369	skip	3764.05	render socket queue
8346	alpha-stream-370	skip	7556.60	token socket cache cache socket
8347	lambda-stream-371	fail	4790.40	queue theta index stream stream
8348	gamma-theta-372	skip	6453.16	sigma token cache omega beta
8349	worker-cache-373	warn	6381.61	stream render
8350	token-beta-374	ok	8073.88	omega zeta cache beta
8351	stream-parser-375	skip	5577.78	queue parser gamma alpha render
8352	kappa-alpha-376	skip	5374.41	theta cache stream
8353	alpha-gamma-377	warn	651.96	parser cache
8354	worker-token-378	skip	1270.80	queue lambda
8355	epsilon-omega-379	warn	7469.61	index alpha
8356	cache-stream-380	warn	524.40	queue kappa
8357	zeta-theta-381	warn	3853.42	stream omega worker queue kappa
8358	queue-worker-382	skip	7555.92	cache render
8359	index-delta-383	skip	908.02	worker beta gamma
8360	index-omega-384	skip	7726.97	index parser token kappa
8361	lambda-queue-385	skip	8813.19	omega socket
8362	theta-sigma-386	fail	220.12	parser socket gamma theta omega
8363	alpha-stream-387	fail	8501.14	sigma cache zeta kappa worker
8364	gamma-render-388	ok	8698.27	index omega
8365	stream-gamma-389	warn	4209.41	gamma socket cache zeta delta
8366	gamma-zeta-390	warn	3650.94	route sigma worker route sigma
8367	omega-route-391	fail	1227.28	token theta
8368	kappa-zeta-392	skip	7199.68	queue sigma sigma parser
8369	render-socket-393	ok	4363.99	worker zeta lambda epsilon
8370	lambda-gamma-394	warn	2318.35	alpha theta index
8371	kappa-socket-395	fail	9402.86	sigma cache lambda token zeta
8372	socket-token-396	warn	6071.21	beta kappa render zeta lambda
8373	theta-cache-397	fail	895.34	lambda lambda cache beta queue
8374	socket-token-398	warn	6639.88	beta route queue worker
8375	stream-zeta-399	warn	4090.31	alpha cache cache theta lambda
8376	alpha-gamma-400	warn	4081.96	beta alpha lambda token gamma
8377	gamma-delta-401	skip	1571.63	parser stream
8378	worker-route-402	skip	2318.60	index gamma alpha socket
8379	zeta-omega-403	ok	4254.67	alpha render socket
8380	worker-render-404	warn	5610.76	route queue lambda epsilon
8381	stream-cache-405	fail	7296.23	parser omega
8382	alpha-parser-406	ok	104.65	epsilon sigma socket stream
8383	omega-delta-407	warn	1536.84	epsilon queue beta alpha beta
8384	render-delta-408	ok	512.66	kappa parser
8385	stream-render-409	skip	3519.98	omega render lambda route zeta
8386	stream-kappa-410	fail	6750.97	render theta lambda sigma
8387	worker-gamma-411	fail	6411.04	theta delta route queue zeta
8388	zeta-gamma-412	ok	8684.22	worker delta
8389	epsilon-worker-413	ok	9432.71	zeta parser render
8390	kappa-beta-414	skip	7055.51	sigma sigma alpha
8391	index-cache-415	warn	2931.81	sigma beta index index
8392	alpha-alpha-416	warn	7970.99	zeta epsilon beta queue cache
8393	theta-lambda-417	fail	141.39	lambda render gamma token epsilon
8394	cache-route-418	ok	9864.68	token zeta omega sigma
8395	parser-delta-419	skip	7624.56	zeta omega index
8396	gamma-sigma-420	warn	3867.17	socket zeta token queue
8397	stream-cache-421	warn	8488.67	beta zeta stream
8398	parser-kappa-422	warn	2387.26	kappa gamma cache token worker
8399	beta-socket-423	skip	5080.71	theta lambda stream
8400	parser-render-424	warn	8288.44	epsilon worker worker alpha
8401	worker-parser-425	warn	3624.29	omega sigma route index cache
8402	cache-omega-426	fail	7355.95	token queue
8403	stream-parser-427	fail	5069.04	route sigma parser token
8404	socket-route-428	ok	1051.41	parser theta worker
8405	parser-epsilon-429	skip	2445.96	queue cache
8406	stream-zeta-430	skip	2635.84	lambda lambda index alpha sigma
8407	index-gamma-431	warn	3770.30	queue sigma index kappa delta
8408	lambda-socket-432	warn	5781.11	index worker omega
8409	parser-zeta-433	skip	8048.32	lambda stream index
8410	kappa-queue-434	ok	2076.62	zeta lambda cache
8411	cache-theta-435	warn	2955.12	zeta cache gamma
8412	theta-index-436	fail	2096.75	stream kappa route worker
8413	worker-delta-437	warn	4011.84	delta beta kappa index lambda
8414	index-stream-438	ok	3755.75	epsilon beta socket
8415	parser-zeta-439	warn	1430.71	render render queue
8416	theta-zeta-440	skip	2305.56	socket route beta
8417	queue-sigma-441	fail	1348.16	queue theta
8418	lambda-cache-442	warn	1680.81	worker parser kappa omega
8419	worker-route-443	warn	121.58	delta socket
8420	delta-theta-444	skip	7210.30	zeta kappa omega cache
8421	omega-cache-445	fail	83.58	gamma socket delta
8422	route-theta-446	ok	3713.79	delta cache index parser
8423	gamma-sigma-447	ok	1087.36	beta worker render
8424	token-queue-448	skip	8216.21	parser sigma queue parser epsilon
8425	socket-kappa-449	warn	2594.18	alpha socket socket zeta theta
8426	theta-render-450	ok	6778.57	beta sigma socket
8427	lambda-theta-451	warn	789.53	index omega queue kappa index
8428	parser-stream-452	fail	8097.52	render index token alpha index
8429	sigma-queue-453	ok	2065.43	sigma stream render route alpha
8430	token-parser-454	warn	6627.43	index worker zeta zeta kappa
8431	theta-worker-455	warn	9013.03	index alpha
8432	theta-render-456	ok	4320.34	cache render cache
8433	epsilon-lambda-457	skip	596.34	alpha worker worker epsilon
8434	alpha-alpha-458	fail	850.86	parser lambda kappa socket theta
8435	zeta-epsilon-459	ok	5910.74	worker stream beta socket zeta
8436	kappa-delta-460	fail	9253.55	theta token worker
8437	zeta-stream-461	fail	6190.23	theta render zeta
8438	parser-route-462	skip	5104.50	route delta
8439	kappa-stream-463	skip	7162.12	kappa theta
8440	lambda-zeta-464	ok	3299.72	zeta queue alpha
8441	worker-cache-465	ok	3161.38	gamma index queue
8442	worker-lambda-466	skip	7915.82	omega token sigma
8443	delta-kappa-467	fail	5752.56	sigma queue epsilon zeta theta
8444	beta-stream-468	ok	9470.82	omega socket zeta stream
8445	token-stream-469	fail	8648.43	beta worker gamma
8446	stream-gamma-470	skip	4437.08	stream worker omega route epsilon
8447	zeta-theta-471	ok	7021.49	omega index epsilon
8448	parser-stream-472	ok	9607.67	render cache
8449	alpha-worker-473	fail	50.10	socket socket
8450	gamma-beta-474	fail	2454.32	stream queue kappa
8451	socket-render-475	ok	6312.42	stream socket queue sigma cache
8452	queue-kappa-476	skip	2781.16	token lambda
8453	delta-worker-477	ok	9264.01	parser token sigma index epsilon
8454	omega-index-478	fail	4210.75	theta delta
8455	token-zeta-479	warn	511.26	lambda index worker epsilon epsilon
8456	omega-route-480	skip	5291.87	parser render delta gamma
8457	lambda-render-481	warn	4726.18	route stream
8458	worker-epsilon-482	skip	8900.63	route route
8459	delta-theta-483	ok	8782.98	gamma theta kappa queue
8460	worker-render-484	warn	2033.07	lambda token
8461	gamma-zeta-485	fail	8131.41	render epsilon kappa stream stream
8462	epsilon-parser-486	fail	6111.89	socket route index render cache
8463	gamma-worker-487	fail	5873.43	sigma token
8464	cache-stream-488	skip	2746.05	beta alpha socket
8465	cache-parser-489	ok	825.35	token epsilon omega beta
8466	beta-token-490	fail	9930.59	zeta queue
8467	token-route-491	warn	3670.78	epsilon socket alpha
8468	stream-gamma-492	skip	4927.19	cache parser omega stream kappa
8469	kappa-route-493	warn	9842.65	stream route stream
8470	stream-theta-494	fail	9507.80	epsilon alpha
8471	render-epsilon-495	skip	9142.68	route sigma
8472	sigma-index-496	ok	9835.73	beta render beta beta parser
8473	kappa-omega-497	fail	5000.16	route cache socket route omega
8474	socket-alpha-498	ok	2455.66	index socket token stream
8475	sigma-epsilon-499	fail	8841.53	socket render
8476	socket-alpha-500	warn	6756.83	epsilon token lambda sigma
8477	theta-kappa-501	skip	1701.07	gamma parser
8478	socket-zeta-502	fail	8899.55	worker delta theta token render
8479	socket-alpha-503	warn	3239.53	parser index
8480	socket-render-504	fail	9957.04	worker render gamma queue zeta
8481	token-delta-505	warn	4201.39	queue omega socket token sigma
8482	epsilon-route-506	ok	9070.76	index omega alpha
8483	gamma-queue-507	warn	6483.49	theta epsilon
8484	kappa-worker-508	warn	8096.35	worker worker sigma
8485	beta-worker-509	fail	348.66	cache token token kappa
8486	alpha-gamma-510	warn	4288.95	socket zeta alpha
8487	stream-zeta-511	ok	9037.28	queue socket index
8488	socket-queue-512	ok	8528.42	cache sigma gamma omega
8489	token-lambda-513	skip	8491.23	socket lambda beta stream route
8490	worker-gamma-514	warn	3703.15	route epsilon delta zeta
8491	theta-worker-515	warn	2063.16	index token omega kappa
8492	delta-lambda-516	warn	3310.11	parser worker token socket
8493	beta-alpha-517	warn	7242.61	stream cache
8494	gamma-alpha-518	ok	2321.04	cache gamma sigma lambda token
8495	token-token-519	ok	7610.19	queue worker parser render stream
8496	alpha-omega-520	ok	8445.49	zeta sigma stream cache
8497	sigma-cache-521	fail	4950.93	stream socket alpha
8498	gamma-gamma-522	skip	2052.40	delta route zeta stream
8499	epsilon-omega-523	ok	6942.56	epsilon parser lambda token zeta
8500	socket-stream-524	skip	7613.84	omega zeta
8501	sigma-epsilon-525	skip	1390.52	zeta omega epsilon beta
8502	sigma-beta-526	fail	8301.68	gamma route index alpha
8503	zeta-index-527	fail	7268.22	epsilon sigma lambda
8504	delta-route-528	skip	2462.15	alpha gamma
8505	cache-delta-529	skip	9367.57	index epsilon
8506	beta-route-530	fail	1093.22	stream worker theta
8507	parser-sigma-531	warn	1279.91	sigma zeta
8508	index-token-532	skip	1648.49	zeta alpha omega token
8509	beta-queue-533	warn	6666.01	zeta gamma index
8510	cache-parser-534	ok	3889.25	lambda theta render
8511	index-gamma-535	warn	1524.83	zeta beta alpha beta
8512	kappa-render-536	warn	1598.21	parser cache zeta zeta parser
8513	socket-render-537	warn	4093.90	route gamma
8514	theta-delta-538	fail	4757.87	render zeta render index delta
8515	socket-cache-539	ok	5432.86	queue epsilon render queue
8516	sigma-render-540	fail	7188.10	parser kappa route index
8517	index-gamma-541	ok	4658.60	beta index parser epsilon gamma
8518	render-route-542	skip	9119.72	kappa beta route worker alpha
8519	epsilon-gamma-543	fail	9811.03	worker queue theta
8520	alpha-delta-544	ok	7634.31	cache beta
8521	kappa-alpha-545	skip	2244.70	zeta render cache
8522	socket-kappa-546	fail	2701.47	worker render gamma token gamma
8523	socket-alpha-547	warn	1565.05	worker cache lambda render alpha
8524	alpha-alpha-548	skip	7768.43	token gamma
8525	sigma-render-549	skip	2701.86	queue beta delta
8526	epsilon-zeta-550	fail	275.86	index epsilon theta render stream
8527	alpha-kappa-551	warn	2018.56	cache socket parser index delta
8528	beta-parser-552	skip	4322.83	epsilon cache gamma beta render
8529	gamma-lambda-553	skip	9839.32	parser omega
8530	theta-gamma-554	warn	8528.83	kappa route epsilon theta socket
8531	socket-zeta-555	skip	6974.18	cache queue beta
8532	zeta-sigma-556	fail	2585.78	queue delta
8533	token-kappa-557	warn	7318.10	lambda render
8534	stream-render-558	ok	5018.96	render delta cache
8535	index-token-559	warn	7468.47	cache delta
8536	lambda-sigma-560	fail	2244.58	kappa render epsilon
8537	zeta-beta-561	warn	4741.27	theta parser index sigma
8538	gamma-kappa-562	warn	6764.16	route beta zeta render
8539	kappa-beta-563	skip	613.22	alpha parser token alpha theta
8540	worker-beta-564	fail	2330.46	theta cache delta
8541	omega-token-565	warn	509.28	queue worker alpha kappa socket
8542	index-delta-566	ok	2931.23	zeta zeta
8543	socket-kappa-567	skip	3084.23	alpha token delta
8544	parser-beta-568	fail	5807.59	delta theta
8545	cache-omega-569	ok	5647.61	kappa render route
8546	stream-worker-570	fail	5367.49	theta socket render
8547	sigma-stream-571	fail	8761.53	kappa token
8548	beta-worker-572	fail	6403.67	render alpha queue
8549	gamma-token-573	ok	3289.83	lambda socket beta
8550	beta-cache-574	warn	5321.57	stream cache queue socket
8551	sigma-kappa-575	skip	7342.41	lambda zeta theta lambda worker
8552	omega-delta-576	warn	3274.70	queue cache cache sigma
8553	alpha-parser-577	skip	770.28	delta epsilon index
8554	theta-socket-578	fail	7772.18	index alpha sigma
8555	omega-cache-579	skip	4764.37	queue beta theta
8556	render-index-580	ok	8268.85	socket beta delta
8557	theta-queue-581	ok	8326.61	sigma index worker
8558	zeta-kappa-582	ok	6651.01	stream parser zeta render
8559	lambda-gamma-583	fail	6674.19	theta theta queue epsilon
8560	cache-route-584	skip	5917.19	parser gamma kappa socket
8561	queue-zeta-585	warn	6840.55	render token delta stream parser
8562	index-socket-586	ok	4333.66	route route socket index
8563	epsilon-token-587	ok	1243.70	token route
8564	parser-epsilon-588	skip	4039.94	lambda queue socket gamma lambda
8565	parser-zeta-589	fail	1472.48	theta route route epsilon
8566	parser-route-590	fail	1182.27	zeta queue sigma beta
8567	parser-beta-591	ok	8997.42	cache gamma
8568	queue-theta-592	skip	4805.61	worker delta
8569	lambda-cache-593	warn	7668.54	beta gamma
8570	epsilon-omega-594	ok	8576.73	index epsilon worker parser
8571	lambda-parser-595	skip	6965.37	route parser sigma delta
8572	route-queue-596	fail	8170.22	stream delta
8573	kappa-queue-597	fail	6822.79	alpha token
8574	epsilon-cache-598	warn	5915.56	route sigma
8575	kappa-queue-599	fail	8238.31	cache alpha stream omega render
8576	lambda-zeta-600	ok	7657.51	parser stream theta delta
8577	alpha-queue-601	ok	3691.68	gamma omega
8578	kappa-beta-602	fail	9940.06	index alpha omega sigma
8579	render-parser-603	skip	9951.67	gamma token sigma
8580	beta-zeta-604	fail	3905.23	stream omega cache delta kappa
8581	delta-delta-605	fail	493.88	omega token delta route
8582	route-delta-606	skip	864.86	epsilon gamma
8583	alpha-token-607	ok	9926.78	render sigma delta
8584	theta-sigma-608	skip	810.37	socket epsilon epsilon kappa
8585	kappa-index-609	skip	6459.84	socket cache
8586	queue-epsilon-610	skip	3800.56	omega route render
8587	cache-alpha-611	skip	2247.63	render kappa route
8588	delta-socket-612	skip	4630.97	parser kappa
8589	token-omega-613	warn	8890.35	sigma queue stream sigma
8590	delta-stream-614	skip	3659.27	theta delta parser
8591	worker-sigma-615	ok	9392.72	sigma beta worker
8592	render-route-616	ok	7217.95	epsilon beta index kappa
8593	epsilon-parser-617	skip	1086.50	alpha token
8594	kappa-beta-618	skip	6645.07	socket epsilon
8595	render-lambda-619	fail	7957.37	sigma alpha render route
8596	delta-alpha-620	fail	131.88	route socket
8597	worker-queue-621	skip	1673.13	stream delta index stream sigma
8598	worker-cache-622	fail	3638.76	theta route
8599	index-lambda-623	skip	4318.45	sigma kappa render
8600	gamma-index-624	warn	1051.44	gamma route kappa
8601	worker-alpha-625	ok	565.20	socket token omega route
8602	render-epsilon-626	skip	7957.75	delta route
8603	kappa-beta-627	skip	4713.54	omega parser
8604	alpha-parser-628	fail	6364.56	worker omega cache cache cache
8605	token-epsilon-629	warn	1294.32	epsilon render
8606	parser-parser-630	ok	6660.56	gamma index parser epsilon cache
8607	stream-lambda-631	warn	8685.93	epsilon epsilon delta index
8608	omega-theta-632	skip	6569.42	worker lambda
8609	lambda-worker-633	skip	9617.82	epsilon parser kappa delta
8610	theta-index-634	skip	4341.61	cache beta
8611	gamma-omega-635	fail	4671.44	kappa delta
8612	route-delta-636	fail	854.24	epsilon gamma
8613	epsilon-render-637	fail	4916.95	token kappa stream sigma gamma
8614	token-render-638	skip	4790.84	kappa sigma omega
8615	gamma-epsilon-639	skip	4452.86	zeta theta index
8616	epsilon-omega-640	skip	6859.31	index cache
8617	queue-worker-641	ok	9605.91	epsilon epsilon theta sigma
8618	sigma-sigma-642	ok	6331.30	cache route
8619	alpha-socket-643	warn	375.98	cache socket
8620	queue-socket-644	fail	4355.77	render route index
8621	token-token-645	skip	5553.71	alpha index
8622	beta-lambda-646	fail	3376.58	sigma parser index
8623	delta-route-647	warn	8820.59	queue render
8624	parser-sigma-648	ok	7052.60	route theta gamma render epsilon
8625	delta-alpha-649	warn	7684.54	theta beta epsilon beta lambda
8626	queue-parser-650	skip	4609.88	beta render index route alpha
8627	lambda-parser-651	skip	229.23	socket omega route delta kappa
8628	lambda-delta-652	ok	1954.62	theta socket
8629	alpha-index-653	ok	4090.47	token omega zeta worker
8630	sigma-omega-654	warn	5560.69	cache gamma
8631	cache-index-655	ok	7656.50	gamma theta socket
8632	beta-index-656	skip	1233.45	theta gamma
8633	cache-gamma-657	warn	8257.57	beta worker socket lambda
8634	cache-sigma-658	fail	20.02	kappa delta omega worker
8635	socket-token-659	fail	2929.20	omega stream queue
8636	stream-route-660	skip	177.84	parser index
8637	sigma-socket-661	ok	8384.59	token zeta
8638	stream-socket-662	warn	9480.41	gamma sigma worker gamma
8639	zeta-zeta-663	fail	4788.58	token index epsilon theta stream
8640	delta-omega-664	warn	1309.22	theta stream beta
8641	socket-delta-665	ok	8511.73	index stream
8642	cache-alpha-666	fail	4350.45	delta gamma worker delta
8643	zeta-worker-667	ok	7086.21	alpha beta omega worker render
8644	zeta-gamma-668	ok	9016.93	socket beta zeta omega render
8645	parser-index-669	skip	2959.54	theta gamma worker sigma sigma
8646	parser-beta-670	fail	6024.32	lambda lambda
8647	stream-zeta-671	warn	7073.62	queue gamma route kappa worker
8648	beta-cache-672	skip	6587.15	queue theta render parser
8649	zeta-stream-673	warn	9346.58	theta index sigma
8650	omega-lambda-674	fail	2770.62	index zeta stream gamma
8651	render-kappa-675	ok	719.22	gamma queue kappa cache epsilon
8652	worker-token-676	warn	5238.55	kappa epsilon socket socket gamma
8653	lambda-sigma-677	warn	3464.23	queue index theta
8654	kappa-render-678	warn	4680.52	socket omega
8655	beta-lambda-679	fail	420.38	kappa alpha cache
8656	queue-delta-680	ok	3764.55	kappa render
8657	worker-socket-681	skip	3184.98	parser kappa worker gamma kappa
8658	route-worker-682	warn	1205.63	index sigma token parser
8659	delta-alpha-683	ok	6755.61	epsilon gamma
8660	zeta-socket-684	skip	4120.08	gamma queue index
8661	kappa-worker-685	fail	6785.10	zeta index beta
8662	beta-lambda-686	skip	2195.67	route index gamma
8663	delta-gamma-687	ok	9294.71	worker parser worker
8664	queue-omega-688	ok	9261.04	socket theta render
8665	gamma-index-689	fail	1187.86	gamma index worker worker
8666	omega-route-690	ok	3764.52	worker kappa token
8667	route-route-691	ok	7936.90	kappa queue alpha
8668	epsilon-index-692	fail	9550.23	alpha zeta
8669	beta-delta-693	ok	6467.80	queue queue render
8670	alpha-zeta-694	warn	2523.32	beta zeta lambda socket
8671	socket-gamma-695	fail	6303.56	alpha stream
8672	alpha-index-696	skip	2708.35	gamma index worker lambda stream
8673	theta-render-697	skip	2053.79	token queue queue sigma zeta
8674	index-render-698	warn	3520.34	token parser theta alpha stream
8675	sigma-sigma-699	fail	2839.63	cache lambda alpha
8676	route-index-700	warn	4355.56	kappa token delta
8677	parser-worker-701	fail	544.08	cache cache
8678	sigma-delta-702	ok	2745.80	cache theta theta lambda kappa
8679	cache-gamma-703	ok	3231.67	route zeta queue parser token
8680	beta-token-704	skip	7134.87	delta kappa theta token
8681	epsilon-kappa-705	fail	1349.06	epsilon index queue theta
8682	render-cache-706	warn	5594.43	alpha kappa cache
8683	parser-queue-707	warn	6758.63	beta theta token lambda
8684	render-worker-708	skip	1142.82	cache worker lambda alpha omega
8685	zeta-render-709	skip	2435.72	queue stream socket
8686	alpha-gamma-710	fail	1222.79	theta sigma
8687	omega-cache-711	skip	4258.05	zeta worker beta gamma zeta
8688	epsilon-queue-712	fail	4258.82	cache stream alpha worker render
8689	gamma-zeta-713	fail	2262.74	epsilon stream lambda cache stream
8690	worker-epsilon-714	ok	9445.59	kappa socket epsilon render parser
8691	route-delta-715	warn	1470.52	zeta token alpha cache cache
8692	theta-epsilon-716	fail	4632.46	alpha socket theta epsilon
8693	route-socket-717	fail	8616.77	sigma delta
8694	theta-omega-718	fail	2988.22	beta gamma
8695	token-omega-719	warn	6577.17	stream beta
8696	cache-theta-720	ok	5712.64	cache sigma kappa
8697	zeta-epsilon-721	warn	2567.50	socket route gamma alpha socket
8698	omega-stream-722	fail	4440.23	gamma index beta route cache
8699	alpha-theta-723	fail	9987.07	cache cache
8700	lambda-worker-724	warn	4955.40	delta alpha worker cache
8701	route-parser-725	skip	8855.01	epsilon socket parser sigma worker
8702	queue-stream-726	fail	5583.66	queue token worker
8703	lambda-beta-727	ok	8512.39	queue alpha
8704	route-delta-728	skip	5867.28	worker worker parser stream index
8705	render-kappa-729	fail	3440.66	queue delta
8706	lambda-parser-730	skip	1383.49	kappa beta beta
8707	beta-theta-731	warn	4416.51	omega zeta route
8708	stream-theta-732	fail	5980.90	zeta stream theta gamma epsilon
8709	parser-stream-733	warn	7548.57	alpha socket
8710	delta-queue-734	ok	3598.28	delta worker parser token stream
8711	sigma-queue-735	warn	9197.80	render render cache cache epsilon
8712	zeta-zeta-736	ok	2366.11	sigma stream render lambda cache
8713	stream-alpha-737	skip	474.47	cache cache epsilon
8714	kappa-sigma-738	fail	7297.25	theta gamma index
8715	epsilon-socket-739	fail	7992.16	zeta epsilon delta lambda theta
8716	theta-socket-740	skip	8968.33	lambda kappa stream theta delta
8717	sigma-omega-741	skip	9321.04	lambda cache sigma
8718	worker-sigma-742	fail	8189.86	token delta
8719	omega-socket-743	warn	9765.58	worker zeta parser socket cache
8720	epsilon-index-744	skip	9300.89	lambda render cache cache
8721	lambda-omega-745	warn	39.75	delta lambda queue
8722	queue-parser-746	ok	634.62	beta cache stream gamma
8723	alpha-epsilon-747	warn	1656.13	theta delta sigma
8724	cache-sigma-748	ok	3929.80	omega alpha
8725	route-theta-749	ok	3267.81	queue token gamma socket alpha
8726	socket-socket-750	skip	6444.50	token epsilon omega kappa gamma
8727	beta-delta-751	warn	427.33	render parser
8728	lambda-theta-752	warn	4293.44	lambda token beta render
8729	index-socket-753	fail	4744.30	cache omega cache zeta
8730	kappa-index-754	warn	8796.68	alpha worker
8731	token-gamma-755	fail	3394.39	worker cache theta
8732	token-cache-756	fail	2592.09	sigma theta alpha omega parser
8733	socket-token-757	skip	1947.87	sigma delta
8734	zeta-zeta-758	ok	2221.11	cache token stream
8735	cache-theta-759	ok	4116.31	lambda index epsilon alpha parser
8736	kappa-lambda-760	fail	8961.36	index gamma
8737	parser-theta-761	warn	2818.61	alpha render queue
8738	zeta-cache-762	warn	5457.49	socket token stream beta token
8739	stream-worker-763	ok	357.84	omega alpha kappa beta socket
8740	beta-index-764	ok	396.05	omega epsilon theta lambda alpha
8741	queue-epsilon-765	ok	1627.93	epsilon render render alpha render
8742	index-beta-766	warn	6293.38	alpha render epsilon alpha gamma
8743	stream-worker-767	skip	499.85	index cache
8744	kappa-route-768	fail	3245.34	zeta gamma
8745	render-theta-769	ok	9415.64	kappa render render zeta render
8746	alpha-beta-770	ok	3676.73	kappa index socket queue
8747	zeta-index-771	ok	4329.84	beta alpha epsilon epsilon
8748	socket-sigma-772	skip	3529.39	gamma stream cache alpha
8749	cache-parser-773	skip	5818.62	index sigma socket socket route
8750	gamma-delta-774	skip	3527.76	index socket gamma cache index
8751	parser-omega-775	fail	3689.01	lambda kappa omega cache theta
8752	delta-beta-776	skip	7951.68	token theta
8753	cache-omega-777	warn	6370.25	token alpha lambda beta delta
8754	stream-stream-778	fail	3601.88	worker queue epsilon cache
8755	beta-queue-779	warn	6426.64	lambda render
8756	queue-index-780	warn	2108.92	theta delta render gamma
8757	omega-alpha-781	fail	390.94	stream zeta alpha worker
8758	parser-render-782	fail	474.65	route queue index theta sigma
8759	gamma-lambda-783	warn	1808.52	delta cache gamma beta
8760	render-zeta-784	warn	8206.12	epsilon render gamma
8761	parser-zeta-785	fail	290.01	kappa stream lambda route parser
8762	beta-gamma-786	skip	5416.70	kappa route parser epsilon
8763	theta-sigma-787	warn	4309.77	alpha theta
8764	queue-worker-788	warn	5518.70	lambda lambda
8765	lambda-omega-789	ok	7193.93	delta beta epsilon socket theta
8766	cache-lambda-790	warn	8833.84	kappa cache
8767	render-lambda-791	fail	2604.39	stream delta
8768	socket-token-792	skip	5786.60	render queue socket cache
8769	stream-route-793	fail	5045.78	token alpha
8770	index-parser-794	ok	6513.14	parser render kappa theta
8771	route-theta-795	skip	8411.59	stream delta index socket
8772	queue-index-796	fail	2841.09	kappa theta delta delta kappa
8773	route-alpha-797	fail	200.80	socket kappa delta zeta
8774	parser-token-798	ok	1362.30	kappa parser
8775	stream-token-799	warn	6551.53	gamma index gamma
8776	route-lambda-800	skip	3088.88	stream alpha parser
8777	token-kappa-801	fail	802.47	index socket index beta beta
8778	zeta-epsilon-802	warn	2633.33	theta beta worker token
8779	epsilon-route-803	skip	5114.33	route alpha token
8780	worker-lambda-804	ok	5199.29	alpha stream socket
8781	zeta-beta-805	ok	666.30	worker route sigma epsilon
8782	alpha-epsilon-806	skip	1742.27	delta socket delta gamma index
8783	stream-epsilon-807	ok	393.58	socket socket
8784	theta-sigma-808	skip	9729.17	epsilon parser sigma
8785	theta-queue-809	ok	7416.58	queue token
8786	alpha-theta-810	warn	1652.01	zeta delta epsilon lambda
8787	sigma-worker-811	warn	1441.07	parser render
8788	token-render-812	fail	2671.06	delta lambda delta parser theta
8789	worker-parser-813	fail	1682.87	socket socket
8790	zeta-render-814	skip	6280.20	theta stream render epsilon
8791	alpha-token-815	ok	7886.09	sigma socket gamma alpha omega
8792	theta-cache-816	ok	5443.74	render queue cache
8793	alpha-token-817	warn	8746.64	cache sigma
8794	cache-index-818	warn	9397.53	token lambda alpha sigma parser
8795	theta-socket-819	fail	2930.71	queue socket gamma gamma sigma
8796	epsilon-delta-820	warn	6509.45	cache sigma kappa theta
8797	omega-socket-821	fail	7112.24	index beta
8798	queue-gamma-822	warn	5178.28	theta beta
8799	socket-worker-823	skip	4099.51	kappa omega gamma
8800	alpha-queue-824	skip	7731.71	epsilon index kappa
8801	worker-parser-825	warn	7282.29	delta kappa route cache zeta
8802	queue-token-826	fail	5359.70	worker index
8803	stream-zeta-827	warn	7314.09	index beta
8804	render-parser-828	skip	5977.20	gamma route lambda delta worker
8805	sigma-parser-829	warn	6461.31	theta route
8806	token-lambda-830	skip	6515.62	theta cache kappa
8807	parser-kappa-831	skip	4573.38	socket cache sigma gamma
8808	theta-beta-832	warn	109.81	epsilon kappa
8809	zeta-queue-833	skip	3256.06	epsilon zeta gamma kappa
8810	beta-zeta-834	ok	6598.40	delta omega
8811	render-omega-835	ok	2125.97	omega theta
8812	delta-cache-836	skip	5413.75	index epsilon delta zeta sigma
8813	token-theta-837	skip	9519.23	stream kappa
8814	epsilon-index-838	skip	1089.85	token lambda queue
8815	worker-render-839	fail	1069.47	gamma alpha token
8816	route-stream-840	skip	8281.95	token theta zeta
8817	gamma-index-841	ok	1600.59	queue gamma delta
8818	kappa-route-842	fail	5346.63	render alpha kappa theta epsilon
8819	queue-cache-843	warn	2406.20	index gamma epsilon
8820	zeta-render-844	ok	1170.35	worker theta zeta epsilon parser
8821	cache-omega-845	fail	7797.37	parser lambda
8822	zeta-delta-846	ok	4816.25	alpha route route socket
8823	stream-alpha-847	warn	7747.60	render index stream alpha
8824	worker-socket-848	fail	5303.97	alpha worker sigma stream parser
8825	index-delta-849	fail	8573.04	render omega sigma cache
8826	zeta-gamma-850	skip	5615.75	token stream
8827	kappa-gamma-851	ok	9645.70	cache zeta omega worker token
8828	gamma-delta-852	skip	2988.66	socket zeta
8829	zeta-kappa-853	warn	4405.51	route worker theta token lambda
8830	queue-stream-854	fail	2388.39	theta epsilon epsilon beta
8831	cache-parser-855	ok	5722.05	token stream queue route
8832	kappa-beta-856	warn	72.69	epsilon route
8833	token-zeta-857	fail	5923.99	omega token index
8834	queue-alpha-858	ok	2614.03	gamma route
8835	theta-beta-859	fail	399.62	lambda epsilon parser worker route
8836	index-zeta-860	skip	1013.77	parser gamma
8837	alpha-sigma-861	ok	3457.45	theta lambda
8838	zeta-epsilon-862	fail	4647.61	queue gamma token worker token
8839	sigma-cache-863	ok	8985.58	index epsilon
8840	delta-lambda-864	warn	8538.72	cache kappa epsilon gamma route
8841	worker-zeta-865	skip	4915.38	kappa omega
8842	parser-alpha-866	warn	4947.27	socket delta lambda queue zeta
8843	epsilon-render-867	fail	1595.16	epsilon zeta cache
8844	sigma-route-868	fail	6111.44	kappa token route
8845	lambda-epsilon-869	ok	3946.84	cache stream theta kappa beta
8846	omega-gamma-870	skip	5614.48	gamma socket render parser cache
8847	delta-theta-871	ok	2880.30	omega route zeta theta
8848	lambda-alpha-872	fail	4010.18	worker route cache
8849	cache-cache-873	skip	6584.86	omega cache beta
8850	parser-theta-874	warn	6118.84	lambda sigma
8851	alpha-theta-875	fail	8703.55	epsilon worker render index
8852	delta-token-876	fail	2349.52	zeta parser delta beta
8853	delta-cache-877	warn	7622.65	index epsilon gamma
8854	gamma-epsilon-878	ok	7654.00	epsilon worker lambda
8855	token-token-879	warn	7316.10	alpha worker render kappa index
8856	zeta-omega-880	ok	9702.81	index zeta kappa
8857	parser-parser-881	warn	2714.20	gamma delta kappa
8858	kappa-gamma-882	fail	531.79	index worker
8859	cache-beta-883	fail	2970.18	queue delta token socket zeta
8860	queue-omega-884	warn	2083.82	gamma delta
8861	worker-token-885	fail	1948.74	route beta token
8862	index-epsilon-886	ok	1301.74	socket kappa theta token
8863	socket-zeta-887	warn	1964.78	queue token queue parser lambda
8864	cache-queue-888	warn	7145.48	sigma index queue
8865	theta-index-889	fail	9121.05	alpha sigma cache
8866	omega-alpha-890	ok	9929.05	token parser
8867	zeta-theta-891	warn	6425.34	epsilon sigma
8868	token-kappa-892	skip	433.21	socket zeta epsilon alpha socket
8869	token-queue-893	warn	5312.94	index socket token beta
8870	omega-delta-894	warn	9488.97	epsilon kappa parser delta parser
8871	socket-gamma-895	skip	3905.03	cache worker beta stream theta
8872	zeta-kappa-896	fail	9841.78	kappa route render cache theta
8873	socket-stream-897	skip	6055.49	alpha route
8874	epsilon-index-898	ok	6370.28	alpha worker route delta zeta
8875	stream-worker-899	skip	7937.55	theta delta gamma alpha
8876	gamma-alpha-900	ok	1304.28	socket stream
8877	gamma-delta-901	ok	6791.20	index route
8878	gamma-beta-902	ok	2440.58	gamma theta theta omega lambda
8879	render-alpha-903	ok	5216.58	delta lambda omega
8880	zeta-kappa-904	warn	2079.63	kappa alpha render delta beta
8881	gamma-alpha-905	skip	3285.15	beta zeta token gamma
8882	omega-gamma-906	skip	8321.24	token kappa lambda socket parser
8883	gamma-sigma-907	fail	6332.48	route kappa omega theta delta
8884	cache-kappa-908	skip	9388.62	index sigma
8885	theta-delta-909	ok	3368.44	stream kappa token parser route
8886	socket-sigma-910	warn	8846.36	socket alpha gamma
8887	token-parser-911	fail	6354.71	socket index sigma alpha
8888	sigma-worker-912	ok	7544.19	parser cache delta
8889	socket-beta-913	skip	5501.10	epsilon stream token stream stream
8890	render-parser-914	ok	6886.60	kappa alpha
8891	token-omega-915	skip	1997.49	zeta beta
8892	token-lambda-916	skip	468.24	route lambda socket token cache
8893	theta-index-917	skip	945.90	lambda render beta
8894	sigma-omega-918	ok	7117.33	omega route socket
8895	kappa-beta-919	fail	5576.19	beta lambda beta render
8896	cache-zeta-920	skip	6851.09	stream socket parser stream
8897	delta-parser-921	ok	4811.99	route queue lambda theta
8898	gamma-kappa-922	skip	5078.93	token render
8899	token-beta-923	fail	7586.95	render delta token zeta
8900	epsilon-socket-924	warn	3219.48	alpha epsilon lambda
8901	render-queue-925	skip	3071.20	queue queue theta
8902	alpha-worker-926	warn	1507.51	render socket zeta token
8903	cache-worker-927	ok	4983.62	sigma cache
8904	lambda-index-928	warn	1351.28	token zeta route
8905	render-worker-929	ok	7303.21	zeta beta token
8906	stream-kappa-930	ok	8414.84	parser theta
8907	stream-alpha-931	fail	5266.95	gamma token route
8908	queue-kappa-932	skip	3410.30	lambda stream beta stream
8909	zeta-stream-933	skip	2355.65	stream parser alpha
8910	delta-delta-934	warn	558.32	zeta theta lambda stream
8911	epsilon-epsilon-935	ok	9842.84	sigma kappa
8912	gamma-cache-936	ok	9138.28	epsilon beta render queue render
8913	index-stream-937	skip	5849.87	epsilon zeta lambda
8914	zeta-epsilon-938	fail	6574.46	omega theta beta
8915	alpha-theta-939	skip	809.40	queue parser
8916	parser-omega-940	skip	8568.27	token socket
8917	route-cache-941	warn	270.58	socket socket
8918	delta-gamma-942	warn	3446.43	zeta alpha
8919	route-render-943	ok	6836.49	beta token
8920	sigma-omega-944	warn	3813.90	socket route stream
8921	stream-theta-945	ok	6880.73	omega delta queue beta
8922	cache-worker-946	ok	7208.41	render queue omega
8923	omega-socket-947	ok	5335.59	kappa worker beta worker
8924	kappa-beta-948	ok	2595.41	worker lambda token worker
8925	beta-alpha-949	skip	9760.84	theta socket omega omega
8926	theta-socket-950	warn	6191.10	worker token
8927	render-token-951	warn	7730.92	route queue
8928	theta-token-952	ok	9337.85	gamma token theta alpha
8929	queue-route-953	ok	4285.22	route token worker
8930	kappa-alpha-954	ok	753.66	route worker stream render
8931	cache-delta-955	fail	937.86	token render epsilon gamma
8932	socket-socket-956	warn	7036.10	parser token delta zeta
8933	gamma-cache-957	skip	9456.48	alpha token socket socket
8934	alpha-alpha-958	fail	5205.66	cache cache kappa
8935	gamma-gamma-959	ok	8034.07	route theta route
8936	worker-alpha-960	fail	9552.85	sigma gamma
8937	gamma-parser-961	ok	3264.17	zeta kappa token sigma beta
8938	queue-stream-962	ok	7629.41	epsilon delta socket
8939	index-lambda-963	skip	7422.81	beta epsilon stream token token
8940	sigma-queue-964	warn	2786.08	beta queue parser beta
8941	render-worker-965	ok	6847.60	kappa route
8942	delta-route-966	ok	7129.20	omega render kappa token
8943	sigma-omega-967	skip	3599.19	render delta
8944	sigma-theta-968	warn	7343.03	gamma worker worker token render
8945	lambda-delta-969	ok	254.08	socket sigma omega
8946	beta-zeta-970	ok	2530.78	alpha queue alpha zeta
8947	route-kappa-971	warn	7796.59	epsilon stream parser
8948	beta-omega-972	fail	4850.29	token beta
8949	omega-gamma-973	warn	5951.53	lambda alpha route kappa
8950	socket-render-974	warn	3796.27	delta sigma gamma beta epsilon
8951	token-render-975	ok	9251.79	delta parser zeta
8952	worker-kappa-976	skip	9771.51	delta stream stream
8953	token-delta-977	warn	1168.06	render index stream delta stream
8954	cache-delta-978	warn	3242.69	index worker
8955	lambda-sigma-979	ok	8045.21	cache beta kappa queue
8956	beta-epsilon-980	skip	7464.93	kappa gamma beta sigma
8957	gamma-kappa-981	warn	2152.75	lambda queue queue cache
8958	theta-token-982	fail	7770.09	sigma omega route kappa
8959	sigma-zeta-983	warn	1125.98	render route
8960	worker-worker-984	fail	7358.02	stream render kappa alpha
8961	queue-alpha-985	ok	1265.04	route queue socket alpha
8962	beta-parser-986	skip	4452.08	render sigma sigma
8963	token-beta-987	fail	6689.34	render queue
8964	route-socket-988	fail	9803.79	beta theta stream parser
8965	theta-theta-989	warn	9595.67	lambda gamma queue
8966	theta-kappa-990	skip	4067.85	lambda kappa stream alpha
8967	index-epsilon-991	fail	4762.33	theta route queue theta
8968	beta-queue-992	warn	6362.42	stream beta sigma render route
8969	gamma-socket-993	warn	3920.55	theta beta render gamma
8970	omega-stream-994	ok	5776.03	worker worker omega sigma
8971	theta-lambda-995	skip	6408.74	delta gamma omega cache omega
8972	socket-zeta-996	warn	1976.16	gamma cache cache
8973	index-theta-0	fail	8418.29	theta token sigma zeta
8974	cache-lambda-1	fail	8019.74	index theta delta
8975	route-beta-2	ok	7319.10	epsilon render
8976	alpha-zeta-3	warn	7474.59	theta beta
8977	alpha-route-4	fail	5069.74	omega parser kappa render
8978	queue-parser-5	warn	4176.78	worker omega alpha theta parser
8979	token-worker-6	skip	5173.74	epsilon theta queue theta epsilon
8980	theta-omega-7	ok	624.40	omega lambda omega token kappa
8981	omega-stream-8	fail	1481.79	queue epsilon delta worker
8982	index-alpha-9	fail	8577.97	lambda omega zeta
8983	token-epsilon-10	skip	9444.72	theta sigma worker
8984	render-epsilon-11	warn	8452.87	lambda index zeta stream token
8985	gamma-theta-12	warn	3131.17	socket epsilon route index gamma
8986	zeta-cache-13	skip	167.51	sigma token queue
8987	beta-gamma-14	warn	6442.30	queue token
8988	kappa-theta-15	skip	1517.20	beta alpha parser omega theta
8989	zeta-sigma-16	warn	9783.35	omega token
8990	beta-sigma-17	ok	9447.17	lambda index parser queue
8991	cache-kappa-18	ok	7726.30	gamma route
8992	parser-token-19	ok	3350.06	stream theta socket
8993	sigma-lambda-20	ok	2291.87	socket worker epsilon
8994	render-render-21	warn	5199.58	stream queue
8995	cache-delta-22	fail	1211.05	route epsilon delta
8996	parser-beta-23	ok	8547.14	render queue
8997	cache-cache-24	fail	4456.71	token delta zeta theta lambda
8998	zeta-sigma-25	ok	4959.46	queue epsilon beta beta lambda
8999	beta-kappa-26	warn	2364.33	token delta socket beta
9000	worker-lambda-27	fail	7845.59	token token
9001	socket-alpha-28	warn	3484.79	index socket worker omega
9002	zeta-lambda-29	warn	4503.51	omega omega render route index
9003	lambda-delta-30	skip	389.32	alpha beta sigma
9004	parser-epsilon-31	ok	5244.52	omega epsilon route
9005	alpha-epsilon-32	fail	4874.49	index stream worker
9006	beta-socket-33	fail	7756.19	zeta theta render
9007	route-token-34	skip	4157.17	beta worker beta worker index
9008	delta-sigma-35	warn	4710.31	queue worker queue cache
9009	beta-alpha-36	skip	1863.95	alpha worker delta stream
9010	cache-alpha-37	ok	6000.66	zeta epsilon lambda parser delta
9011	sigma-kappa-38	fail	6647.83	render theta
9012	epsilon-omega-39	warn	3217.12	token gamma index index cache
9013	token-index-40	fail	5504.95	socket theta omega
9014	token-kappa-41	fail	3037.90	beta epsilon parser stream
9015	stream-omega-42	ok	5495.53	zeta cache
9016	zeta-omega-43	fail	5996.76	worker render
9017	lambda-theta-44	fail	4811.36	lambda index
9018	parser-lambda-45	ok	1470.07	kappa worker
9019	socket-socket-46	warn	3845.96	sigma index
9020	omega-parser-47	ok	1803.28	socket sigma
9021	index-zeta-48	skip	7503.86	index sigma beta
9022	worker-index-49	ok	1886.18	kappa delta
9023	cache-zeta-50	skip	3341.02	worker route worker worker token
9024	delta-route-51	ok	8462.10	parser worker
9025	stream-beta-52	ok	877.07	parser alpha token
9026	omega-render-53	warn	3522.36	worker worker
9027	stream-index-54	warn	5341.61	socket theta stream parser lambda
9028	zeta-socket-55	ok	4023.71	omega alpha
9029	sigma-zeta-56	skip	5592.90	stream render parser
9030	queue-sigma-57	skip	2375.82	lambda delta alpha gamma worker
9031	beta-index-58	fail	6932.10	cache kappa worker queue omega
9032	gamma-queue-59	skip	3510.78	stream route
9033	sigma-stream-60	skip	3560.11	queue beta cache beta gamma
9034	worker-stream-61	fail	8304.97	alpha beta
9035	gamma-token-62	warn	1414.78	socket zeta kappa token lambda
9036	render-token-63	warn	5132.58	render render alpha parser
9037	parser-stream-64	skip	665.90	kappa zeta
9038	theta-theta-65	ok	64.45	epsilon queue
9039	cache-route-66	ok	5659.28	queue route render route
9040	delta-theta-67	fail	8197.21	parser delta worker worker delta
9041	omega-worker-68	warn	823.61	render lambda gamma token
9042	cache-epsilon-69	skip	935.77	omega epsilon zeta zeta omega
9043	delta-worker-70	skip	9790.32	index beta gamma stream epsilon
9044	queue-sigma-71	warn	5905.99	epsilon route lambda token
9045	socket-alpha-72	skip	2816.51	omega beta delta gamma
9046	sigma-zeta-73	skip	6351.63	epsilon delta zeta zeta
9047	sigma-sigma-74	fail	2153.06	zeta omega stream
9048	gamma-parser-75	skip	7645.97	queue socket cache cache
9049	kappa-token-76	fail	451.87	sigma token
9050	token-beta-77	fail	9911.84	cache epsilon socket worker
9051	render-sigma-78	fail	8366.62	omega epsilon gamma gamma index
9052	zeta-zeta-79	fail	1907.49	token delta stream queue
9053	omega-route-80	skip	4397.68	beta stream omega
9054	epsilon-beta-81	fail	2803.52	token gamma parser omega epsilon
9055	zeta-beta-82	skip	4898.50	route parser queue zeta
9056	kappa-alpha-83	warn	4877.14	epsilon render
9057	parser-parser-84	ok	1030.57	render omega beta cache index
9058	zeta-epsilon-85	warn	5657.30	gamma socket route lambda token
9059	parser-route-86	warn	4789.07	worker gamma
9060	gamma-cache-87	warn	2778.69	parser socket epsilon
9061	index-route-88	skip	1203.86	kappa index route parser
9062	cache-omega-89	fail	9284.19	alpha delta cache token
9063	alpha-lambda-90	ok	2381.03	lambda render
9064	socket-parser-91	ok	7413.88	token token
9065	index-zeta-92	warn	4299.95	cache kappa alpha
9066	zeta-index-93	skip	2885.50	kappa zeta theta alpha
9067	worker-epsilon-94	fail	2075.60	render lambda
9068	alpha-omega-95	fail	4483.20	omega lambda worker kappa lambda
9069	gamma-gamma-96	skip	6426.54	omega beta
9070	alpha-index-97	warn	1145.99	omega delta
9071	lambda-lambda-98	ok	1973.62	lambda beta beta alpha delta
9072	lambda-route-99	ok	2206.31	stream lambda socket
9073	theta-gamma-100	ok	2166.47	stream worker stream stream index
9074	zeta-cache-101	fail	924.54	token cache worker parser cache
9075	stream-index-102	warn	6504.89	cache delta cache
9076	gamma-zeta-103	skip	8807.32	parser route
9077	parser-route-104	skip	4886.04	token alpha gamma omega
9078	index-queue-105	fail	7909.89	cache stream parser lambda
9079	worker-parser-106	warn	9331.17	queue zeta cache route lambda
9080	epsilon-sigma-107	warn	5463.80	route beta stream
9081	alpha-route-108	ok	5287.27	alpha parser worker route index
9082	alpha-token-109	skip	8912.61	socket delta
9083	epsilon-epsilon-110	fail	8215.81	queue index zeta worker alpha
9084	theta-alpha-111	skip	534.08	route zeta
9085	lambda-sigma-112	warn	3094.75	socket socket
9086	worker-token-113	skip	4458.94	zeta epsilon
9087	lambda-render-114	fail	4596.58	queue gamma theta
9088	theta-gamma-115	skip	977.36	parser cache render
9089	zeta-beta-116	fail	4022.06	worker zeta delta
9090	gamma-socket-117	fail	2505.07	omega route
9091	alpha-alpha-118	warn	8814.39	sigma stream
9092	parser-kappa-119	ok	5431.73	beta gamma beta cache route
9093	alpha-cache-120	ok	6453.59	lambda delta zeta alpha zeta
9094	alpha-cache-121	fail	6565.02	cache parser
9095	zeta-gamma-122	fail	3866.73	epsilon sigma index
9096	epsilon-omega-123	fail	9448.17	index socket
9097	token-route-124	fail	6609.94	theta parser omega
9098	cache-token-125	ok	3770.86	theta index
9099	epsilon-zeta-126	warn	5489.23	queue alpha parser lambda
9100	stream-queue-127	warn	2369.25	gamma theta queue
9101	index-lambda-128	fail	3430.27	socket alpha
9102	cache-theta-129	ok	8305.43	route alpha
9103	token-stream-130	fail	4163.27	route delta zeta
9104	index-route-131	ok	9646.20	render sigma epsilon token
9105	sigma-parser-132	fail	7590.74	epsilon kappa theta beta stream
9106	index-theta-133	ok	3545.59	sigma worker
9107	theta-epsilon-134	ok	2686.92	cache kappa
9108	epsilon-epsilon-135	skip	584.66	lambda theta socket sigma
9109	gamma-alpha-136	fail	8176.20	render route lambda render queue
9110	render-sigma-137	fail	4491.33	worker route worker kappa omega
9111	token-lambda-138	skip	8140.08	beta socket
9112	cache-theta-139	skip	1149.37	omega gamma lambda
9113	socket-theta-140	fail	224.33	lambda cache socket parser worker
9114	alpha-epsilon-141	ok	5796.71	delta lambda
9115	worker-theta-142	skip	7715.25	delta socket worker omega token
9116	theta-worker-143	fail	7025.27	parser parser delta parser route
9117	kappa-alpha-144	skip	6621.60	index delta
9118	kappa-zeta-145	ok	6860.93	zeta kappa kappa worker stream
9119	theta-omega-146	skip	8706.05	kappa epsilon sigma delta sigma
9120	kappa-omega-147	warn	5733.45	delta worker
9121	theta-lambda-148	ok	2296.20	cache lambda
9122	parser-token-149	warn	6182.29	theta gamma
9123	sigma-kappa-150	ok	4509.34	token index delta cache
9124	beta-beta-151	skip	8157.72	route socket zeta socket
9125	theta-alpha-152	ok	6840.43	alpha parser queue delta delta
9126	theta-queue-153	ok	9342.29	cache zeta gamma
9127	socket-alpha-154	fail	9091.64	render alpha omega
9128	queue-zeta-155	ok	8379.64	queue stream
9129	sigma-gamma-156	warn	3184.96	kappa sigma stream lambda
9130	token-sigma-157	ok	7956.49	cache cache
9131	gamma-worker-158	warn	8708.10	kappa parser index lambda stream
9132	beta-beta-159	skip	1831.49	sigma queue zeta theta
9133	kappa-render-160	skip	7281.08	kappa epsilon worker queue
9134	socket-token-161	warn	8827.79	zeta epsilon render theta
9135	beta-beta-162	ok	7413.67	gamma beta render socket alpha
9136	parser-worker-163	fail	1812.67	parser sigma theta cache zeta
9137	queue-theta-164	ok	4821.97	kappa gamma render epsilon theta
9138	queue-stream-165	fail	3879.52	kappa kappa alpha
9139	lambda-alpha-166	skip	289.54	epsilon route token
9140	route-route-167	warn	9069.53	worker kappa alpha sigma queue
9141	render-render-168	ok	5212.57	delta sigma
9142	beta-socket-169	warn	8984.36	alpha parser sigma cache
9143	sigma-parser-170	warn	6360.23	index epsilon beta
9144	route-route-171	skip	8562.95	alpha theta alpha zeta
9145	worker-theta-172	warn	5272.70	zeta beta
9146	alpha-sigma-173	warn	4655.63	stream queue omega cache cache
9147	sigma-theta-174	ok	6233.75	index alpha
9148	stream-kappa-175	ok	6034.01	sigma lambda socket
9149	cache-epsilon-176	skip	3152.85	zeta queue
9150	queue-token-177	warn	2085.60	render omega index lambda
9151	socket-queue-178	warn	9590.26	omega render render worker
9152	zeta-render-179	skip	2490.82	alpha socket
9153	zeta-epsilon-180	warn	2109.71	delta theta alpha parser theta
9154	render-cache-181	fail	3973.93	socket theta
9155	omega-gamma-182	ok	3697.20	socket socket kappa socket
9156	theta-gamma-183	skip	940.88	alpha theta worker
9157	delta-lambda-184	ok	5357.69	theta theta kappa worker
9158	zeta-alpha-185	ok	1004.05	cache worker
9159	socket-epsilon-186	fail	8582.66	lambda stream socket alpha beta
9160	parser-index-187	ok	5589.13	sigma kappa alpha
9161	render-render-188	skip	2511.99	sigma zeta socket
9162	worker-alpha-189	warn	9467.50	queue beta delta
9163	omega-index-190	skip	5576.15	delta kappa
9164	cache-socket-191	skip	186.94	route parser
9165	lambda-socket-192	warn	9434.97	alpha token route
9166	zeta-epsilon-193	skip	2824.86	worker lambda render
9167	kappa-token-194	warn	2100.43	kappa worker
9168	worker-alpha-195	ok	417.59	token cache sigma render
9169	epsilon-index-196	ok	7950.60	stream omega render
9170	delta-delta-197	warn	1612.84	zeta lambda zeta omega
9171	render-parser-198	warn	7962.42	alpha omega cache alpha kappa
9172	lambda-token-199	skip	3568.74	delta parser stream stream
9173	index-epsilon-200	warn	4660.07	token route
9174	index-sigma-201	warn	2319.46	lambda alpha
9175	socket-worker-202	warn	3006.84	kappa token
9176	omega-gamma-203	fail	8490.26	worker theta token lambda
9177	zeta-delta-204	fail	9619.29	omega worker cache
9178	worker-lambda-205	ok	2009.79	zeta theta socket alpha
9179	route-index-206	ok	9920.17	route worker
9180	route-parser-207	skip	1345.02	delta beta index zeta
9181	lambda-kappa-208	fail	4342.14	route sigma index route
9182	gamma-epsilon-209	fail	3744.27	index theta epsilon beta
9183	omega-token-210	fail	3336.93	alpha queue
9184	token-sigma-211	ok	5252.41	sigma worker
9185	worker-stream-212	ok	1680.67	gamma beta theta
9186	omega-sigma-213	warn	6200.32	omega parser
9187	cache-alpha-214	skip	9208.88	lambda delta kappa theta gamma
9188	queue-render-215	ok	8328.28	omega parser route theta
9189	epsilon-omega-216	ok	2449.18	route index
9190	queue-route-217	fail	7653.08	route omega sigma sigma omega
9191	epsilon-kappa-218	ok	3041.28	omega stream worker
9192	kappa-queue-219	fail	9380.70	route zeta sigma omega
9193	gamma-kappa-220	ok	1951.55	alpha route parser
9194	epsilon-epsilon-221	warn	5874.46	epsilon theta
9195	worker-alpha-222	ok	2633.53	alpha zeta lambda
9196	zeta-theta-223	fail	1617.80	route worker token sigma queue
9197	lambda-alpha-224	skip	5659.67	index gamma
9198	parser-lambda-225	fail	1097.43	alpha sigma
9199	route-beta-226	skip	3900.93	sigma queue stream beta
9200	route-parser-227	ok	449.16	delta theta cache zeta
9201	theta-kappa-228	fail	8343.01	alpha worker lambda
9202	epsilon-token-229	warn	8662.03	epsilon queue parser kappa
9203	render-cache-230	warn	1824.10	sigma token socket delta
9204	kappa-epsilon-231	fail	689.93	parser token stream omega render
9205	stream-index-232	fail	983.11	sigma stream cache alpha omega
9206	route-cache-233	skip	7509.35	cache parser
9207	lambda-zeta-234	ok	8813.20	gamma route kappa epsilon
9208	index-worker-235	warn	4135.66	theta render theta
9209	kappa-stream-236	ok	1187.58	render theta stream lambda
9210	render-delta-237	fail	6751.31	token epsilon
9211	zeta-cache-238	warn	4077.46	kappa gamma zeta
9212	beta-stream-239	fail	3569.25	worker alpha delta render socket
9213	cache-alpha-240	fail	8875.30	parser delta delta index index
9214	route-socket-241	ok	2833.16	lambda epsilon
9215	stream-delta-242	skip	2781.10	gamma sigma
9216	theta-cache-243	warn	4903.23	epsilon stream render gamma omega
9217	alpha-queue-244	warn	6842.76	lambda token route
9218	zeta-omega-245	ok	9479.04	stream delta socket gamma parser
9219	index-cache-246	ok	2089.02	stream render route
9220	token-parser-247	fail	637.99	parser socket lambda
9221	lambda-queue-248	skip	9773.19	beta beta epsilon lambda alpha
9222	sigma-sigma-249	ok	577.11	theta alpha epsilon route
9223	beta-socket-250	warn	325.82	epsilon sigma epsilon
9224	kappa-cache-251	warn	8681.03	theta queue
9225	zeta-socket-252	ok	6539.68	delta beta
9226	sigma-beta-253	ok	4745.13	alpha theta
9227	sigma-beta-254	ok	4883.15	alpha route
9228	kappa-theta-255	ok	7735.46	queue queue delta
9229	sigma-index-256	warn	3422.79	delta epsilon
9230	kappa-sigma-257	warn	6147.84	index index epsilon kappa
9231	cache-theta-258	fail	7538.02	beta zeta
9232	epsilon-beta-259	warn	2414.14	epsilon theta socket
9233	omega-gamma-260	ok	6381.35	beta alpha alpha
9234	kappa-worker-261	warn	1656.63	alpha gamma lambda
9235	gamma-kappa-262	skip	5649.28	theta beta
9236	alpha-token-263	ok	8309.99	socket token token theta index
9237	theta-socket-264	warn	1961.73	gamma cache worker cache
9238	socket-epsilon-265	skip	2751.91	epsilon parser queue
9239	route-stream-266	fail	9137.86	queue gamma beta
9240	gamma-zeta-267	warn	9220.50	stream gamma gamma theta
9241	route-delta-268	fail	4942.81	alpha alpha
9242	lambda-alpha-269	fail	5868.45	render gamma omega index socket
9243	token-parser-270	skip	7887.29	index queue
9244	lambda-render-271	fail	1745.87	zeta lambda
9245	stream-index-272	ok	3095.16	omega omega theta stream stream
9246	theta-epsilon-273	skip	1723.71	gamma stream kappa cache
9247	queue-delta-274	fail	8523.47	token zeta beta
9248	theta-route-275	ok	9793.69	omega render index
9249	delta-route-276	ok	5095.77	render lambda stream cache
9250	omega-beta-277	skip	9157.97	render render theta alpha kappa
9251	token-render-278	ok	3936.48	gamma sigma worker queue
9252	parser-render-279	ok	2948.04	gamma alpha sigma
9253	stream-omega-280	ok	1153.37	gamma omega queue beta delta
9254	delta-zeta-281	warn	1418.37	omega lambda socket queue
9255	epsilon-render-282	ok	3190.98	socket gamma sigma token
9256	theta-index-283	warn	2489.79	parser sigma
9257	stream-theta-284	warn	3191.93	render kappa
9258	token-sigma-285	ok	3589.74	delta token
9259	token-delta-286	fail	7233.42	lambda delta beta lambda render
9260	route-epsilon-287	fail	4191.59	beta queue token theta
9261	kappa-beta-288	fail	1397.71	token queue gamma sigma cache
9262	theta-parser-289	warn	4486.89	epsilon zeta zeta render route
9263	queue-lambda-290	skip	3961.97	cache sigma
9264	worker-alpha-291	fail	738.72	zeta parser queue
9265	route-kappa-292	warn	8532.40	worker worker index
9266	kappa-index-293	skip	6113.51	kappa route queue
9267	token-cache-294	ok	9390.82	queue omega beta index
9268	cache-parser-295	fail	9685.02	epsilon gamma lambda socket
9269	sigma-render-296	skip	6538.26	zeta kappa sigma omega omega
9270	queue-omega-297	fail	2499.92	delta token stream
9271	alpha-token-298	fail	2514.83	beta token beta kappa
9272	render-token-299	fail	5123.61	render gamma omega
9273	socket-lambda-300	ok	9700.47	index zeta
9274	worker-render-301	ok	2366.21	route queue
9275	epsilon-theta-302	ok	2652.09	epsilon kappa zeta cache
9276	stream-stream-303	skip	9156.66	lambda cache worker kappa gamma
9277	queue-route-304	warn	7172.11	kappa parser gamma
9278	token-lambda-305	warn	8362.10	queue stream alpha lambda
9279	epsilon-token-306	warn	7991.11	delta sigma kappa worker
9280	epsilon-lambda-307	ok	6560.50	worker index
9281	alpha-beta-308	ok	3731.95	queue worker delta delta
9282	index-delta-309	warn	585.84	gamma worker zeta
9283	route-stream-310	fail	5846.36	index route queue
9284	kappa-socket-311	fail	9753.53	route worker route delta epsilon
9285	omega-gamma-312	fail	8824.49	sigma sigma alpha
9286	theta-zeta-313	skip	4155.49	route socket
9287	render-cache-314	ok	3594.19	delta route sigma omega beta
9288	omega-gamma-315	skip	2310.86	sigma route
9289	queue-theta-316	warn	7519.10	kappa sigma cache route delta
9290	sigma-stream-317	fail	7490.26	route alpha delta
9291	index-worker-318	warn	3958.14	zeta alpha queue queue
9292	stream-sigma-319	ok	6502.81	theta sigma epsilon
9293	gamma-socket-320	ok	1570.84	delta stream
9294	epsilon-zeta-321	skip	2417.48	cache route route alpha
9295	zeta-zeta-322	warn	7880.30	theta sigma lambda worker token
9296	epsilon-route-323	ok	687.51	socket stream alpha
9297	queue-queue-324	skip	9282.90	route alpha
9298	token-gamma-325	warn	5163.71	worker queue stream gamma
9299	omega-gamma-326	ok	4671.92	socket queue epsilon
9300	queue-lambda-327	fail	7466.41	socket epsilon
9301	parser-epsilon-328	skip	8367.82	route cache
9302	gamma-render-329	fail	1303.50	lambda kappa gamma zeta
9303	socket-omega-330	ok	4417.84	render token kappa beta
9304	token-gamma-331	skip	237.20	gamma route
9305	index-socket-332	skip	328.54	socket beta route parser kappa
9306	zeta-socket-333	ok	2322.42	gamma worker omega cache
9307	lambda-delta-334	warn	602.48	socket epsilon route
9308	queue-kappa-335	warn	7594.41	omega cache sigma zeta
9309	gamma-route-336	ok	6290.70	render epsilon stream alpha token
9310	gamma-epsilon-337	ok	6677.30	index socket theta alpha
9311	gamma-alpha-338	warn	2840.34	beta worker omega sigma
9312	kappa-index-339	warn	4063.49	omega beta index index kappa
9313	stream-socket-340	skip	6062.93	alpha delta omega
9314	socket-alpha-341	ok	7476.47	render queue
9315	route-sigma-342	skip	5426.17	queue beta stream
9316	worker-queue-343	ok	6671.89	gamma beta sigma
9317	beta-socket-344	fail	4794.12	kappa alpha beta queue gamma
9318	omega-index-345	warn	9746.16	lambda socket socket
9319	theta-beta-346	warn	9817.71	cache render route
9320	index-kappa-347	warn	9780.42	stream cache sigma
9321	zeta-render-348	skip	7412.29	token token
9322	route-cache-349	ok	5.53	theta parser index
9323	render-theta-350	warn	6001.62	kappa lambda beta sigma
9324	kappa-lambda-351	fail	4865.53	render parser delta
9325	cache-theta-352	skip	7765.46	epsilon worker beta
9326	cache-gamma-353	fail	9731.79	lambda route
9327	route-cache-354	warn	3412.38	token alpha kappa
9328	token-theta-355	ok	1303.26	epsilon lambda queue alpha
9329	kappa-socket-356	skip	5081.04	route epsilon lambda route socket
9330	route-delta-357	warn	5207.92	epsilon zeta sigma
9331	omega-alpha-358	fail	1631.77	alpha lambda cache
9332	sigma-lambda-359	fail	5422.58	omega index socket
9333	lambda-sigma-360	warn	1541.06	lambda delta
9334	zeta-omega-361	ok	893.05	delta epsilon
9335	cache-index-362	warn	2449.14	index lambda queue epsilon
9336	epsilon-stream-363	ok	7862.29	token sigma sigma
9337	socket-alpha-364	fail	6589.96	parser zeta cache token
9338	cache-parser-365	ok	7105.80	render socket index token route
9339	zeta-index-366	warn	6268.12	beta zeta
9340	gamma-cache-367	warn	3927.07	render omega
9341	index-sigma-368	ok	8336.46	stream beta
9342	delta-token-369	ok	4709.17	index queue omega
9343	omega-sigma-370	warn	3450.40	queue worker
9344	epsilon-alpha-371	skip	1606.89	token render
9345	epsilon-epsilon-372	ok	2338.66	alpha delta route socket
9346	worker-cache-373	warn	7422.48	queue index omega render
9347	delta-omega-374	fail	2915.32	delta render cache theta
9348	cache-theta-375	warn	6810.40	epsilon theta delta queue token
9349	lambda-index-376	fail	1498.32	render gamma socket lambda
9350	queue-worker-377	ok	553.12	beta lambda lambda
9351	route-socket-378	fail	9306.49	gamma beta
9352	omega-sigma-379	skip	2646.35	lambda route worker epsilon render
9353	kappa-theta-380	ok	7262.36	route route sigma zeta beta
9354	queue-omega-381	warn	84.53	cache queue epsilon theta
9355	socket-omega-382	fail	7586.67	queue token worker sigma alpha
9356	render-beta-383	skip	1029.03	beta lambda beta alpha
9357	token-omega-384	fail	2069.32	queue alpha route index worker
9358	parser-route-385	fail	451.85	sigma kappa route stream
9359	cache-socket-386	ok	1129.60	stream parser
9360	kappa-worker-387	skip	8964.18	token render
9361	cache-theta-388	fail	5158.67	zeta route alpha worker zeta
9362	route-queue-389	fail	7766.11	gamma epsilon omega
9363	cache-beta-390	ok	9314.01	delta delta sigma
9364	socket-epsilon-391	fail	6151.07	stream index zeta epsilon
9365	alpha-sigma-392	skip	8081.78	cache token
9366	cache-render-393	skip	8020.74	token alpha
9367	socket-beta-394	warn	344.88	alpha cache
9368	zeta-sigma-395	fail	9485.67	gamma gamma route gamma sigma
9369	kappa-beta-396	ok	9107.19	render route alpha epsilon parser
9370	epsilon-route-397	fail	2084.35	render worker cache route
9371	theta-theta-398	ok	5438.41	route zeta theta sigma
9372	delta-zeta-399	warn	8636.16	stream theta worker gamma beta
9373	beta-beta-400	skip	225.23	omega socket sigma alpha queue
9374	lambda-stream-401	skip	3516.13	sigma render
9375	gamma-render-402	fail	3524.37	token cache index theta
9376	route-socket-403	warn	1012.59	kappa token kappa
9377	delta-token-404	skip	1236.47	queue queue index beta
9378	zeta-route-405	fail	6399.22	stream epsilon kappa beta
9379	zeta-cache-406	ok	7754.41	token theta queue
9380	cache-parser-407	ok	7951.91	socket token
9381	token-parser-408	skip	3388.81	route index parser
9382	zeta-theta-409	skip	5915.54	render delta index cache
9383	zeta-index-410	ok	5152.78	parser cache zeta index route
9384	lambda-delta-411	ok	5576.52	route cache alpha index
9385	stream-route-412	skip	5619.63	sigma alpha
9386	route-epsilon-413	ok	6959.17	beta socket gamma
9387	omega-stream-414	warn	9802.38	epsilon socket sigma route
9388	beta-omega-415	skip	3123.99	index sigma
9389	index-epsilon-416	warn	5515.48	render worker
9390	zeta-route-417	fail	2046.92	alpha parser token route index
9391	worker-alpha-418	skip	9477.81	omega token epsilon token stream
9392	index-kappa-419	ok	8754.32	lambda render theta
9393	sigma-gamma-420	warn	2278.63	sigma render
9394	sigma-sigma-421	fail	7095.01	parser delta
9395	index-gamma-422	fail	2856.92	index gamma
9396	delta-socket-423	fail	6429.28	stream queue zeta
9397	lambda-theta-424	skip	9968.21	cache delta
9398	lambda-kappa-425	fail	4597.06	stream theta parser
9399	alpha-socket-426	ok	3737.72	zeta epsilon delta gamma stream
9400	omega-theta-427	fail	8842.59	render worker
9401	queue-stream-428	fail	6614.84	omega parser route omega render
9402	beta-index-429	skip	7399.94	beta queue index socket worker
9403	socket-worker-430	skip	7135.22	socket worker
9404	stream-gamma-431	warn	1715.29	index index lambda queue
9405	queue-render-432	skip	2179.23	cache route cache
9406	index-epsilon-433	ok	7830.04	zeta worker worker theta zeta
9407	index-cache-434	skip	4563.72	theta epsilon lambda alpha
9408	queue-render-435	skip	5494.00	delta worker
9409	beta-gamma-436	warn	5778.04	token theta
9410	queue-theta-437	warn	2946.87	queue zeta kappa omega sigma
9411	route-omega-438	fail	2305.40	beta socket render epsilon route
9412	alpha-parser-439	ok	599.30	alpha index token lambda omega
9413	kappa-lambda-440	warn	4019.39	cache route
9414	zeta-omega-441	ok	9775.90	lambda route cache token omega
9415	sigma-theta-442	fail	2748.19	queue cache theta index
9416	cache-token-443	fail	1534.09	lambda render token
9417	delta-omega-444	ok	4904.15	alpha beta parser
9418	zeta-gamma-445	fail	3579.53	index omega gamma zeta delta
9419	render-omega-446	warn	9666.97	omega lambda worker parser
9420	stream-zeta-447	fail	4285.85	render cache route cache gamma
9421	delta-omega-448	fail	8905.84	beta socket alpha stream
9422	gamma-socket-449	warn	5864.66	token sigma render
9423	gamma-token-450	ok	3184.90	socket kappa index stream
9424	sigma-parser-451	skip	9689.58	stream zeta route alpha
9425	route-epsilon-452	ok	3791.03	gamma beta beta alpha
9426	worker-socket-453	skip	5436.46	sigma alpha delta
9427	route-sigma-454	fail	7003.58	alpha route worker stream
9428	beta-token-455	skip	4567.41	token alpha beta theta
9429	queue-render-456	ok	5813.28	kappa socket lambda
9430	queue-index-457	skip	8352.16	delta epsilon kappa
9431	render-alpha-458	fail	1471.57	cache queue
9432	stream-stream-459	ok	5417.64	parser kappa
9433	route-queue-460	fail	3353.86	beta sigma parser
9434	gamma-zeta-461	warn	7180.71	parser omega
9435	route-delta-462	warn	9885.56	epsilon omega parser
9436	render-omega-463	fail	7693.69	beta beta sigma theta
9437	token-theta-464	warn	3092.64	queue beta delta parser
9438	sigma-sigma-465	skip	8786.94	theta render parser token
9439	kappa-stream-466	warn	5180.66	worker cache cache render
9440	index-parser-467	warn	6890.12	socket epsilon zeta render
9441	socket-epsilon-468	fail	8153.76	epsilon omega
9442	render-kappa-469	ok	6966.23	sigma render zeta sigma
9443	kappa-token-470	warn	853.34	worker kappa
9444	lambda-kappa-471	warn	8394.00	stream sigma route parser
9445	route-stream-472	warn	8147.64	sigma omega
9446	index-epsilon-473	skip	3074.97	queue lambda beta gamma
9447	delta-omega-474	skip	4264.02	omega epsilon beta lambda omega
9448	epsilon-cache-475	ok	5352.48	parser route index route
9449	zeta-alpha-476	fail	6876.16	zeta render omega delta
9450	stream-token-477	warn	9182.93	sigma delta
9451	delta-delta-478	ok	8594.73	kappa sigma queue token
9452	beta-theta-479	warn	6416.73	gamma render socket
9453	queue-gamma-480	warn	5118.31	socket alpha kappa cache parser
9454	worker-zeta-481	warn	497.55	delta stream beta socket
9455	route-omega-482	skip	9372.82	gamma beta zeta socket cache
9456	sigma-theta-483	fail	2316.79	kappa queue
9457	route-token-484	skip	3738.36	omega omega sigma
9458	cache-render-485	warn	3628.56	delta lambda
9459	zeta-token-486	warn	8769.69	epsilon zeta lambda index
9460	kappa-epsilon-487	skip	2748.80	socket epsilon queue sigma
9461	sigma-index-488	skip	7395.65	stream epsilon queue
9462	worker-theta-489	ok	8222.32	delta socket
9463	delta-gamma-490	warn	616.33	beta stream epsilon omega
9464	queue-epsilon-491	skip	1465.46	token beta omega
9465	sigma-stream-492	ok	2430.32	gamma route
9466	socket-kappa-493	fail	1906.47	zeta delta gamma worker stream
9467	zeta-kappa-494	ok	7437.80	lambda token omega omega
9468	theta-zeta-495	warn	3001.16	delta theta
9469	cache-zeta-496	ok	5971.20	lambda theta omega theta socket
9470	kappa-queue-497	ok	5695.83	theta lambda
9471	lambda-omega-498	fail	3684.43	sigma render render
9472	theta-sigma-499	skip	6055.09	beta sigma route gamma
9473	omega-kappa-500	skip	3950.61	sigma beta
9474	index-queue-501	fail	2368.91	index omega theta alpha
9475	gamma-sigma-502	fail	4047.97	theta route zeta
9476	parser-delta-503	fail	9200.04	stream alpha theta
9477	lambda-index-504	ok	8027.08	kappa lambda stream worker
9478	lambda-beta-505	warn	6509.52	socket epsilon route gamma
9479	parser-zeta-506	fail	3371.68	cache cache
9480	theta-zeta-507	warn	9153.67	beta render parser
9481	theta-kappa-508	ok	2627.42	socket lambda zeta queue
9482	route-socket-509	fail	8234.10	epsilon theta parser alpha index
9483	index-worker-510	warn	2989.78	cache epsilon
9484	socket-render-511	fail	4639.15	alpha queue worker
9485	gamma-stream-512	skip	721.43	index zeta index gamma
9486	worker-index-513	ok	4198.47	worker alpha
9487	kappa-delta-514	ok	1502.27	epsilon parser
9488	route-cache-515	warn	2202.38	token cache
9489	cache-cache-516	ok	8823.87	zeta epsilon token zeta parser
9490	gamma-lambda-517	warn	9794.06	sigma alpha queue index
9491	worker-token-518	warn	3032.47	route index omega
9492	worker-kappa-519	fail	4866.16	stream epsilon worker sigma index
9493	socket-epsilon-520	skip	6077.14	route alpha
9494	omega-cache-521	skip	8502.99	socket index epsilon delta theta
9495	lambda-cache-522	warn	6304.63	cache zeta parser
9496	token-gamma-523	skip	2049.74	cache lambda gamma epsilon delta
9497	beta-zeta-524	skip	7371.14	stream theta
9498	parser-gamma-525	skip	1424.79	sigma sigma socket worker worker
9499	omega-kappa-526	fail	7537.15	beta beta
9500	gamma-worker-527	warn	2643.77	theta beta worker delta omega
9501	beta-alpha-528	fail	4687.12	zeta stream token
9502	cache-gamma-529	skip	4792.91	epsilon alpha sigma theta index
9503	token-beta-530	skip	2419.35	queue alpha index sigma
9504	epsilon-epsilon-531	skip	5935.94	epsilon omega alpha alpha
9505	epsilon-queue-532	ok	1371.80	lambda cache omega route delta
9506	cache-omega-533	warn	5632.12	beta worker stream
9507	omega-omega-534	fail	5855.90	render render
9508	worker-sigma-535	skip	2798.98	worker route route alpha
9509	stream-worker-536	skip	5944.01	beta stream
9510	gamma-sigma-537	warn	3470.94	beta epsilon alpha zeta delta
9511	index-cache-538	warn	5048.87	stream delta
9512	theta-sigma-539	skip	6758.09	token socket worker worker gamma
9513	zeta-sigma-540	warn	15.65	lambda gamma
9514	sigma-route-541	warn	3848.30	index stream zeta
9515	lambda-render-542	ok	5075.69	stream socket cache
9516	socket-token-543	warn	7379.82	beta route epsilon queue worker
9517	worker-queue-544	ok	3044.80	queue sigma delta queue
9518	beta-parser-545	skip	2878.79	stream epsilon sigma stream socket
9519	epsilon-omega-546	ok	1179.18	cache omega sigma worker
9520	token-worker-547	warn	6895.27	worker kappa
9521	epsilon-theta-548	skip	493.97	token epsilon worker stream theta
9522	route-socket-549	warn	2868.00	sigma sigma cache route theta
9523	render-lambda-550	ok	29.23	omega gamma index
9524	omega-socket-551	fail	5877.26	gamma route
9525	lambda-kappa-552	ok	5393.23	beta kappa
9526	delta-queue-553	skip	1461.76	kappa epsilon epsilon theta route
9527	parser-gamma-554	fail	7969.19	queue stream lambda
9528	render-cache-555	fail	8193.15	index parser parser beta
9529	route-worker-556	warn	693.15	delta delta cache sigma
9530	route-delta-557	warn	5266.58	gamma theta
9531	sigma-index-558	fail	9939.83	index zeta
9532	parser-beta-559	skip	6559.38	theta index epsilon
9533	beta-socket-560	fail	7274.17	sigma socket
9534	render-worker-561	skip	2888.90	stream worker kappa
9535	queue-token-562	skip	3195.03	render token
9536	stream-stream-563	ok	3825.40	queue token theta index socket
9537	beta-route-564	fail	7184.76	route epsilon
9538	socket-token-565	ok	3132.65	kappa omega beta lambda
9539	epsilon-beta-566	skip	4372.87	cache lambda token zeta kappa
9540	alpha-epsilon-567	warn	6384.46	token alpha
9541	queue-socket-568	warn	3415.88	kappa socket index theta
9542	gamma-worker-569	fail	9088.19	epsilon lambda stream beta render
9543	theta-parser-570	fail	1698.96	zeta token theta sigma socket
9544	queue-zeta-571	ok	1541.86	worker alpha kappa
9545	stream-parser-572	skip	6753.18	theta token kappa
9546	stream-socket-573	skip	6137.81	index alpha theta
9547	render-worker-574	ok	8231.34	gamma route delta delta
9548	delta-cache-575	skip	6906.88	sigma gamma zeta kappa kappa
9549	token-epsilon-576	warn	6418.68	gamma worker alpha stream cache
9550	lambda-theta-577	skip	1684.11	delta stream omega
9551	route-kappa-578	skip	1560.37	alpha socket render
9552	cache-kappa-579	warn	2414.20	epsilon render
9553	token-socket-580	ok	3331.92	socket lambda cache cache omega
9554	omega-kappa-581	skip	7238.91	render route
9555	parser-parser-582	ok	3466.20	index index epsilon index
9556	worker-lambda-583	fail	3652.91	zeta beta omega index zeta
9557	worker-alpha-584	warn	1496.56	beta sigma omega
9558	render-render-585	skip	8337.34	alpha beta stream sigma alpha
9559	render-theta-586	fail	4733.29	lambda token kappa token
9560	delta-kappa-587	fail	3512.16	theta worker
9561	zeta-worker-588	warn	1999.88	zeta lambda
9562	stream-parser-589	fail	5138.33	gamma stream delta
9563	parser-omega-590	warn	5620.89	kappa theta
9564	route-socket-591	ok	4879.12	render zeta token epsilon cache
9565	cache-zeta-592	fail	7017.82	render route parser beta
9566	index-render-593	ok	5973.98	kappa epsilon route lambda delta
9567	token-socket-594	ok	8292.17	parser socket
9568	omega-route-595	warn	9498.57	gamma gamma gamma
9569	route-epsilon-596	ok	7932.81	route queue stream
9570	omega-epsilon-597	ok	8782.49	token route sigma
9571	token-omega-598	ok	1272.02	socket queue
9572	stream-epsilon-599	ok	61.59	cache render queue beta
9573	beta-route-600	skip	673.07	route index
9574	lambda-zeta-601	skip	5920.58	socket cache gamma render delta
9575	epsilon-alpha-602	warn	5789.34	sigma route socket
9576	sigma-sigma-603	warn	7898.93	alpha epsilon
9577	theta-beta-604	fail	468.87	theta gamma omega theta
9578	cache-parser-605	ok	4219.64	beta delta epsilon
9579	sigma-lambda-606	skip	2735.98	index index sigma cache
9580	token-delta-607	skip	4389.15	route queue worker socket
9581	index-zeta-608	ok	5983.37	alpha zeta omega
9582	omega-gamma-609	warn	3237.69	socket zeta gamma route stream
9583	queue-lambda-610	skip	4556.82	cache cache worker kappa
9584	token-alpha-611	skip	4003.17	omega route
9585	beta-worker-612	skip	5224.00	stream zeta delta zeta
9586	worker-queue-613	warn	6462.20	omega worker
9587	delta-alpha-614	skip	1171.64	index stream stream stream socket
9588	lambda-cache-615	ok	1836.98	cache worker stream delta
9589	queue-delta-616	warn	3887.41	delta cache
9590	route-alpha-617	warn	6647.75	theta delta queue token
9591	kappa-theta-618	warn	1681.28	theta zeta
9592	gamma-render-619	skip	7828.98	route cache
9593	token-parser-620	fail	1611.97	omega sigma kappa
9594	render-alpha-621	fail	9728.45	stream sigma socket sigma
9595	alpha-delta-622	fail	4534.30	omega beta
9596	lambda-gamma-623	fail	7443.72	theta route queue kappa lambda
9597	index-socket-624	ok	7042.48	queue gamma token zeta
9598	delta-gamma-625	skip	7371.40	zeta route socket beta
9599	beta-alpha-626	warn	2205.42	zeta theta omega index
9600	route-worker-627	fail	1555.58	stream parser parser sigma theta
9601	alpha-epsilon-628	skip	6185.96	queue theta
9602	stream-socket-629	ok	4845.19	zeta alpha sigma
9603	lambda-omega-630	fail	1742.00	kappa worker
9604	zeta-sigma-631	skip	8583.61	render alpha route beta
9605	stream-stream-632	warn	6908.03	route omega zeta epsilon
9606	zeta-sigma-633	fail	7028.06	gamma queue
9607	stream-epsilon-634	fail	404.57	lambda kappa
9608	theta-stream-635	warn	2972.01	token token
9609	delta-queue-636	warn	5408.85	beta kappa kappa kappa theta
9610	kappa-route-637	fail	4838.72	parser delta lambda theta omega
9611	token-omega-638	skip	4244.16	stream index
9612	zeta-stream-639	ok	7458.22	gamma omega
9613	alpha-zeta-640	skip	2745.03	socket lambda
9614	alpha-zeta-641	skip	9118.99	token queue lambda theta sigma
9615	zeta-socket-642	ok	5074.77	queue stream queue
9616	alpha-kappa-643	skip	8362.92	kappa index route
9617	kappa-zeta-644	ok	2961.84	stream gamma omega
9618	parser-socket-645	ok	8989.31	delta delta
9619	cache-route-646	ok	6464.29	beta sigma token epsilon parser
9620	kappa-index-647	warn	331.18	token worker
9621	socket-lambda-648	fail	840.40	worker worker route theta sigma
9622	zeta-sigma-649	ok	9794.76	omega stream gamma
9623	delta-index-650	ok	1296.35	route parser theta render render
9624	parser-route-651	ok	8171.25	queue stream stream delta beta
9625	route-token-652	skip	5572.41	worker omega lambda
9626	theta-kappa-653	warn	1132.39	theta route queue
9627	zeta-queue-654	warn	3035.54	theta parser token
9628	sigma-delta-655	ok	7807.60	index theta sigma delta render
9629	lambda-sigma-656	ok	2906.89	sigma theta
9630	token-stream-657	fail	8970.72	alpha parser cache token
9631	alpha-queue-658	ok	6739.90	sigma gamma
9632	alpha-epsilon-659	warn	1505.16	route route cache omega
9633	lambda-theta-660	warn	3202.05	delta omega sigma gamma
9634	index-kappa-661	fail	1501.68	parser queue
9635	epsilon-parser-662	skip	5169.83	alpha socket
9636	beta-theta-663	skip	2692.53	theta epsilon
9637	worker-alpha-664	warn	999.43	index beta
9638	queue-token-665	warn	9693.52	kappa gamma epsilon epsilon queue
9639	delta-token-666	fail	8385.10	omega index worker
9640	render-beta-667	warn	3469.77	stream beta theta sigma
9641	omega-cache-668	skip	6509.25	theta theta omega
9642	socket-alpha-669	fail	966.91	render sigma parser alpha
9643	route-theta-670	fail	6231.71	worker socket socket
9644	lambda-socket-671	ok	2793.79	parser omega render omega
9645	route-kappa-672	warn	9631.56	cache stream
9646	gamma-token-673	fail	4946.64	lambda queue stream
9647	alpha-gamma-674	warn	9213.57	theta render theta
9648	token-stream-675	skip	4525.77	cache cache
9649	index-omega-676	ok	7663.67	gamma omega
9650	stream-beta-677	fail	3470.42	zeta stream stream socket lambda
9651	stream-sigma-678	warn	3425.66	socket zeta route
9652	theta-render-679	skip	2121.32	worker token stream worker render
9653	alpha-cache-680	fail	2924.94	kappa worker zeta lambda lambda
9654	delta-render-681	ok	5900.55	socket delta cache
9655	gamma-theta-682	warn	7357.74	delta worker render token token
9656	render-theta-683	ok	5788.22	epsilon gamma omega token
9657	kappa-render-684	skip	1428.77	socket socket
9658	stream-route-685	skip	1680.56	gamma worker
9659	kappa-token-686	fail	772.53	kappa stream queue
9660	delta-beta-687	skip	7956.88	delta beta cache
9661	queue-alpha-688	skip	6715.72	zeta socket lambda
9662	token-worker-689	ok	6780.40	route index beta cache
9663	token-gamma-690	skip	1582.91	cache stream index kappa
9664	render-queue-691	ok	6921.73	index delta parser
9665	delta-beta-692	ok	8580.46	epsilon token epsilon
9666	delta-render-693	ok	5964.93	worker queue route
9667	epsilon-parser-694	ok	4697.97	parser socket route epsilon
9668	zeta-beta-695	warn	8623.25	delta gamma index worker
9669	delta-theta-696	skip	916.50	kappa zeta sigma
9670	alpha-alpha-697	skip	7828.14	index stream
9671	index-epsilon-698	ok	7973.38	cache epsilon beta
9672	kappa-kappa-699	ok	5267.90	omega route theta
9673	route-parser-700	fail	7904.36	parser gamma
9674	worker-lambda-701	ok	5594.06	token socket epsilon kappa
9675	render-socket-702	fail	4184.38	omega epsilon lambda cache epsilon
9676	render-index-703	ok	963.80	alpha beta token lambda queue
9677	epsilon-delta-704	fail	241.99	delta epsilon
9678	token-delta-705	fail	8681.41	gamma lambda alpha
9679	zeta-theta-706	warn	6486.95	queue socket stream index worker
9680	parser-kappa-707	skip	8760.69	epsilon beta alpha cache
9681	stream-zeta-708	ok	1011.12	sigma lambda
9682	gamma-render-709	warn	7115.38	route parser zeta queue lambda
9683	delta-theta-710	warn	2061.64	sigma queue theta omega
9684	delta-cache-711	warn	4315.95	stream worker render sigma
9685	index-worker-712	fail	2084.78	gamma cache kappa gamma cache
9686	delta-epsilon-713	skip	201.43	beta stream render socket socket
9687	socket-worker-714	warn	5377.42	cache delta zeta render route
9688	delta-gamma-715	warn	7762.71	zeta socket token
9689	zeta-index-716	warn	2543.87	theta cache omega lambda gamma
9690	worker-worker-717	ok	7326.15	omega zeta epsilon
9691	stream-sigma-718	fail	1110.54	zeta socket
9692	lambda-delta-719	warn	2688.80	cache alpha route lambda lambda
9693	zeta-epsilon-720	fail	7718.75	zeta route render beta
9694	stream-delta-721	ok	4099.50	epsilon sigma parser parser
9695	index-token-722	warn	3695.22	alpha sigma gamma socket
9696	gamma-beta-723	fail	9238.36	stream stream
9697	alpha-cache-724	fail	9344.83	theta gamma render stream beta
9698	beta-theta-725	skip	8671.46	render epsilon theta sigma
9699	index-delta-726	ok	6439.92	token delta zeta route cache
9700	token-beta-727	ok	4165.59	stream beta sigma
9701	worker-beta-728	warn	4441.64	cache delta beta epsilon cache
9702	render-epsilon-729	fail	4804.92	delta route
9703	render-alpha-730	fail	6267.14	stream token socket delta index
9704	alpha-gamma-731	fail	6660.87	cache zeta parser
9705	alpha-kappa-732	skip	7080.32	zeta index epsilon
9706	alpha-cache-733	ok	1101.63	omega kappa beta delta
9707	cache-epsilon-734	warn	1038.61	worker zeta
9708	queue-worker-735	ok	1926.83	zeta alpha gamma
9709	delta-route-736	warn	4765.91	epsilon theta render sigma
9710	worker-socket-737	fail	6657.05	kappa alpha
9711	kappa-render-738	warn	380.73	omega route index
9712	parser-theta-739	warn	2455.14	beta sigma
9713	token-queue-740	skip	371.46	queue lambda parser alpha
9714	kappa-worker-741	ok	557.68	alpha gamma index beta queue
9715	alpha-index-742	fail	1660.47	socket parser
9716	delta-render-743	warn	9706.15	sigma socket epsilon worker parser
9717	sigma-cache-744	skip	9272.14	sigma gamma queue
9718	beta-token-745	fail	8125.97	route render route render
9719	worker-alpha-746	fail	6824.08	parser beta kappa epsilon worker
9720	queue-parser-747	warn	672.69	theta omega alpha
9721	kappa-zeta-748	warn	2827.19	lambda gamma worker cache lambda
9722	gamma-cache-749	fail	147.61	socket cache theta queue
9723	alpha-theta-750	fail	4214.29	beta parser
9724	stream-sigma-751	ok	2151.16	kappa zeta delta
9725	beta-index-752	fail	3461.42	theta parser
9726	render-beta-753	fail	2918.40	route index worker
9727	epsilon-stream-754	fail	2914.69	parser gamma beta index delta
9728	token-worker-755	ok	4330.87	epsilon cache index socket
9729	zeta-route-756	warn	9132.10	route index
9730	render-route-757	fail	2228.87	delta stream token cache kappa
9731	epsilon-beta-758	skip	5551.68	stream token render parser
9732	sigma-alpha-759	ok	21.82	zeta gamma gamma socket kappa
9733	lambda-beta-760	warn	479.07	index epsilon delta cache
9734	delta-beta-761	warn	9896.35	gamma lambda token kappa worker
9735	parser-sigma-762	ok	8243.32	alpha kappa gamma gamma
9736	stream-omega-763	warn	6153.57	queue worker zeta
9737	sigma-render-764	fail	5851.11	sigma worker token
9738	cache-kappa-765	skip	6609.00	socket socket cache zeta
9739	alpha-socket-766	warn	216.23	kappa parser
9740	parser-lambda-767	warn	1452.21	omega alpha lambda
9741	render-queue-768	skip	8585.96	cache socket sigma sigma
9742	route-socket-769	skip	3280.63	queue theta lambda lambda zeta
9743	index-gamma-770	fail	715.86	beta worker zeta
9744	alpha-stream-771	ok	4437.16	lambda theta
9745	sigma-omega-772	skip	4469.46	gamma kappa parser kappa alpha
9746	queue-zeta-773	warn	2423.74	omega alpha delta
9747	sigma-omega-774	ok	7663.52	stream sigma cache queue
9748	lambda-worker-775	fail	5361.21	index stream sigma parser render
9749	socket-queue-776	fail	5020.30	alpha gamma kappa
9750	render-worker-777	warn	91.54	beta parser sigma
9751	socket-cache-778	skip	8049.29	parser delta
9752	route-parser-779	fail	5537.71	omega socket stream delta worker
9753	parser-route-780	warn	7022.26	zeta socket beta gamma omega
9754	theta-sigma-781	warn	4565.83	token parser kappa zeta
9755	cache-omega-782	warn	8584.77	omega delta zeta route
9756	render-index-783	skip	9010.25	worker beta
9757	epsilon-parser-784	ok	1616.62	beta epsilon sigma index delta
9758	zeta-delta-785	fail	2677.86	socket route cache
9759	parser-zeta-786	fail	2257.86	worker epsilon theta index
9760	token-epsilon-787	fail	8306.86	sigma omega beta delta
9761	index-worker-788	skip	7338.93	render zeta render cache
9762	cache-render-789	skip	327.55	parser render beta theta
9763	lambda-lambda-790	skip	8639.12	epsilon render delta
9764	omega-alpha-791	skip	8769.18	omega delta delta stream
9765	sigma-delta-792	skip	8717.35	cache render delta
9766	cache-kappa-793	skip	4595.02	token cache theta kappa
9767	kappa-gamma-794	ok	2535.37	zeta sigma stream epsilon
9768	stream-token-795	ok	8122.22	beta parser lambda
9769	token-delta-796	fail	8599.73	queue gamma
9770	route-gamma-797	skip	2438.81	gamma socket queue
9771	parser-delta-798	fail	3587.34	delta worker alpha sigma index
9772	lambda-alpha-799	fail	7327.16	socket worker
9773	render-worker-800	ok	4683.39	stream omega token beta
9774	alpha-queue-801	skip	1441.35	omega parser zeta index gamma
9775	omega-cache-802	ok	2581.44	cache epsilon socket alpha render
9776	socket-alpha-803	warn	6946.53	route route delta
9777	beta-epsilon-804	ok	913.50	theta theta omega
9778	stream-cache-805	skip	1574.73	route zeta token
9779	socket-token-806	fail	6592.96	lambda omega
9780	queue-sigma-807	skip	5235.26	kappa theta parser index
9781	stream-sigma-808	warn	4592.22	route stream epsilon socket theta
9782	cache-sigma-809	skip	1696.36	parser epsilon token alpha socket
9783	epsilon-omega-810	skip	4411.50	theta beta lambda parser
9784	route-theta-811	fail	1624.12	gamma kappa
9785	render-stream-812	fail	4114.38	delta epsilon socket zeta
9786	omega-token-813	warn	8829.98	theta alpha
9787	render-token-814	skip	5456.55	index gamma lambda render index
9788	theta-cache-815	skip	7092.85	token delta route parser epsilon
9789	token-gamma-816	ok	695.40	delta route stream
9790	socket-gamma-817	fail	9099.44	cache theta parser zeta worker
9791	alpha-worker-818	warn	6320.43	render sigma stream
9792	sigma-socket-819	warn	424.46	alpha kappa theta zeta
9793	route-queue-820	warn	6060.88	token kappa omega theta alpha
9794	delta-kappa-821	fail	551.70	socket delta beta omega
9795	epsilon-worker-822	ok	9418.03	sigma theta lambda cache
9796	gamma-delta-823	warn	8745.29	theta stream sigma
9797	worker-omega-824	skip	913.24	epsilon epsilon queue kappa
9798	parser-omega-825	skip	462.60	theta zeta alpha
9799	theta-kappa-826	skip	8750.55	socket alpha
9800	zeta-index-827	ok	3515.01	parser lambda queue
9801	lambda-beta-828	fail	4759.50	socket route
9802	cache-parser-829	fail	8656.84	socket kappa lambda
9803	stream-gamma-830	skip	7781.89	omega alpha cache queue route
9804	route-beta-831	warn	3646.93	beta worker theta omega theta
9805	omega-omega-832	ok	4808.28	omega sigma cache
9806	zeta-route-833	fail	9912.10	lambda epsilon sigma
9807	worker-zeta-834	skip	4296.24	kappa omega
9808	route-stream-835	warn	1386.93	route socket stream
9809	index-alpha-836	skip	6517.66	zeta socket epsilon theta
9810	beta-route-837	fail	1833.41	kappa omega alpha
9811	cache-zeta-838	fail	4371.07	token kappa
9812	parser-alpha-839	ok	2012.81	omega render sigma
9813	epsilon-parser-840	fail	8726.74	kappa worker worker
9814	zeta-kappa-841	warn	4506.50	queue index alpha
9815	gamma-kappa-842	ok	5657.61	delta queue zeta
9816	route-omega-843	skip	3524.12	socket beta
9817	index-token-844	skip	2057.98	lambda token worker
9818	epsilon-epsilon-845	warn	6704.34	worker queue alpha
9819	index-cache-846	ok	7043.02	delta alpha sigma delta
9820	zeta-socket-847	ok	9927.45	queue epsilon
9821	kappa-worker-848	warn	4810.21	worker gamma
9822	parser-epsilon-849	warn	7341.12	token socket sigma
9823	theta-lambda-850	skip	9689.58	render kappa route
9824	token-beta-851	ok	7289.43	beta kappa render index
9825	render-lambda-852	fail	1551.15	index theta omega
9826	kappa-socket-853	ok	2845.95	lambda omega sigma sigma kappa
9827	cache-route-854	warn	1742.40	beta index index
9828	cache-worker-855	skip	4987.55	socket kappa worker stream socket
9829	cache-index-856	ok	1789.80	stream epsilon zeta queue token
9830	sigma-cache-857	fail	5001.34	theta index theta kappa parser
9831	beta-render-858	skip	1954.96	worker stream
9832	omega-lambda-859	warn	2052.04	route route stream
9833	worker-stream-860	ok	2706.89	delta socket
9834	token-lambda-861	ok	7296.58	worker token queue
9835	lambda-index-862	skip	5792.73	zeta alpha cache socket
9836	kappa-omega-863	skip	5290.28	sigma zeta kappa theta sigma
9837	token-gamma-864	fail	5355.25	theta token omega token
9838	lambda-lambda-865	ok	210.85	kappa gamma epsilon
9839	alpha-parser-866	warn	1778.12	socket cache token alpha index
9840	alpha-epsilon-867	skip	1389.33	route cache index cache parser
9841	index-lambda-868	ok	2274.15	theta socket
9842	queue-socket-869	skip	1234.48	kappa sigma lambda
9843	theta-gamma-870	warn	5980.39	worker delta kappa
9844	index-zeta-871	skip	6144.60	socket worker lambda render
9845	queue-cache-872	warn	9837.45	socket kappa route cache gamma
9846	epsilon-queue-873	ok	5548.74	delta token
9847	gamma-worker-874	fail	7878.52	delta queue
9848	worker-worker-875	warn	2734.01	lambda omega
9849	epsilon-cache-876	fail	8168.95	token lambda theta theta worker
9850	zeta-render-877	skip	6576.22	token beta
9851	lambda-theta-878	skip	7177.06	alpha lambda
9852	epsilon-gamma-879	ok	3501.76	stream theta parser delta zeta
9853	parser-kappa-880	ok	6887.55	zeta parser token kappa
9854	token-kappa-881	skip	3017.24	kappa parser worker queue cache
9855	sigma-beta-882	skip	1930.80	socket stream zeta epsilon
9856	epsilon-parser-883	warn	2539.95	kappa socket
9857	lambda-beta-884	skip	7168.36	worker render worker parser theta
9858	socket-zeta-885	ok	167.81	beta index
9859	kappa-stream-886	skip	7749.79	theta sigma theta zeta delta
9860	alpha-index-887	ok	8524.34	stream stream
9861	token-alpha-888	ok	1322.27	beta parser epsilon delta lambda
9862	zeta-render-889	skip	8471.51	theta token lambda worker
9863	worker-epsilon-890	warn	6689.11	epsilon theta route lambda
9864	cache-render-891	fail	6929.42	alpha alpha token cache
9865	parser-parser-892	warn	670.58	beta gamma render sigma
9866	render-render-893	warn	6326.61	kappa socket
9867	token-epsilon-894	ok	4339.79	socket kappa queue
9868	cache-gamma-895	ok	8560.74	token token omega gamma socket
9869	queue-sigma-896	skip	8932.27	epsilon lambda
9870	socket-beta-897	skip	2896.60	stream socket socket
9871	stream-parser-898	warn	3436.80	lambda epsilon omega
9872	kappa-queue-899	fail	8279.93	worker sigma delta
9873	gamma-delta-900	warn	889.40	theta delta queue
9874	route-beta-901	warn	4351.26	omega route
9875	epsilon-stream-902	warn	2757.66	sigma route beta cache
9876	render-sigma-903	warn	5410.01	index sigma omega
9877	route-parser-904	warn	5280.86	alpha route
9878	socket-index-905	fail	1656.10	cache token render
9879	gamma-worker-906	fail	6923.39	queue index
9880	token-alpha-907	skip	1837.60	sigma stream lambda worker sigma
9881	kappa-render-908	warn	9703.39	cache sigma token omega cache
9882	queue-queue-909	fail	2400.31	index socket token
9883	theta-parser-910	skip	1237.39	route parser render sigma
9884	epsilon-theta-911	fail	8950.32	kappa theta beta zeta token
9885	route-kappa-912	fail	2279.55	alpha gamma
9886	index-render-913	fail	428.48	gamma epsilon
9887	epsilon-queue-914	warn	4978.28	gamma stream stream delta
9888	delta-kappa-915	warn	7076.65	theta token
9889	lambda-delta-916	skip	5773.42	queue stream theta alpha stream
9890	route-kappa-917	warn	5354.93	sigma gamma parser
9891	delta-kappa-918	warn	8017.31	zeta delta worker cache lambda
9892	epsilon-gamma-919	fail	8139.73	socket sigma beta
9893	zeta-render-920	ok	5531.86	queue socket socket gamma
9894	queue-zeta-921	warn	6355.22	zeta kappa cache stream
9895	token-delta-922	fail	4512.08	alpha cache alpha omega
9896	cache-cache-923	warn	9400.91	cache parser
9897	delta-sigma-924	ok	7240.12	index delta index
9898	beta-sigma-925	fail	4449.91	beta render queue render lambda
9899	beta-socket-926	fail	3036.94	alpha lambda sigma
9900	alpha-sigma-927	fail	7072.31	theta parser theta socket stream
9901	worker-route-928	skip	2466.83	worker sigma sigma
9902	socket-worker-929	warn	3735.87	kappa socket sigma epsilon render
9903	queue-epsilon-930	skip	5603.67	route zeta lambda index kappa
9904	alpha-stream-931	fail	5971.43	render omega worker render
9905	zeta-omega-932	fail	1593.93	zeta socket sigma
9906	queue-stream-933	fail	9337.67	theta gamma
9907	sigma-sigma-934	ok	7595.87	gamma omega
9908	stream-alpha-935	skip	7228.13	index queue socket
9909	alpha-lambda-936	fail	8425.18	render queue
9910	gamma-theta-937	ok	7221.20	theta lambda theta beta worker
9911	delta-sigma-938	ok	7697.56	socket token
9912	kappa-lambda-939	warn	7623.53	zeta kappa gamma
9913	lambda-index-940	fail	2396.25	zeta worker token
9914	theta-theta-941	fail	923.27	cache index kappa parser
9915	zeta-epsilon-942	warn	7931.02	zeta sigma stream index
9916	lambda-alpha-943	skip	7886.29	render token stream
9917	omega-render-944	fail	6231.41	queue theta gamma
9918	epsilon-queue-945	fail	4135.97	gamma lambda socket beta
9919	cache-theta-946	fail	7344.49	kappa gamma cache cache epsilon
9920	beta-stream-947	ok	6774.50	stream alpha
9921	lambda-lambda-948	ok	7992.51	theta route render stream parser
9922	queue-route-949	skip	9586.80	stream socket lambda
9923	stream-beta-950	fail	2480.52	kappa queue gamma
9924	lambda-kappa-951	skip	1981.88	token socket sigma
9925	theta-beta-952	skip	6231.20	cache sigma sigma
9926	route-cache-953	ok	5074.59	stream socket alpha delta
9927	parser-cache-954	warn	498.98	cache queue cache epsilon theta
9928	omega-index-955	warn	3158.01	alpha epsilon beta theta
9929	gamma-cache-956	warn	1203.89	epsilon delta
9930	theta-beta-957	ok	4815.49	socket token theta alpha
9931	lambda-cache-958	skip	1576.27	zeta alpha delta
9932	route-delta-959	fail	9865.45	sigma lambda theta
9933	worker-zeta-960	skip	9742.39	kappa cache
9934	index-sigma-961	skip	3901.46	omega omega render epsilon worker
9935	lambda-token-962	skip	9674.55	alpha omega token
9936	parser-lambda-963	skip	8550.94	kappa route
9937	queue-kappa-964	skip	9228.02	omega parser theta
9938	cache-token-965	fail	3527.36	token theta sigma
9939	socket-delta-966	ok	3207.06	alpha epsilon theta
9940	parser-socket-967	skip	9861.18	token beta parser
9941	parser-kappa-968	skip	8935.28	route stream sigma
9942	route-lambda-969	fail	5100.65	gamma render zeta
9943	socket-render-970	warn	7317.47	lambda sigma worker
9944	token-stream-971	warn	6561.73	stream omega socket
9945	parser-route-972	skip	1750.07	sigma socket parser
9946	gamma-queue-973	fail	7182.74	parser alpha
9947	index-token-974	fail	1028.95	zeta worker kappa route token
9948	beta-kappa-975	warn	194.56	epsilon gamma alpha
9949	stream-route-976	skip	8888.10	gamma socket omega
9950	queue-alpha-977	skip	59.76	alpha index socket delta
9951	worker-socket-978	fail	811.38	sigma theta
9952	token-theta-979	warn	9560.57	gamma theta theta delta token
9953	gamma-parser-980	fail	8148.62	delta stream
9954	gamma-parser-981	warn	8927.66	epsilon zeta alpha
9955	kappa-route-982	warn	1265.48	queue lambda cache token socket
9956	alpha-lambda-983	fail	5820.00	omega socket
9957	stream-token-984	ok	1546.25	queue stream alpha kappa kappa
9958	delta-parser-985	skip	2845.28	stream epsilon alpha
9959	token-beta-986	ok	612.93	index zeta lambda
9960	stream-queue-987	warn	6780.51	stream socket theta delta zeta
9961	lambda-worker-988	ok	590.44	epsilon stream beta socket token
9962	queue-beta-989	fail	1209.49	theta gamma
9963	token-render-990	fail	2621.97	token index cache cache
9964	route-theta-991	skip	1772.30	render gamma gamma
9965	kappa-token-992	ok	747.59	worker token render
9966	gamma-sigma-993	ok	1006.66	stream stream worker stream
9967	epsilon-gamma-994	warn	7578.80	zeta gamma theta index
9968	delta-lambda-995	ok	4812.78	cache alpha
9969	lambda-kappa-996	skip	2064.93	beta parser theta lambda gamma
9970	gamma-omega-0	ok	7157.21	delta lambda lambda render
9971	theta-sigma-1	fail	1761.15	epsilon alpha socket index
9972	beta-alpha-2	fail	8553.59	stream epsilon cache worker beta
9973	queue-alpha-3	ok	988.34	cache sigma theta gamma
9974	queue-omega-4	skip	9359.18	alpha theta socket cache
9975	omega-gamma-5	skip	4159.09	socket token
9976	gamma-lambda-6	fail	3559.06	theta lambda alpha
9977	kappa-parser-7	warn	4224.05	index epsilon parser omega gamma
9978	queue-gamma-8	warn	4958.42	epsilon token sigma beta gamma
9979	render-worker-9	ok	2866.60	gamma stream gamma omega
9980	kappa-sigma-10	fail	7942.44	zeta cache parser
9981	parser-gamma-11	warn	22.46	kappa route omega
9982	delta-stream-12	warn	5984.02	omega route parser beta
9983	worker-theta-13	warn	5833.49	kappa gamma alpha
9984	omega-gamma-14	ok	6160.99	worker queue
9985	gamma-socket-15	ok	5309.28	route theta beta parser route
9986	stream-omega-16	skip	5264.92	epsilon beta alpha socket
9987	socket-route-17	ok	7857.15	queue parser omega render
9988	cache-epsilon-18	warn	4026.17	cache cache beta
9989	kappa-zeta-19	fail	5769.22	theta worker epsilon
9990	cache-theta-20	warn	6170.31	token worker omega epsilon omega
9991	delta-zeta-21	skip	7516.27	delta zeta
9992	parser-socket-22	ok	4008.63	epsilon zeta kappa delta
9993	sigma-parser-23	ok	3355.47	epsilon lambda delta route worker
9994	route-stream-24	fail	5472.17	index theta kappa
9995	sigma-stream-25	fail	3275.81	route socket theta alpha lambda
9996	kappa-stream-26	skip	6275.75	delta cache
9997	omega-gamma-27	fail	3472.09	token index
9998	socket-kappa-28	warn	2214.96	index socket
9999	route-stream-29	fail	5487.71	sigma stream cache zeta render
